"configuration","problem","model","data_file","status","time","flatTime","intVars","peakDepth","method","baseMem","boolVariables","blockType","oracleDecisions","nogoods","paths","evaluatedReifiedConstraints","peakMem","evaluatedHalfReifiedConstraints","objectiveBound","backjumps","userDecisions","objective","nodes","initTime","trailMem","flatIntVars","flatBoolVars","flatBoolConstraints","failures","propagations","run","extractedViews","flatIntConstraints","variables","randomSeed","solveTime","restarts","propagators","nSolutions","optTime","intVariables","unifiedVariables","solutions"
"gecode","","../container-loading/container-loading.mzn","../container-loading/cl01.dzn","UNKNOWN","1200.9352933000773","1.65939","","157","minimize","","","","","","0","","","29700","","","","","3242090","0.264755","","605","29700","4950","1620988","3298405116","results_container_new","","30098","30305","","1198.34","0","35048","0","","","","0"
"Huub_user_s+o","","../container-loading/container-loading.mzn","../container-loading/cl09.dzn","SATISFIED","1200.3292102729902","0.158835","","3511","minimize","","","complete","312248","","0","2688","","","","","0","12636","","0.044963","","1205","1728","960","146626","12547504","results_container_new","600","1758","","","1199.853054","0","2118","40","","605","0",""
"Huub_user_diffn","","../container-loading/container-loading.mzn","../container-loading/cl15.dzn","SATISFIED","1200.3152928408235","0.179328","","4718","minimize","","","complete","257047","","0","3360","","","","","0","18648","","0.063886","","1505","2160","1200","65672","6807827","results_container_new","750","2196","","","1199.772845","0","2646","39","","755","0",""
"Huub_user_basic","","../container-loading/container-loading.mzn","../container-loading/cl06.dzn","SATISFIED","1200.4350200621411","0.162278","","1321","minimize","","","complete","191403","","0","2688","","","","","0","10976","","0.04189","","1205","1728","960","126756","9159919","results_container_new","600","1758","","","1199.921578","0","2118","28","","605","0",""
"chuffed","","../container-loading/container-loading.mzn","../container-loading/cl01.dzn","SATISFIED","1201.2095099417493","1.6936","899","598","minimize","0.0","79494","","","2310951","0","30327","0.0","","","1662717","","4320","4000888","0.414","0.63","899","30234","5415","2310951","5248885202","results_container_new","","30740","80395","406766617","1198.303","64","61089","64","1104.989","","",""
"gecode","","../container-loading/container-loading.mzn","../container-loading/cl14.dzn","UNKNOWN","1201.2381032695994","2.45243","","238","minimize","","","","","","0","","","42840","","","","","1788124","0.378543","","725","42840","7140","893968","2822282211","results_container_new","","43319","43565","","1197.55","0","50459","0","","","","0"
"Huub_user_m+s","","../container-loading/container-loading.mzn","../container-loading/cl07.dzn","SATISFIED","1200.2916262634099","0.171855","","2944","minimize","","","complete","163147","","0","2688","","","","","0","11088","","0.041998","","1205","1728","960","98897","8952369","results_container_new","600","1758","","","1199.910341","0","2118","33","","605","0",""
"Huub_user_m+s","","../container-loading/container-loading.mzn","../container-loading/cl15.dzn","SATISFIED","1200.218542110175","0.17954","","4608","minimize","","","complete","289038","","0","3360","","","","","0","18144","","0.060797","","1505","2160","1200","65586","5160369","results_container_new","750","2196","","","1199.804589","0","2646","45","","755","0",""
"Huub_user_decomp","","../container-loading/container-loading.mzn","../container-loading/cl15.dzn","SATISFIED","1203.9779076520354","10.2798","","62625","minimize","","","complete","6613312","","0","3360","","186701","","","0","15120","","2.250389","","1505","188861","32325","947102","2621254707","results_container_new","750","188896","","","1187.677964","0","189346","71","","755","0",""
"gecode","","../container-loading/container-loading.mzn","../container-loading/cl07.dzn","UNKNOWN","1203.2422772189602","6.77161","","","minimize","","","","","","0","","","119400","","","","","","","","1205","119400","19900","","","results_container_new","","120197","","","","","","0","","","",""
"gecode","","../container-loading/container-loading.mzn","../container-loading/cl06.dzn","UNKNOWN","1203.2096378868446","6.8954","","","minimize","","","","","","0","","","119400","","","","","","","","1205","119400","19900","","","results_container_new","","120197","","","","","","0","","","",""
"Huub_user_decomp","","../container-loading/container-loading.mzn","../container-loading/cl03.dzn","SATISFIED","1202.5796057293192","6.46514","","42602","minimize","","","complete","4955755","","0","2688","","119378","","","0","6664","","1.454448","","1205","121106","20860","1110189","1878893581","results_container_new","600","121135","","","1192.212487","0","121495","63","","605","0",""
"Huub_user_basic","","../container-loading/container-loading.mzn","../container-loading/cl09.dzn","SATISFIED","1200.2252756673843","0.161431","","3541","minimize","","","complete","395545","","0","2688","","","","","0","11704","","0.044532","","1205","1728","960","159311","10419988","results_container_new","600","1758","","","1199.848957","0","2118","63","","605","0",""
"Huub_user_diffn","","../container-loading/container-loading.mzn","../container-loading/cl07.dzn","SATISFIED","1200.2716890173033","0.157768","","1105","minimize","","","complete","123219","","0","2688","","","","","0","10472","","0.04156","","1205","1728","960","72773","5224520","results_container_new","600","1758","","","1199.869385","0","2118","31","","605","0",""
"chuffed","","../container-loading/container-loading.mzn","../container-loading/cl06.dzn","SATISFIED","1203.2096496773884","7.05901","","","minimize","","","","","","0","120744","","","","","","20520","","","","1799","120552","20860","","","results_container_new","","121559","","","","","","19","","","",""
"Huub_user_s+o","","../container-loading/container-loading.mzn","../container-loading/cl04.dzn","SATISFIED","1200.160207113251","0.115532","","794","minimize","","","complete","659135","","0","1302","","","","","0","3240","","0.022055","","605","837","465","594492","35353702","results_container_new","300","864","","","1199.874863","0","1029","37","","305","0",""
"chuffed","","../container-loading/container-loading.mzn","../container-loading/cl12.dzn","SATISFIED","1201.5455704750493","2.47921","1079","711","minimize","0.0","109099","","","1698524","0","43638","0.0","","","995957","","10800","2713883","0.572","0.94","1079","43524","7710","1698524","8948878249","results_container_new","","44129","110180","2089319340","1197.517","33","87786","33","148.63","","",""
"Huub_user_diffn","","../container-loading/container-loading.mzn","../container-loading/cl14.dzn","SATISFIED","1200.222653966397","0.131649","","591","minimize","","","complete","288306","","0","1596","","","","","0","5434","","0.028203","","725","1026","570","253201","16775690","results_container_new","360","1050","","","1199.856129","0","1260","18","","365","0",""
"Huub_user_no_gen_bounds","","../container-loading/container-loading.mzn","../container-loading/cl03.dzn","SATISFIED","1200.3292761882767","0.16037","","3505","minimize","","","complete","161932","","0","2688","","","","","0","7560","","0.041751","","1205","1728","960","80516","5039931","results_container_new","600","1758","","","1199.82752","0","2118","38","","605","0",""
"Huub_user_decomp","","../container-loading/container-loading.mzn","../container-loading/cl05.dzn","SATISFIED","1201.038297395222","2.27025","","14425","minimize","","","complete","3794616","","0","1596","","42828","","","0","4640","","0.488142","","725","43854","7710","1902963","1904681818","results_container_new","360","43877","","","1197.281997","0","44087","43","","365","0",""
"gecode","","../container-loading/container-loading.mzn","../container-loading/cl05.dzn","UNKNOWN","1201.26806762442","2.48097","","209","minimize","","","","","","0","","","42840","","","","","1750436","0.388401","","725","42840","7140","875140","2906352221","results_container_new","","43319","43565","","1197.52","0","50459","0","","","","0"
"cp-sat","","../container-loading/container-loading.mzn","../container-loading/cl09.dzn","SATISFIED","1202.1916411770508","6.93572","","","minimize","","119554","","","","0","1344","","119400","225","","","12852","","","","1205","120552","20860","478","2170267","results_container_new","","120965","","","52.2656","","","1","","","",""
"gecode","","../container-loading/container-loading.mzn","../container-loading/cl13.dzn","UNKNOWN","1201.4101639678702","2.84269","","221","minimize","","","","","","0","","","50310","","","","","1200849","0.447469","","785","50310","8385","600360","2227377846","results_container_new","","50828","51095","","1197.16","0","59213","0","","","","0"
"cp-sat","","../container-loading/container-loading.mzn","../container-loading/cl12.dzn","SATISFIED","1200.9560134988278","2.40248","","","minimize","","42958","","","","0","798","","42840","96","","","5376","","","","725","43524","7710","434","4627548","results_container_new","","43775","","","26.8674","","","4","","","",""
"Huub_user_m+o","","../container-loading/container-loading.mzn","../container-loading/cl03.dzn","SATISFIED","1200.310320917517","0.164077","","3429","minimize","","","complete","166507","","0","2688","","","","","0","7488","","0.043324","","1205","1728","960","67250","5851297","results_container_new","600","1758","","","1199.827194","0","2118","45","","605","0",""
"chuffed","","../container-loading/container-loading.mzn","../container-loading/cl11.dzn","SATISFIED","1201.1613120194525","1.76106","899","646","minimize","0.0","81998","","","2430934","0","30358","0.0","","","972470","","6240","3422353","0.414","0.63","899","30264","5420","2430934","4723924273","results_container_new","","30769","82899","-1679086100","1198.236","39","61146","39","199.543","","",""
"Huub_user_s+o","","../container-loading/container-loading.mzn","../container-loading/cl10.dzn","SATISFIED","1200.3568845940754","0.186283","","4457","minimize","","","complete","290367","","0","3388","","","","","0","16320","","0.059889","","1505","2178","1210","62948","6012963","results_container_new","750","2208","","","1199.873761","0","2668","44","","755","0",""
"Huub_user_decomp","","../container-loading/container-loading.mzn","../container-loading/cl11.dzn","SATISFIED","1200.7151285028085","1.66071","","10847","minimize","","","complete","3615360","","0","1316","","29700","","","0","5040","","0.353349","","605","30546","5420","2035251","1581499159","results_container_new","300","30569","","","1198.015458","0","30739","32","","305","0",""
"Huub_user_diffn","","../container-loading/container-loading.mzn","../container-loading/cl13.dzn","SATISFIED","1200.2806099420413","0.127904","","914","minimize","","","complete","264748","","0","1722","","","","","0","7840","","0.027986","","785","1107","615","218984","14167958","results_container_new","390","1134","","","1199.971369","0","1359","31","","395","0",""
"Huub_user_s+o","","../container-loading/container-loading.mzn","../container-loading/cl11.dzn","SATISFIED","1200.2303492398933","0.118817","","697","minimize","","","complete","545590","","0","1316","","","","","0","5115","","0.023893","","605","846","470","486485","31732404","results_container_new","300","870","","","1199.869421","0","1040","37","","305","0",""
"Huub_user_no_gen_bounds","","../container-loading/container-loading.mzn","../container-loading/cl14.dzn","SATISFIED","1200.159293519333","0.123023","","738","minimize","","","complete","366409","","0","1596","","","","","0","5292","","0.025994","","725","1026","570","310293","13215955","results_container_new","360","1050","","","1199.859595","0","1260","41","","365","0",""
"Huub_user_no_gen_bounds","","../container-loading/container-loading.mzn","../container-loading/cl01.dzn","SATISFIED","1200.1683708317578","0.118099","","629","minimize","","","complete","394242","","0","1302","","","","","0","3952","","0.022387","","605","837","465","346584","14391938","results_container_new","300","864","","","1199.866898","0","1029","36","","305","0",""
"Huub_user_decomp","","../container-loading/container-loading.mzn","../container-loading/cl06.dzn","SATISFIED","1202.490618380718","6.43198","","38412","minimize","","","complete","3838714","","0","2688","","119400","","","0","9792","","1.448383","","1205","121128","20860","1108252","1971524237","results_container_new","600","121157","","","1192.240754","0","121517","37","","605","0",""
"Huub_user_diffn","","../container-loading/container-loading.mzn","../container-loading/cl04.dzn","SATISFIED","1200.1995344981551","0.115642","","651","minimize","","","complete","465480","","0","1302","","","","","0","3306","","0.022737","","605","837","465","412639","26111802","results_container_new","300","864","","","1199.876443","0","1029","34","","305","0",""
"Huub_user_basic","","../container-loading/container-loading.mzn","../container-loading/cl05.dzn","SATISFIED","1200.2988477041945","0.128575","","836","minimize","","","complete","449875","","0","1596","","","","","0","4968","","0.025757","","725","1026","570","396628","22158063","results_container_new","360","1050","","","1199.88743","0","1260","36","","365","0",""
"Huub_user_s+o","","../container-loading/container-loading.mzn","../container-loading/cl05.dzn","SATISFIED","1200.2571253320202","0.122796","","769","minimize","","","complete","438702","","0","1596","","","","","0","5040","","0.026105","","725","1026","570","378191","24575953","results_container_new","360","1050","","","1199.858441","0","1260","32","","365","0",""
"Huub_user_basic","","../container-loading/container-loading.mzn","../container-loading/cl14.dzn","SATISFIED","1200.160485908389","0.122695","","905","minimize","","","complete","460156","","0","1596","","","","","0","5376","","0.026391","","725","1026","570","403678","25820585","results_container_new","360","1050","","","1199.868694","0","1260","34","","365","0",""
"Huub_user_m+s","","../container-loading/container-loading.mzn","../container-loading/cl02.dzn","SATISFIED","1200.2474459921941","0.161724","","1300","minimize","","","complete","147722","","0","2688","","","","","0","7560","","0.039775","","1205","1728","960","93811","6981405","results_container_new","600","1758","","","1199.881837","0","2118","27","","605","0",""
"Huub_user_m+o","","../container-loading/container-loading.mzn","../container-loading/cl01.dzn","SATISFIED","1200.2512515960261","0.120562","","672","minimize","","","complete","333758","","0","1302","","","","","0","4131","","0.025021","","605","837","465","290288","18069306","results_container_new","300","864","","","1199.860683","0","1029","34","","305","0",""
"Huub_user_diffn","","../container-loading/container-loading.mzn","../container-loading/cl08.dzn","SATISFIED","1200.2259370191023","0.137048","","2491","minimize","","","complete","310777","","0","1736","","","","","0","4864","","0.029684","","785","1116","620","245324","17470002","results_container_new","390","1140","","","1199.87763","0","1370","41","","395","0",""
"Huub_user_m+o","","../container-loading/container-loading.mzn","../container-loading/cl12.dzn","SATISFIED","1200.2286101402715","0.123414","","832","minimize","","","complete","358954","","0","1596","","","","","0","5890","","0.026095","","725","1026","570","304269","19637145","results_container_new","360","1050","","","1199.873341","0","1260","34","","365","0",""
"chuffed","","../container-loading/container-loading.mzn","../container-loading/cl08.dzn","SATISFIED","1201.7771074920893","2.84711","1169","791","minimize","0.0","121829","","","1599676","0","51178","0.0","","","617224","","16200","2232131","0.675","1.41","1169","51054","9005","1599676","7895690690","results_container_new","","51709","123000","-1567562393","1197.151","23","102906","23","497.87","","",""
"Huub_user_m+s","","../container-loading/container-loading.mzn","../container-loading/cl03.dzn","SATISFIED","1200.5276409704238","0.173641","","3373","minimize","","","complete","191336","","0","2688","","","","","0","7280","","0.043543","","1205","1728","960","106769","7806349","results_container_new","600","1758","","","1199.968549","0","2118","41","","605","0",""
"Huub_user_m+s","","../container-loading/container-loading.mzn","../container-loading/cl10.dzn","SATISFIED","1200.3267175350338","0.180157","","7114","minimize","","","complete","295322","","0","3388","","","","","0","16848","","0.057967","","1505","2178","1210","62057","5515229","results_container_new","750","2208","","","1199.849613","0","2668","44","","755","0",""
"chuffed","","../container-loading/container-loading.mzn","../container-loading/cl07.dzn","UNKNOWN","1203.2329791830853","7.03916","","","minimize","","","","","","0","120744","","","","","","","","","","1799","120552","20860","","","results_container_new","","121559","","","","","","0","","","",""
"Huub_user_s+o","","../container-loading/container-loading.mzn","../container-loading/cl14.dzn","SATISFIED","1200.1670816754922","0.123433","","725","minimize","","","complete","469170","","0","1596","","","","","0","5400","","0.027538","","725","1026","570","404777","27089933","results_container_new","360","1050","","","1199.864563","0","1260","37","","365","0",""
"Huub_user_m+s","","../container-loading/container-loading.mzn","../container-loading/cl06.dzn","SATISFIED","1200.2692771097645","0.158617","","1135","minimize","","","complete","137594","","0","2688","","","","","0","9996","","0.041526","","1205","1728","960","91700","6226973","results_container_new","600","1758","","","1199.852113","0","2118","25","","605","0",""
"Huub_user_m+o","","../container-loading/container-loading.mzn","../container-loading/cl06.dzn","SATISFIED","1200.2258756672964","0.171804","","1176","minimize","","","complete","115222","","0","2688","","","","","0","11088","","0.040948","","1205","1728","960","72299","5992897","results_container_new","600","1758","","","1199.843355","0","2118","25","","605","0",""
"Huub_user_decomp","","../container-loading/container-loading.mzn","../container-loading/cl12.dzn","SATISFIED","1200.964870840311","2.27634","","15289","minimize","","","complete","3516861","","0","1596","","42840","","","0","5760","","0.488597","","725","43866","7710","1709468","1713336876","results_container_new","360","43889","","","1197.271765","0","44099","36","","365","0",""
"gecode","","../container-loading/container-loading.mzn","../container-loading/cl02.dzn","UNKNOWN","1203.269948859699","6.89239","","","minimize","","","","","","0","","","119400","","","","","","","","1205","119400","19900","","","results_container_new","","120197","","","","","","0","","","",""
"cp-sat","","../container-loading/container-loading.mzn","../container-loading/cl06.dzn","SATISFIED","1202.192246175371","6.89914","","","minimize","","119543","","","","0","1344","","119400","180","","","9975","","","","1205","120552","20860","843","7253091","results_container_new","","120965","","","85.0851","","","2","","","",""
"Huub_user_no_gen_bounds","","../container-loading/container-loading.mzn","../container-loading/cl13.dzn","SATISFIED","1200.342692735605","0.12773","","802","minimize","","","complete","274775","","0","1722","","","","","0","7400","","0.0279","","785","1107","615","223658","9523775","results_container_new","390","1134","","","1199.884686","0","1359","39","","395","0",""
"gecode","","../container-loading/container-loading.mzn","../container-loading/cl09.dzn","UNKNOWN","1203.1850745268166","6.91725","","","minimize","","","","","","0","","","119400","","","","","","","","1205","119400","19900","","","results_container_new","","120197","","","","","","0","","","",""
"gecode","","../container-loading/container-loading.mzn","../container-loading/cl12.dzn","UNKNOWN","1201.3662195708603","2.44965","","209","minimize","","","","","","0","","","42840","","","","","1401195","0.391168","","725","42840","7140","700524","1645927352","results_container_new","","43319","43565","","1197.55","0","50459","0","","","","0"
"Huub_user_s+o","","../container-loading/container-loading.mzn","../container-loading/cl12.dzn","SATISFIED","1200.2609876710922","0.125196","","758","minimize","","","complete","453790","","0","1596","","","","","0","6076","","0.026292","","725","1026","570","392893","25818995","results_container_new","360","1050","","","1199.865783","0","1260","31","","365","0",""
"Huub_user_diffn","","../container-loading/container-loading.mzn","../container-loading/cl03.dzn","SATISFIED","1200.1950164707378","0.157567","","3384","minimize","","","complete","188863","","0","2688","","","","","0","7722","","0.041945","","1205","1728","960","83392","7639003","results_container_new","600","1758","","","1199.831834","0","2118","50","","605","0",""
"Huub_user_s+o","","../container-loading/container-loading.mzn","../container-loading/cl03.dzn","SATISFIED","1200.3926321920007","0.176959","","3557","minimize","","","complete","260831","","0","2688","","","","","0","7500","","0.043878","","1205","1728","960","162155","12901875","results_container_new","600","1758","","","1199.857901","0","2118","45","","605","0",""
"Huub_user_s+o","","../container-loading/container-loading.mzn","../container-loading/cl07.dzn","SATISFIED","1200.206149496138","0.1598","","1506","minimize","","","complete","211998","","0","2688","","","","","0","9800","","0.041569","","1205","1728","960","151524","12642983","results_container_new","600","1758","","","1199.836404","0","2118","29","","605","0",""
"gecode","","../container-loading/container-loading.mzn","../container-loading/cl15.dzn","UNKNOWN","1204.4974208241329","11.1583","","","minimize","","","","","","0","","","186750","","","","","","","","1505","186750","31125","","","results_container_new","","187745","","","","","","0","","","",""
"Huub_user_m+o","","../container-loading/container-loading.mzn","../container-loading/cl05.dzn","SATISFIED","1200.1785609666258","0.123392","","982","minimize","","","complete","337701","","0","1596","","","","","0","4800","","0.027277","","725","1026","570","287293","17540260","results_container_new","360","1050","","","1199.881651","0","1260","33","","365","0",""
"Huub_user_basic","","../container-loading/container-loading.mzn","../container-loading/cl04.dzn","SATISFIED","1200.2812674650922","0.114762","","677","minimize","","","complete","577959","","0","1302","","","","","0","3480","","0.022418","","605","837","465","524935","30041096","results_container_new","300","864","","","1199.883647","0","1029","29","","305","0",""
"Huub_user_basic","","../container-loading/container-loading.mzn","../container-loading/cl03.dzn","SATISFIED","1200.2997051477432","0.169979","","3429","minimize","","","complete","217659","","0","2688","","","","","0","7623","","0.04213","","1205","1728","960","119460","9367373","results_container_new","600","1758","","","1199.85457","0","2118","49","","605","0",""
"chuffed","","../container-loading/container-loading.mzn","../container-loading/cl09.dzn","UNKNOWN","1203.3713928209618","7.13778","","","minimize","","","","","","0","120744","","","","","","","","","","1799","120552","20860","","","results_container_new","","121559","","","","","","0","","","",""
"Huub_user_decomp","","../container-loading/container-loading.mzn","../container-loading/cl09.dzn","SATISFIED","1202.7078575668857","6.61814","","40846","minimize","","","complete","5015301","","0","2688","","119400","","","0","11340","","1.463887","","1205","121128","20860","1128902","1955546264","results_container_new","600","121157","","","1192.07296","0","121517","65","","605","0",""
"Huub_user_m+s","","../container-loading/container-loading.mzn","../container-loading/cl01.dzn","SATISFIED","1200.163514064625","0.117745","","539","minimize","","","complete","432128","","0","1302","","","","","0","4032","","0.022405","","605","837","465","386157","23088254","results_container_new","300","864","","","1199.869642","0","1029","39","","305","0",""
"chuffed","","../container-loading/container-loading.mzn","../container-loading/cl03.dzn","SATISFIED","1203.1708169775084","7.00769","","","minimize","","","","","","0","120744","","","","","","35910","","","","1799","120552","20860","","","results_container_new","","121559","","","","","","9","","","",""
"Huub_user_m+s","","../container-loading/container-loading.mzn","../container-loading/cl12.dzn","SATISFIED","1200.1834128880873","0.123258","","724","minimize","","","complete","391261","","0","1596","","","","","0","5760","","0.026726","","725","1026","570","340807","19825283","results_container_new","360","1050","","","1199.8811","0","1260","33","","365","0",""
"Huub_user_diffn","","../container-loading/container-loading.mzn","../container-loading/cl09.dzn","SATISFIED","1200.2979582175612","0.164524","","3620","minimize","","","complete","284977","","0","2688","","","","","0","12160","","0.045289","","1205","1728","960","110124","9901480","results_container_new","600","1758","","","1199.805977","0","2118","44","","605","0",""
"gecode","","../container-loading/container-loading.mzn","../container-loading/cl03.dzn","UNKNOWN","1203.1527636591345","6.81761","","","minimize","","","","","","0","","","119400","","","","","","","","1205","119400","19900","","","results_container_new","","120197","","","","","","0","","","",""
"Huub_user_s+o","","../container-loading/container-loading.mzn","../container-loading/cl06.dzn","SATISFIED","1200.301008800976","0.15998","","1502","minimize","","","complete","212394","","0","2688","","","","","0","10962","","0.041412","","1205","1728","960","159585","11437089","results_container_new","600","1758","","","1199.878172","0","2118","23","","605","0",""
"Huub_user_decomp","","../container-loading/container-loading.mzn","../container-loading/cl10.dzn","SATISFIED","1204.012716870755","10.4128","","61024","minimize","","","complete","5263381","","0","3388","","186750","","","0","15750","","2.268758","","1505","188928","32335","930638","2252251817","results_container_new","750","188957","","","1187.553183","0","189417","50","","755","0",""
"Huub_user_basic","","../container-loading/container-loading.mzn","../container-loading/cl11.dzn","SATISFIED","1200.2324112625793","0.116307","","630","minimize","","","complete","555085","","0","1316","","","","","0","5265","","0.023276","","605","846","470","493460","30861030","results_container_new","300","870","","","1199.881208","0","1040","40","","305","0",""
"Huub_user_m+o","","../container-loading/container-loading.mzn","../container-loading/cl13.dzn","SATISFIED","1200.2026816820726","0.126607","","914","minimize","","","complete","236241","","0","1722","","","","","0","7776","","0.02818","","785","1107","615","191670","11247899","results_container_new","390","1134","","","1199.894099","0","1359","30","","395","0",""
"cp-sat","","../container-loading/container-loading.mzn","../container-loading/cl04.dzn","SATISFIED","1200.7494443897158","1.74756","","","minimize","","30122","","","","0","651","","29700","90","","","5568","","","","605","30258","5415","328","2660720","results_container_new","","30470","","","11.54","","","2","","","",""
"chuffed","","../container-loading/container-loading.mzn","../container-loading/cl02.dzn","SATISFIED","1203.1560658710077","7.00478","","","minimize","","","","","","0","120744","","","","","","15225","","","","1799","120552","20860","","","results_container_new","","121559","","","","","","11","","","",""
"Huub_user_m+o","","../container-loading/container-loading.mzn","../container-loading/cl14.dzn","SATISFIED","1200.2529627438635","0.123459","","702","minimize","","","complete","327687","","0","1596","","","","","0","5320","","0.026281","","725","1026","570","278340","17903289","results_container_new","360","1050","","","1199.894321","0","1260","34","","365","0",""
"Huub_user_m+o","","../container-loading/container-loading.mzn","../container-loading/cl08.dzn","SATISFIED","1200.1810348704457","0.131772","","2525","minimize","","","complete","333373","","0","1736","","","","","0","4788","","0.029136","","785","1116","620","269640","17932317","results_container_new","390","1140","","","1199.857038","0","1370","38","","395","0",""
"chuffed","","../container-loading/container-loading.mzn","../container-loading/cl14.dzn","SATISFIED","1201.7590227648616","2.47217","1079","1175","minimize","0.0","110547","","","1376562","0","43638","0.0","","","763150","","14256","2158970","0.581","0.94","1079","43524","7710","1376562","7504928285","results_container_new","","44129","111628","-178313657","1197.576","30","87786","30","1197.498","","",""
"Huub_user_no_gen_bounds","","../container-loading/container-loading.mzn","../container-loading/cl12.dzn","SATISFIED","1200.1620212784037","0.125341","","827","minimize","","","complete","341726","","0","1596","","","","","0","6384","","0.026989","","725","1026","570","292986","12155349","results_container_new","360","1050","","","1199.855525","0","1260","33","","365","0",""
"Huub_user_basic","","../container-loading/container-loading.mzn","../container-loading/cl10.dzn","SATISFIED","1200.3359530419111","0.186808","","4534","minimize","","","complete","313945","","0","3388","","","","","0","16698","","0.05848","","1505","2178","1210","75753","6827625","results_container_new","750","2208","","","1199.831982","0","2668","50","","755","0",""
"gecode","","../container-loading/container-loading.mzn","../container-loading/cl04.dzn","UNKNOWN","1200.9354376271367","1.65924","","247","minimize","","","","","","0","","","29700","","","","","2304440","0.266571","","605","29700","4950","1152152","3269932593","results_container_new","","30098","30305","","1198.34","0","35048","0","","","","0"
"cp-sat","","../container-loading/container-loading.mzn","../container-loading/cl02.dzn","SATISFIED","1202.1807896010578","7.04446","","","minimize","","119546","","","","0","1366","","119378","144","","","8775","","","","1205","120552","20860","507","2292435","results_container_new","","120965","","","52.9413","","","1","","","",""
"Huub_user_no_gen_bounds","","../container-loading/container-loading.mzn","../container-loading/cl15.dzn","SATISFIED","1200.3074969248846","0.194603","","4440","minimize","","","complete","276757","","0","3360","","","","","0","17248","","0.058724","","1505","2160","1200","30592","3117484","results_container_new","750","2196","","","1199.755132","0","2646","52","","755","0",""
"Huub_user_m+o","","../container-loading/container-loading.mzn","../container-loading/cl09.dzn","SATISFIED","1200.2047561239451","0.157743","","3671","minimize","","","complete","274192","","0","2688","","","","","0","12992","","0.044111","","1205","1728","960","70472","5718819","results_container_new","600","1758","","","1199.844183","0","2118","53","","605","0",""
"Huub_user_decomp","","../container-loading/container-loading.mzn","../container-loading/cl08.dzn","SATISFIED","1201.1880845455453","2.82052","","17554","minimize","","","complete","3717674","","0","1736","","50310","","","0","4524","","0.577528","","785","51426","9005","1519604","1581416476","results_container_new","390","51449","","","1196.650946","0","51679","48","","395","0",""
"Huub_user_m+s","","../container-loading/container-loading.mzn","../container-loading/cl09.dzn","SATISFIED","1200.2545787505805","0.171215","","3667","minimize","","","complete","300377","","0","2688","","","","","0","11904","","0.043814","","1205","1728","960","88786","7373590","results_container_new","600","1758","","","1199.86423","0","2118","55","","605","0",""
"Huub_user_no_gen_bounds","","../container-loading/container-loading.mzn","../container-loading/cl04.dzn","SATISFIED","1200.158302246593","0.113646","","651","minimize","","","complete","481332","","0","1302","","","","","0","3312","","0.022304","","605","837","465","428813","18754708","results_container_new","300","864","","","1199.87821","0","1029","41","","305","0",""
"Huub_user_basic","","../container-loading/container-loading.mzn","../container-loading/cl15.dzn","SATISFIED","1200.3170133717358","0.180952","","5936","minimize","","","complete","278252","","0","3360","","","","","0","18240","","0.060114","","1505","2160","1200","72160","5970032","results_container_new","750","2196","","","1199.898915","0","2646","38","","755","0",""
"Huub_user_m+s","","../container-loading/container-loading.mzn","../container-loading/cl13.dzn","SATISFIED","1200.2869383869693","0.131927","","859","minimize","","","complete","349333","","0","1722","","","","","0","7800","","0.028132","","785","1107","615","301811","16705480","results_container_new","390","1134","","","1199.903295","0","1359","31","","395","0",""
"Huub_user_basic","","../container-loading/container-loading.mzn","../container-loading/cl08.dzn","SATISFIED","1200.19176838547","0.139687","","1003","minimize","","","complete","447493","","0","1736","","","","","0","4860","","0.028064","","785","1116","620","379141","24270232","results_container_new","390","1140","","","1199.850117","0","1370","43","","395","0",""
"Huub_user_decomp","","../container-loading/container-loading.mzn","../container-loading/cl13.dzn","SATISFIED","1201.1249975292012","2.67482","","17848","minimize","","","complete","3575159","","0","1722","","50310","","","0","7360","","0.573265","","785","51417","9000","1732667","1777825100","results_container_new","390","51443","","","1196.79377","0","51668","43","","395","0",""
"Huub_user_basic","","../container-loading/container-loading.mzn","../container-loading/cl02.dzn","SATISFIED","1200.3695442872122","0.190546","","1143","minimize","","","complete","210912","","0","2688","","","","","0","7308","","0.040514","","1205","1728","960","158228","10989001","results_container_new","600","1758","","","1199.880614","0","2118","22","","605","0",""
"Huub_user_m+s","","../container-loading/container-loading.mzn","../container-loading/cl04.dzn","SATISFIED","1200.2998286196962","0.121163","","658","minimize","","","complete","450542","","0","1302","","","","","0","3420","","0.022915","","605","837","465","402476","25318895","results_container_new","300","864","","","1199.889139","0","1029","30","","305","0",""
"cp-sat","","../container-loading/container-loading.mzn","../container-loading/cl15.dzn","SATISFIED","1203.4141125483438","11.5457","","","minimize","","188575","","","","0","1681","","186749","375","","","20286","","","","1505","188190","32325","1093","5129936","results_container_new","","188705","","","116.01","","","1","","","",""
"Huub_user_no_gen_bounds","","../container-loading/container-loading.mzn","../container-loading/cl07.dzn","SATISFIED","1200.2808714425191","0.176466","","1509","minimize","","","complete","169842","","0","2688","","","","","0","11088","","0.040795","","1205","1728","960","106927","6441677","results_container_new","600","1758","","","1199.800268","0","2118","39","","605","0",""
"Huub_user_no_gen_bounds","","../container-loading/container-loading.mzn","../container-loading/cl06.dzn","SATISFIED","1200.3717100145295","0.166321","","1229","minimize","","","complete","151133","","0","2688","","","","","0","10920","","0.040782","","1205","1728","960","96225","4865529","results_container_new","600","1758","","","1199.827514","0","2118","30","","605","0",""
"Huub_user_basic","","../container-loading/container-loading.mzn","../container-loading/cl07.dzn","SATISFIED","1200.347894073464","0.165402","","1078","minimize","","","complete","194453","","0","2688","","","","","0","9792","","0.042046","","1205","1728","960","126321","8503697","results_container_new","600","1758","","","1199.861621","0","2118","38","","605","0",""
"Huub_user_m+o","","../container-loading/container-loading.mzn","../container-loading/cl07.dzn","SATISFIED","1200.2865470936522","0.159558","","1699","minimize","","","complete","143049","","0","2688","","","","","0","10584","","0.041144","","1205","1728","960","88284","7164608","results_container_new","600","1758","","","1199.86705","0","2118","33","","605","0",""
"Huub_user_diffn","","../container-loading/container-loading.mzn","../container-loading/cl10.dzn","SATISFIED","1200.268326553516","0.178868","","4347","minimize","","","complete","235420","","0","3388","","","","","0","17556","","0.058084","","1505","2178","1210","41211","4032074","results_container_new","750","2208","","","1199.861722","0","2668","39","","755","0",""
"Huub_user_s+o","","../container-loading/container-loading.mzn","../container-loading/cl01.dzn","SATISFIED","1200.2914290204644","0.123448","","655","minimize","","","complete","349362","","0","1302","","","","","0","4320","","0.022515","","605","837","465","324553","22566611","results_container_new","300","864","","","1199.854246","0","1029","28","","305","0",""
"Huub_user_decomp","","../container-loading/container-loading.mzn","../container-loading/cl07.dzn","SATISFIED","1202.6274111876264","6.41736","","39570","minimize","","","complete","3805402","","0","2688","","119400","","","0","10230","","1.446321","","1205","121128","20860","1058736","1954502887","results_container_new","600","121157","","","1192.267984","0","121517","39","","605","0",""
"Huub_user_m+o","","../container-loading/container-loading.mzn","../container-loading/cl10.dzn","SATISFIED","1200.4449801975861","0.180208","","4456","minimize","","","complete","244441","","0","3388","","","","","0","16830","","0.059158","","1505","2178","1210","43705","4845688","results_container_new","750","2208","","","1199.925974","0","2668","42","","755","0",""
"Huub_user_m+o","","../container-loading/container-loading.mzn","../container-loading/cl15.dzn","SATISFIED","1200.4002916682512","0.181986","","4614","minimize","","","complete","238954","","0","3360","","","","","0","19404","","0.05928","","1505","2160","1200","57170","4962051","results_container_new","750","2196","","","1199.99253","0","2646","36","","755","0",""
"Huub_user_m+s","","../container-loading/container-loading.mzn","../container-loading/cl08.dzn","SATISFIED","1200.1762974737212","0.130914","","814","minimize","","","complete","324108","","0","1736","","","","","0","4576","","0.027206","","785","1116","620","267618","16049729","results_container_new","390","1140","","","1199.861405","0","1370","47","","395","0",""
"Huub_user_s+o","","../container-loading/container-loading.mzn","../container-loading/cl08.dzn","SATISFIED","1200.1598550751805","0.12597","","876","minimize","","","complete","412730","","0","1736","","","","","0","4524","","0.028006","","785","1116","620","343849","21902803","results_container_new","390","1140","","","1199.853702","0","1370","42","","395","0",""
"Huub_user_decomp","","../container-loading/container-loading.mzn","../container-loading/cl14.dzn","SATISFIED","1201.0702947806567","2.28337","","13828","minimize","","","complete","4017361","","0","1596","","42835","","","0","5152","","0.491142","","725","43861","7710","2123931","2018318511","results_container_new","360","43884","","","1197.26715","0","44094","48","","365","0",""
"chuffed","","../container-loading/container-loading.mzn","../container-loading/cl10.dzn","SATISFIED","1204.2273919554427","11.1042","","","minimize","","","","","","0","188444","","","","","","62208","","","","2249","188202","32335","","","results_container_new","","189459","","","","","","4","","","",""
"Huub_user_basic","","../container-loading/container-loading.mzn","../container-loading/cl01.dzn","SATISFIED","1200.2273270776495","0.117655","","974","minimize","","","complete","395800","","0","1302","","","","","0","4048","","0.021739","","605","837","465","355552","28755556","results_container_new","300","864","","","1199.888562","0","1029","46","","305","0",""
"cp-sat","","../container-loading/container-loading.mzn","../container-loading/cl08.dzn","SATISFIED","1201.1022516097873","2.93069","","","minimize","","50983","","","","0","868","","50310","81","","","5940","","","","785","51054","9005","48776","73280731","results_container_new","","51325","","","849.009","","","4","","","",""
"Huub_user_diffn","","../container-loading/container-loading.mzn","../container-loading/cl05.dzn","SATISFIED","1200.1883718613535","0.123465","","946","minimize","","","complete","326059","","0","1596","","","","","0","5175","","0.028841","","725","1026","570","278802","17057286","results_container_new","360","1050","","","1199.864858","0","1260","32","","365","0",""
"Huub_user_s+o","","../container-loading/container-loading.mzn","../container-loading/cl15.dzn","SATISFIED","1200.2201807908714","0.190068","","4702","minimize","","","complete","327963","","0","3360","","","","","0","18772","","0.059826","","1505","2160","1200","59342","6849381","results_container_new","750","2196","","","1199.790459","0","2646","50","","755","0",""
"Huub_user_diffn","","../container-loading/container-loading.mzn","../container-loading/cl12.dzn","SATISFIED","1200.2146738190204","0.126535","","900","minimize","","","complete","408893","","0","1596","","","","","0","6120","","0.02624","","725","1026","570","351069","22259297","results_container_new","360","1050","","","1199.865432","0","1260","35","","365","0",""
"Huub_user_s+o","","../container-loading/container-loading.mzn","../container-loading/cl13.dzn","SATISFIED","1200.2571198726073","0.138694","","1101","minimize","","","complete","417381","","0","1722","","","","","0","7866","","0.029912","","785","1107","615","365875","23673217","results_container_new","390","1134","","","1199.866182","0","1359","25","","395","0",""
"Huub_user_s+o","","../container-loading/container-loading.mzn","../container-loading/cl02.dzn","SATISFIED","1200.2006012098864","0.161759","","1768","minimize","","","complete","225940","","0","2688","","","","","0","7560","","0.041286","","1205","1728","960","151086","10403006","results_container_new","600","1758","","","1199.836229","0","2118","30","","605","0",""
"cp-sat","","../container-loading/container-loading.mzn","../container-loading/cl07.dzn","SATISFIED","1202.342147231102","7.01885","","","minimize","","119723","","","","0","1344","","119400","180","","","12635","","","","1205","120552","20860","6924","28503660","results_container_new","","120965","","","194.102","","","2","","","",""
"Huub_user_m+o","","../container-loading/container-loading.mzn","../container-loading/cl02.dzn","SATISFIED","1200.2435762481764","0.175129","","1299","minimize","","","complete","139138","","0","2688","","","","","0","7695","","0.040571","","1205","1728","960","97683","7445777","results_container_new","600","1758","","","1199.796533","0","2118","22","","605","0",""
"Huub_user_m+o","","../container-loading/container-loading.mzn","../container-loading/cl04.dzn","SATISFIED","1200.2904622079805","0.131467","","824","minimize","","","complete","469838","","0","1302","","","","","0","3400","","0.022054","","605","837","465","413163","24585324","results_container_new","300","864","","","1199.855378","0","1029","40","","305","0",""
"cp-sat","","../container-loading/container-loading.mzn","../container-loading/cl10.dzn","SATISFIED","1203.2702752156183","11.3719","","","minimize","","188503","","","","0","1694","","186750","225","","","15120","","","","1505","188202","32335","2263","16597943","results_container_new","","188715","","","124.535","","","2","","","",""
"gecode","","../container-loading/container-loading.mzn","../container-loading/cl10.dzn","UNKNOWN","1204.2654647575691","10.8857","","","minimize","","","","","","0","","","186750","","","","","","","","1505","186750","31125","","","results_container_new","","187747","","","","","","0","","","",""
"cp-sat","","../container-loading/container-loading.mzn","../container-loading/cl11.dzn","SATISFIED","1200.769876821898","1.72094","","","minimize","","30865","","","","0","658","","29700","150","","","5445","","","","605","30264","5420","12935","14018301","results_container_new","","30475","","","91.3064","","","5","","","",""
"Huub_user_decomp","","../container-loading/container-loading.mzn","../container-loading/cl02.dzn","SATISFIED","1202.6496560359374","6.50706","","38445","minimize","","","complete","3834732","","0","2688","","119378","","","0","6750","","1.449851","","1205","121106","20860","1086952","1963883925","results_container_new","600","121135","","","1192.162769","0","121495","33","","605","0",""
"Huub_user_m+s","","../container-loading/container-loading.mzn","../container-loading/cl05.dzn","SATISFIED","1200.1798975206912","0.122824","","743","minimize","","","complete","329926","","0","1596","","","","","0","5016","","0.026806","","725","1026","570","287763","19192629","results_container_new","360","1050","","","1199.878354","0","1260","24","","365","0",""
"Huub_user_m+s","","../container-loading/container-loading.mzn","../container-loading/cl11.dzn","SATISFIED","1200.3285591062158","0.120335","","776","minimize","","","complete","526407","","0","1316","","","","","0","5104","","0.023674","","605","846","470","472083","29153543","results_container_new","300","870","","","1199.875046","0","1040","36","","305","0",""
"gecode","","../container-loading/container-loading.mzn","../container-loading/cl11.dzn","UNKNOWN","1200.9783356096596","1.68146","","248","minimize","","","","","","0","","","29700","","","","","2611843","0.269279","","605","29700","4950","1305851","1486046208","results_container_new","","30099","30305","","1198.32","0","35049","0","","","","0"
"Huub_user_no_gen_bounds","","../container-loading/container-loading.mzn","../container-loading/cl09.dzn","SATISFIED","1200.2191145336255","0.161981","","4579","minimize","","","complete","259222","","0","2688","","","","","0","13419","","0.042643","","1205","1728","960","84907","5373426","results_container_new","600","1758","","","1199.853594","0","2118","41","","605","0",""
"chuffed","","../container-loading/container-loading.mzn","../container-loading/cl13.dzn","SATISFIED","1201.8152056280524","2.87232","1169","862","minimize","0.0","122852","","","1775765","0","51171","0.0","","","1234685","","9180","3042047","0.684","1.41","1169","51048","9000","1775765","7345065913","results_container_new","","51704","124023","-189350259","1197.125","50","102897","50","473.841","","",""
"Huub_user_m+s","","../container-loading/container-loading.mzn","../container-loading/cl14.dzn","SATISFIED","1200.2545395139605","0.139721","","637","minimize","","","complete","374185","","0","1596","","","","","0","5474","","0.026197","","725","1026","570","322992","21488265","results_container_new","360","1050","","","1199.85109","0","1260","37","","365","0",""
"chuffed","","../container-loading/container-loading.mzn","../container-loading/cl15.dzn","SATISFIED","1204.300901407376","10.9237","","","minimize","","","","","","0","188408","","","","","","73206","","","","2249","188168","32325","","","results_container_new","","189427","","","","","","9","","","",""
"Huub_user_no_gen_bounds","","../container-loading/container-loading.mzn","../container-loading/cl11.dzn","SATISFIED","1200.2452057497576","0.118196","","984","minimize","","","complete","576180","","0","1316","","","","","0","4998","","0.023346","","605","846","470","520247","20499967","results_container_new","300","870","","","1199.893406","0","1040","44","","305","0",""
"cp-sat","","../container-loading/container-loading.mzn","../container-loading/cl05.dzn","SATISFIED","1200.966454334557","2.48835","","","minimize","","42740","","","","0","810","","42828","150","","","7410","","","","725","43524","7710","247","908925","results_container_new","","43775","","","10.3164","","","1","","","",""
"Huub_user_no_gen_bounds","","../container-loading/container-loading.mzn","../container-loading/cl02.dzn","SATISFIED","1200.230850229971","0.158712","","1845","minimize","","","complete","135294","","0","2688","","","","","0","7344","","0.041703","","1205","1728","960","79784","4664749","results_container_new","600","1758","","","1199.864782","0","2118","29","","605","0",""
"cp-sat","","../container-loading/container-loading.mzn","../container-loading/cl01.dzn","SATISFIED","1200.7678298261017","1.78181","","","minimize","","32044","","","","0","651","","29666","180","","","6000","","","","605","30224","5415","160717","229945730","results_container_new","","30436","","","933.218","","","9","","","",""
"cp-sat","","../container-loading/container-loading.mzn","../container-loading/cl14.dzn","SATISFIED","1201.0413828985766","2.41726","","","minimize","","43066","","","","0","803","","42835","180","","","9216","","","","725","43524","7710","523","4039105","results_container_new","","43775","","","19.8905","","","2","","","",""
"Huub_user_no_gen_bounds","","../container-loading/container-loading.mzn","../container-loading/cl05.dzn","SATISFIED","1200.2151442319155","0.126834","","878","minimize","","","complete","346448","","0","1596","","","","","0","5040","","0.02553","","725","1026","570","290345","13467825","results_container_new","360","1050","","","1199.895682","0","1260","43","","365","0",""
"Huub_user_m+o","","../container-loading/container-loading.mzn","../container-loading/cl11.dzn","SATISFIED","1200.17611751426","0.117384","","869","minimize","","","complete","479177","","0","1316","","","","","0","5060","","0.022735","","605","846","470","420996","26059393","results_container_new","300","870","","","1199.881115","0","1040","45","","305","0",""
"Huub_user_no_gen_bounds","","../container-loading/container-loading.mzn","../container-loading/cl10.dzn","SATISFIED","1200.4037809185684","0.179437","","4408","minimize","","","complete","231274","","0","3388","","","","","0","17400","","0.0567","","1505","2178","1210","46080","3359781","results_container_new","750","2208","","","1199.939355","0","2668","37","","755","0",""
"Huub_user_diffn","","../container-loading/container-loading.mzn","../container-loading/cl01.dzn","SATISFIED","1200.2931363368407","0.141003","","595","minimize","","","complete","367320","","0","1302","","","","","0","3971","","0.024602","","605","837","465","324950","22200551","results_container_new","300","864","","","1199.856286","0","1029","33","","305","0",""
"Huub_user_diffn","","../container-loading/container-loading.mzn","../container-loading/cl02.dzn","SATISFIED","1200.3680069092661","0.162965","","1478","minimize","","","complete","133157","","0","2688","","","","","0","7866","","0.040854","","1205","1728","960","88195","7194872","results_container_new","600","1758","","","1199.872758","0","2118","22","","605","0",""
"gecode","","../container-loading/container-loading.mzn","../container-loading/cl08.dzn","UNKNOWN","1201.4518393613398","2.87115","","273","minimize","","","","","","0","","","50310","","","","","1911137","0.461511","","785","50310","8385","955457","1661152046","results_container_new","","50829","51095","","1197.13","0","59214","0","","","","0"
"Huub_user_basic","","../container-loading/container-loading.mzn","../container-loading/cl13.dzn","SATISFIED","1200.2313346872106","0.128227","","886","minimize","","","complete","435101","","0","1722","","","","","0","7560","","0.029548","","785","1107","615","369502","21999815","results_container_new","390","1134","","","1199.865419","0","1359","47","","395","0",""
"Huub_user_no_gen_bounds","","../container-loading/container-loading.mzn","../container-loading/cl08.dzn","SATISFIED","1200.199091596529","0.127674","","2103","minimize","","","complete","333038","","0","1736","","","","","0","4788","","0.02773","","785","1116","620","272405","11761206","results_container_new","390","1140","","","1199.885209","0","1370","39","","395","0",""
"Huub_user_decomp","","../container-loading/container-loading.mzn","../container-loading/cl01.dzn","SATISFIED","1200.7735417066142","1.69608","","35732","minimize","","","complete","3870545","","0","1302","","29666","","","0","3640","","0.359692","","605","30503","5415","2365809","1861092696","results_container_new","300","30529","","","1197.969024","0","30694","13","","305","0",""
"Huub_user_decomp","","../container-loading/container-loading.mzn","../container-loading/cl04.dzn","SATISFIED","1200.6774188000709","1.67074","","10221","minimize","","","complete","4108276","","0","1302","","29700","","","0","3230","","0.34493","","605","30537","5415","2170417","1723078051","results_container_new","300","30563","","","1198.007935","0","30728","39","","305","0",""
"chuffed","","../container-loading/container-loading.mzn","../container-loading/cl04.dzn","SATISFIED","1201.23204515595","1.7524","899","633","minimize","0.0","81855","","","2143671","0","30351","0.0","","","1446783","","4032","3616118","0.407","0.63","899","30258","5415","2143671","4362569597","results_container_new","","30764","82756","1088558136","1198.244","53","61137","53","1125.804","","",""
"cp-sat","","../container-loading/container-loading.mzn","../container-loading/cl13.dzn","SATISFIED","1201.0785384196788","3.06409","","","minimize","","50379","","","","0","861","","50310","180","","","9918","","","","785","51048","9000","329","4425545","results_container_new","","51320","","","21.3213","","","2","","","",""
"cp-sat","","../container-loading/container-loading.mzn","../container-loading/cl03.dzn","SATISFIED","1202.2099004825577","6.9911","","","minimize","","119462","","","","0","1366","","119378","144","","","8645","","","","1205","120552","20860","438","2126830","results_container_new","","120965","","","52.1588","","","1","","","",""
"Huub_user_diffn","","../container-loading/container-loading.mzn","../container-loading/cl06.dzn","SATISFIED","1200.2637820737436","0.171098","","1479","minimize","","","complete","145187","","0","2688","","","","","0","12168","","0.040918","","1205","1728","960","98303","7808347","results_container_new","600","1758","","","1199.879612","0","2118","25","","605","0",""
"Huub_user_basic","","../container-loading/container-loading.mzn","../container-loading/cl12.dzn","SATISFIED","1200.1778012737632","0.132127","","797","minimize","","","complete","440951","","0","1596","","","","","0","6300","","0.026271","","725","1026","570","379353","21531932","results_container_new","360","1050","","","1199.86119","0","1260","32","","365","0",""
"Huub_user_diffn","","../container-loading/container-loading.mzn","../container-loading/cl11.dzn","SATISFIED","1200.2660106858239","0.120568","","869","minimize","","","complete","448310","","0","1316","","","","","0","5225","","0.023621","","605","846","470","399657","24061518","results_container_new","300","870","","","1199.864988","0","1040","34","","305","0",""
"chuffed","","../container-loading/container-loading.mzn","../container-loading/cl05.dzn","SATISFIED","1201.54944930505","2.52554","1079","715","minimize","0.0","101469","","","1962937","0","43638","0.0","","","1263353","","5850","3246389","0.57","0.94","1079","43524","7710","1962937","6586899576","results_container_new","","44129","102550","-1372543787","1197.471","37","87786","37","1187.758","","",""
