"configuration","problem","model","data_file","status","time","propagators","extractedViews","propagations","evaluatedReifiedConstraints","blockType","method","peakDepth","unifiedVariables","oracleDecisions","flatBoolConstraints","flatBoolVars","evaluatedHalfReifiedConstraints","run","solveTime","flatIntVars","nSolutions","failures","paths","flatTime","intVariables","eliminatedImplications","restarts","userDecisions","initTime","flatIntConstraints"
"Huub_user","","../rectangle-packing/rect_packing.mzn","../rectangle-packing/data_square/rpp30_true.dzn","UNKNOWN","1200.7932925861096","785","41250","180553603","26880","complete","satisfy","18","0","0","12750","39570","120","results_rect_basic_prop","1198.064544","14529","0","3826523","0","1.49315","153","60","0","3829623","0.442757","41991"
"Huub_user","","../rectangle-packing/rect_packing.mzn","../rectangle-packing/data_square/rpp18_false.dzn","SATISFIED","3.0447084539337084","362","9214","914423","5916","complete","satisfy","17","0","0","2754","8636","68","results_rect_basic_prop","2.295897","3383","1","15268","0","0.377631","79","34","0","15514","0.096687","9555"
"Huub_vsids","","../rectangle-packing/rect_packing.mzn","../rectangle-packing/data_square/rpp24_true.dzn","SATISFIED","2.2238840960199013","561","21912","275086","14208","complete","satisfy","6738","0","8885","6696","20856","96","results_rect_basic_prop","0.697979","7827","1","1835","0","0.80463","117","48","0","0","0.225205","22441"
"Huub_vsids","","../rectangle-packing/rect_packing.mzn","../rectangle-packing/data_square/rpp27_false.dzn","SATISFIED","2.87474563496653","670","30004","769926","19500","complete","satisfy","9371","0","18710","9204","28652","104","results_rect_basic_prop","0.954323","10643","1","2724","0","1.04409","133","52","0","0","0.307258","30636"
"Huub_user","","../rectangle-packing/rect_packing.mzn","../rectangle-packing/data_square/rpp25_false.dzn","UNKNOWN","1200.508756444091","596","24048","158865031","15600","complete","satisfy","16","0","0","7344","22896","96","results_rect_basic_prop","1198.883514","8575","0","4552746","0","0.861539","121","48","0","4556333","0.252557","24610"
"Huub_user","","../rectangle-packing/rect_packing.mzn","../rectangle-packing/rpp22_false.dzn","SATISFIED","122.63074559299275","488","16380","25570050","10584","complete","satisfy","24","0","0","4956","15498","84","results_rect_basic_prop","121.395662","5905","1","589980","0","0.665487","103","42","0","591001","0.175293","16839"
"Huub_user","","../rectangle-packing/rect_packing.mzn","../rectangle-packing/data_square/rpp28_true.dzn","UNKNOWN","1200.6996118860552","707","33908","145727701","22064","complete","satisfy","16","0","0","10444","32452","112","results_rect_basic_prop","1198.45776","11991","0","3467603","0","1.19471","141","56","0","3469823","0.345901","34575"
"Huub_free","","../rectangle-packing/rect_packing.mzn","../rectangle-packing/data_square/rpp30_true.dzn","SATISFIED","62.84048438700847","785","41250","13285530","26880","complete","satisfy","2422","0","105676","12750","39570","120","results_rect_basic_prop","60.162762","14529","1","209192","0","1.47093","153","60","2945","142146","0.439777","41991"
"Huub_vsids","","../rectangle-packing/rect_packing.mzn","../rectangle-packing/data_square/rpp20_true.dzn","SATISFIED","1.338540876051411","430","13140","184815","8480","complete","satisfy","4003","0","5752","3980","12420","80","results_rect_basic_prop","0.37337","4759","1","1571","0","0.505604","93","40","0","0","0.133019","13545"
"Huub_vsids","","../rectangle-packing/rect_packing.mzn","../rectangle-packing/data_square/rpp29_false.dzn","SATISFIED","3.9080609569791704","746","36736","1033186","23912","complete","satisfy","8114","0","11234","11312","35168","112","results_rect_basic_prop","1.510993","12975","1","3090","0","1.32583","145","56","0","0","0.370395","37440"
"Huub_vsids","","../rectangle-packing/rect_packing.mzn","../rectangle-packing/data_square/rpp25_true.dzn","SATISFIED","2.335153457010165","602","25025","231978","16250","complete","satisfy","7712","0","9612","7675","23875","100","results_rect_basic_prop","0.638055","8904","1","1577","0","0.882511","123","50","0","0","0.266225","25593"
"Huub_user","","../rectangle-packing/rect_packing.mzn","../rectangle-packing/data_square/rpp16_true.dzn","SATISFIED","0.8587211910635233","311","7040","129908","4512","complete","satisfy","2097","0","2080","2112","6592","64","results_rect_basic_prop","0.260471","2603","1","2129","0","0.298671","69","32","0","2153","0.072501","7334"
"Huub_vsids","","../rectangle-packing/rect_packing.mzn","../rectangle-packing/rpp26_false.dzn","SATISFIED","2.7792937230551615","626","26425","343545","17150","complete","satisfy","8135","0","11501","8075","25175","100","results_rect_basic_prop","0.888549","9408","1","2015","0","1.03803","127","50","0","0","0.288645","27015"
"Huub_vsids","","../rectangle-packing/rect_packing.mzn","../rectangle-packing/data_square/rpp28_false.dzn","SATISFIED","2.833736642030999","701","32724","749726","21276","complete","satisfy","10199","0","18827","10044","31266","108","results_rect_basic_prop","0.740656","11593","1","1687","0","1.13709","139","54","0","0","0.336019","33385"
"Huub_user","","../rectangle-packing/rect_packing.mzn","../rectangle-packing/data_square/rpp27_false.dzn","UNKNOWN","1200.6030564960092","670","30004","159641556","19500","complete","satisfy","19","0","0","9204","28652","104","results_rect_basic_prop","1198.609725","10643","0","3878390","0","1.08141","133","52","0","3887417","0.30741","30636"
"Huub_user","","../rectangle-packing/rect_packing.mzn","../rectangle-packing/data_square/rpp22_true.dzn","SATISFIED","594.2761612869799","494","17138","97111700","11088","complete","satisfy","26","0","0","5214","16258","88","results_rect_basic_prop","593.089","6161","1","2392024","0","0.626219","105","44","0","2410369","0.16717","17603"
"Huub_free","","../rectangle-packing/rect_packing.mzn","../rectangle-packing/data_square/rpp23_false.dzn","SATISFIED","45.68469390203245","526","18964","11280181","12276","complete","satisfy","974","0","123527","5764","17996","88","results_rect_basic_prop","44.317264","6803","1","202522","0","0.726633","109","44","6637","143245","0.203718","19460"
"Huub_free","","../rectangle-packing/rect_packing.mzn","../rectangle-packing/data_square/rpp27_false.dzn","SATISFIED","31.069389355019666","670","30004","8414576","19500","complete","satisfy","2526","0","63959","9204","28652","104","results_rect_basic_prop","29.104484","10643","1","106578","0","1.07651","133","52","2663","76707","0.307516","30636"
"Huub_free","","../rectangle-packing/rect_packing.mzn","../rectangle-packing/data_square/rpp25_false.dzn","SATISFIED","5.1004987369524315","596","24048","1073990","15600","complete","satisfy","724","0","9716","7344","22896","96","results_rect_basic_prop","3.485647","8575","1","13763","0","0.85954","121","48","441","10640","0.252133","24610"
"Huub_free","","../rectangle-packing/rect_packing.mzn","../rectangle-packing/data_square/rpp21_true.dzn","SATISFIED","1.5978812840767205","466","15330","158041","9912","complete","satisfy","71","0","615","4662","14532","84","results_rect_basic_prop","0.459631","5523","1","2858","0","0.611918","99","42","1","2450","0.153607","15769"
"Huub_vsids","","../rectangle-packing/rect_packing.mzn","../rectangle-packing/data_square/rpp26_true.dzn","SATISFIED","2.7466426629107445","632","27456","283142","17836","complete","satisfy","8507","0","11900","8424","26208","104","results_rect_basic_prop","0.729688","9755","1","1786","0","1.05912","129","52","0","0","0.272585","28052"
"Huub_free","","../rectangle-packing/rect_packing.mzn","../rectangle-packing/data_square/rpp19_false.dzn","SATISFIED","2.8096770170377567","397","11016","731106","7092","complete","satisfy","86","0","5243","3312","10368","72","results_rect_basic_prop","1.995363","4015","1","14244","0","0.415861","85","36","307","10356","0.111314","11390"
"Huub_user","","../rectangle-packing/rect_packing.mzn","../rectangle-packing/data_square/rpp19_false.dzn","SATISFIED","5.56289099692367","397","11016","1608833","7092","complete","satisfy","19","0","0","3312","10368","72","results_rect_basic_prop","4.748177","4015","1","33633","0","0.414157","85","36","0","33742","0.110425","11390"
"Huub_free","","../rectangle-packing/rect_packing.mzn","../rectangle-packing/data_square/rpp30_false.dzn","SATISFIED","62.330111329909414","779","39904","13444943","25984","complete","satisfy","2563","0","114493","12296","38222","116","results_rect_basic_prop","59.771475","14077","1","209348","0","1.42077","151","58","2765","133034","0.400077","40639"
"Huub_vsids","","../rectangle-packing/rect_packing.mzn","../rectangle-packing/rpp18_true.dzn","SATISFIED","1.1167548659723252","368","9738","136835","6264","complete","satisfy","2951","0","4687","2934","9162","72","results_rect_basic_prop","0.298134","3561","1","1569","0","0.413395","81","36","0","0","0.105622","10085"
"Huub_user","","../rectangle-packing/rect_packing.mzn","../rectangle-packing/data_square/rpp20_true.dzn","SATISFIED","4.75540176499635","430","13140","1258308","8480","complete","satisfy","21","0","0","3980","12420","80","results_rect_basic_prop","3.799511","4759","1","24639","0","0.506229","93","40","0","24731","0.132818","13545"
"Huub_vsids","","../rectangle-packing/rect_packing.mzn","../rectangle-packing/rpp23_false.dzn","SATISFIED","3.3523566710064188","526","18964","271412","12276","complete","satisfy","5813","0","7893","5764","17996","88","results_rect_basic_prop","0.620105","6803","1","1795","0","0.832562","109","44","0","0","0.22076","19460"
"Huub_vsids","","../rectangle-packing/rect_packing.mzn","../rectangle-packing/data_square/rpp24_false.dzn","SATISFIED","1.993073248071596","555","21022","266023","13616","complete","satisfy","6433","0","8551","6394","19964","92","results_rect_basic_prop","0.61123","7527","1","1796","0","0.714354","115","46","0","0","0.200146","21545"
"Huub_user","","../rectangle-packing/rect_packing.mzn","../rectangle-packing/rpp21_false.dzn","SATISFIED","30.09727422101423","460","14620","7574374","9440","complete","satisfy","22","0","0","4420","13820","80","results_rect_basic_prop","28.916882","5283","1","160507","0","0.627546","97","40","0","160866","0.159199","15053"
"Huub_free","","../rectangle-packing/rect_packing.mzn","../rectangle-packing/rpp22_false.dzn","SATISFIED","40.95683854201343","488","16380","10098319","10584","complete","satisfy","492","0","109301","4956","15498","84","results_rect_basic_prop","39.70889","5905","1","201901","0","0.669662","103","42","4031","124938","0.173531","16839"
"Huub_free","","../rectangle-packing/rect_packing.mzn","../rectangle-packing/data_square/rpp19_true.dzn","SATISFIED","3.0293891130713746","403","11609","773524","7486","complete","satisfy","133","0","5758","3515","10963","76","results_rect_basic_prop","2.146578","4216","1","14666","0","0.447326","87","38","319","10355","0.122171","11989"
"Huub_free","","../rectangle-packing/rect_packing.mzn","../rectangle-packing/rpp23_false.dzn","SATISFIED","9.96899374795612","526","18964","2786698","12276","complete","satisfy","984","0","24827","5764","17996","88","results_rect_basic_prop","8.479157","6803","1","43325","0","0.794395","109","44","1591","31704","0.220618","19460"
"Huub_free","","../rectangle-packing/rect_packing.mzn","../rectangle-packing/data_square/rpp17_true.dzn","SATISFIED","0.82493196206633","343","8517","85598","5474","complete","satisfy","2643","0","3223","2567","8007","68","results_rect_basic_prop","0.16186","3124","1","1499","0","0.32993","75","34","89","1156","0.084263","8841"
"Huub_user","","../rectangle-packing/rect_packing.mzn","../rectangle-packing/data_square/rpp29_false.dzn","UNKNOWN","1200.8637923070928","746","36736","168993281","23912","complete","satisfy","18","0","0","11312","35168","112","results_rect_basic_prop","1198.26462","12975","0","3872563","0","1.35972","145","56","0","3878422","0.372483","37440"
"Huub_user","","../rectangle-packing/rect_packing.mzn","../rectangle-packing/rpp23_false.dzn","UNKNOWN","1200.6752994930139","526","18964","161666187","12276","complete","satisfy","22","0","0","5764","17996","88","results_rect_basic_prop","1198.975203","6803","0","4550001","0","0.818236","109","44","0","4555228","0.203463","19460"
"Huub_user","","../rectangle-packing/rect_packing.mzn","../rectangle-packing/data_square/rpp20_false.dzn","SATISFIED","4.6710954430745915","424","12502","1247197","8056","complete","satisfy","20","0","0","3762","11780","76","results_rect_basic_prop","3.699014","4543","1","24611","0","0.529723","91","38","0","24699","0.126974","12901"
"Huub_vsids","","../rectangle-packing/rect_packing.mzn","../rectangle-packing/data_square/rpp19_true.dzn","SATISFIED","1.3264625740703195","403","11609","209519","7486","complete","satisfy","3546","0","5469","3515","10963","76","results_rect_basic_prop","0.413048","4216","1","1728","0","0.45139","87","38","0","0","0.123702","11989"
"Huub_user","","../rectangle-packing/rect_packing.mzn","../rectangle-packing/data_square/rpp29_true.dzn","UNKNOWN","1200.7235673359828","752","38019","165401385","24766","complete","satisfy","18","0","0","11745","36453","116","results_rect_basic_prop","1198.259602","13406","0","3776570","0","1.35569","147","58","0","3782264","0.382128","38729"
"Huub_vsids","","../rectangle-packing/rect_packing.mzn","../rectangle-packing/data_square/rpp22_true.dzn","SATISFIED","1.6390016119694337","494","17138","211149","11088","complete","satisfy","5237","0","7047","5214","16258","88","results_rect_basic_prop","0.430522","6161","1","1562","0","0.657717","105","44","0","0","0.170121","17603"
"Huub_free","","../rectangle-packing/rect_packing.mzn","../rectangle-packing/data_square/rpp22_true.dzn","SATISFIED","3.7037052920786664","494","17138","839776","11088","complete","satisfy","525","0","8604","5214","16258","88","results_rect_basic_prop","2.54782","6161","1","13320","0","0.617556","105","44","489","9413","0.16842","17603"
"Huub_user","","../rectangle-packing/rect_packing.mzn","../rectangle-packing/data_square/rpp27_true.dzn","UNKNOWN","1200.5965556399897","676","31131","156917084","20250","complete","satisfy","19","0","0","9585","29781","108","results_rect_basic_prop","1198.61529","11022","0","3787650","0","1.06711","135","54","0","3796501","0.314194","31769"
"Huub_user","","../rectangle-packing/rect_packing.mzn","../rectangle-packing/data_square/rpp28_false.dzn","UNKNOWN","1200.6351060140878","701","32724","149360986","21276","complete","satisfy","16","0","0","10044","31266","108","results_rect_basic_prop","1198.529087","11593","0","3576853","0","1.13472","139","54","0","3579037","0.332891","33385"
"Huub_free","","../rectangle-packing/rect_packing.mzn","../rectangle-packing/data_square/rpp23_true.dzn","SATISFIED","4.821242480073124","532","19803","1117777","12834","complete","satisfy","744","0","9685","6049","18837","92","results_rect_basic_prop","3.221814","7086","1","17643","0","0.742857","111","46","355","11242","0.198797","20305"
"Huub_free","","../rectangle-packing/rect_packing.mzn","../rectangle-packing/data_square/rpp26_true.dzn","SATISFIED","60.41509678505827","632","27456","15128064","17836","complete","satisfy","1700","0","117830","8424","26208","104","results_rect_basic_prop","58.596311","9755","1","223287","0","1.00098","129","52","6011","164654","0.27286","28052"
"Huub_user","","../rectangle-packing/rect_packing.mzn","../rectangle-packing/data_square/rpp17_false.dzn","SATISFIED","0.8278377091046423","337","8032","70071","5152","complete","satisfy","2381","0","2368","2400","7520","64","results_rect_basic_prop","0.139467","2959","1","1370","0","0.355596","73","32","0","1382","0.081833","8350"
"Huub_free","","../rectangle-packing/rect_packing.mzn","../rectangle-packing/data_square/rpp24_false.dzn","SATISFIED","45.63577756599989","555","21022","11649329","13616","complete","satisfy","510","0","113715","6394","19964","92","results_rect_basic_prop","44.291072","7527","1","195636","0","0.716896","115","46","5563","148526","0.202693","21545"
"Huub_vsids","","../rectangle-packing/rect_packing.mzn","../rectangle-packing/rpp22_false.dzn","SATISFIED","1.713501280057244","488","16380","210468","10584","complete","satisfy","4980","0","6790","4956","15498","84","results_rect_basic_prop","0.436299","5905","1","1562","0","0.685243","103","42","0","0","0.175352","16839"
"Huub_free","","../rectangle-packing/rect_packing.mzn","../rectangle-packing/data_square/rpp20_true.dzn","SATISFIED","1.5185971150640398","430","13140","218404","8480","complete","satisfy","63","0","1391","3980","12420","80","results_rect_basic_prop","0.571962","4759","1","3744","0","0.501474","93","40","39","2723","0.132331","13545"
"Huub_free","","../rectangle-packing/rect_packing.mzn","../rectangle-packing/data_square/rpp29_false.dzn","SATISFIED","172.57427554402966","746","36736","39383993","23912","complete","satisfy","2184","0","343967","11312","35168","112","results_rect_basic_prop","170.174207","12975","1","640488","0","1.33354","145","56","17871","490012","0.368353","37440"
"Huub_user","","../rectangle-packing/rect_packing.mzn","../rectangle-packing/data_square/rpp25_true.dzn","UNKNOWN","1200.5145935859764","602","25025","155822962","16250","complete","satisfy","16","0","0","7675","23875","100","results_rect_basic_prop","1198.843759","8904","0","4461960","0","0.8871","123","50","0","4465578","0.266595","25593"
"Huub_vsids","","../rectangle-packing/rect_packing.mzn","../rectangle-packing/data_square/rpp27_true.dzn","SATISFIED","3.0174217260209844","676","31131","778970","20250","complete","satisfy","9777","0","19402","9585","29781","108","results_rect_basic_prop","0.985673","11022","1","2724","0","1.12397","135","54","0","0","0.312306","31769"
"Huub_user","","../rectangle-packing/rect_packing.mzn","../rectangle-packing/data_square/rpp24_true.dzn","UNKNOWN","1200.45308105601","561","21912","160989620","14208","complete","satisfy","20","0","0","6696","20856","96","results_rect_basic_prop","1198.991366","7827","0","4486283","0","0.780374","117","48","0","4489698","0.224272","22441"
"Huub_free","","../rectangle-packing/rect_packing.mzn","../rectangle-packing/data_square/rpp22_false.dzn","SATISFIED","40.157895443961024","488","16380","10098319","10584","complete","satisfy","492","0","109301","4956","15498","84","results_rect_basic_prop","38.976207","5905","1","201901","0","0.645462","103","42","4031","124938","0.157263","16839"
"Huub_free","","../rectangle-packing/rect_packing.mzn","../rectangle-packing/data_square/rpp26_false.dzn","SATISFIED","11.500599708990194","626","26425","2679754","17150","complete","satisfy","624","0","20002","8075","25175","100","results_rect_basic_prop","9.745511","9408","1","47169","0","0.957042","127","50","745","33944","0.265966","27015"
"Huub_user","","../rectangle-packing/rect_packing.mzn","../rectangle-packing/data_square/rpp16_false.dzn","SATISFIED","0.8650669460184872","305","6615","128142","4230","complete","satisfy","1951","0","1935","1965","6165","60","results_rect_basic_prop","0.252295","2458","1","2110","0","0.303145","67","30","0","2131","0.071668","6903"
"Huub_vsids","","../rectangle-packing/rect_packing.mzn","../rectangle-packing/data_square/rpp17_false.dzn","SATISFIED","0.7990774579811841","337","8032","56217","5152","complete","satisfy","2444","0","3450","2400","7520","64","results_rect_basic_prop","0.094107","2959","1","782","0","0.353961","73","32","0","0","0.084901","8350"
"Huub_free","","../rectangle-packing/rect_packing.mzn","../rectangle-packing/data_square/rpp18_true.dzn","SATISFIED","1.3683626289712265","368","9738","313450","6264","complete","satisfy","38","0","1185","2934","9162","72","results_rect_basic_prop","0.635831","3561","1","3610","0","0.370993","81","36","33","2628","0.096835","10085"
"Huub_user","","../rectangle-packing/rect_packing.mzn","../rectangle-packing/data_square/rpp23_true.dzn","UNKNOWN","1200.6641167600174","532","19803","163473749","12834","complete","satisfy","27","0","0","6049","18837","92","results_rect_basic_prop","1199.061301","7086","0","4549029","0","0.735795","111","46","0","4554671","0.199207","20305"
"Huub_vsids","","../rectangle-packing/rect_packing.mzn","../rectangle-packing/data_square/rpp25_false.dzn","SATISFIED","2.3106235599843785","596","24048","231051","15600","complete","satisfy","7381","0","9281","7344","22896","96","results_rect_basic_prop","0.614765","8575","1","1577","0","0.922216","121","48","0","0","0.250116","24610"
"Huub_vsids","","../rectangle-packing/rect_packing.mzn","../rectangle-packing/data_square/rpp21_true.dzn","SATISFIED","1.6151924930745736","466","15330","237808","9912","complete","satisfy","4683","0","6581","4662","14532","84","results_rect_basic_prop","0.473472","5523","1","1688","0","0.611777","99","42","0","0","0.153273","15769"
"Huub_vsids","","../rectangle-packing/rect_packing.mzn","../rectangle-packing/data_square/rpp17_true.dzn","SATISFIED","0.7695305650122464","343","8517","56747","5474","complete","satisfy","2624","0","3630","2567","8007","68","results_rect_basic_prop","0.096496","3124","1","782","0","0.334594","75","34","0","0","0.084788","8841"
"Huub_vsids","","../rectangle-packing/rect_packing.mzn","../rectangle-packing/data_square/rpp16_false.dzn","SATISFIED","1.9428993210894987","305","6615","67166","4230","complete","satisfy","1999","0","3049","1965","6165","60","results_rect_basic_prop","0.110098","2458","1","820","0","1.50139","67","30","0","0","0.072424","6903"
"Huub_vsids","","../rectangle-packing/rect_packing.mzn","../rectangle-packing/data_square/rpp20_false.dzn","SATISFIED","1.3412564790342003","424","12502","183989","8056","complete","satisfy","3786","0","5535","3762","11780","76","results_rect_basic_prop","0.363463","4543","1","1571","0","0.526547","91","38","0","0","0.125795","12901"
"Huub_free","","../rectangle-packing/rect_packing.mzn","../rectangle-packing/data_square/rpp16_false.dzn","SATISFIED","0.750069861067459","305","6615","77602","4230","complete","satisfy","2016","0","2527","1965","6165","60","results_rect_basic_prop","0.134522","2458","1","1339","0","0.303475","67","30","79","1015","0.072205","6903"
"Huub_user","","../rectangle-packing/rect_packing.mzn","../rectangle-packing/rpp18_true.dzn","SATISFIED","3.243902752059512","368","9738","927095","6264","complete","satisfy","18","0","0","2934","9162","72","results_rect_basic_prop","2.415038","3561","1","15313","0","0.407861","81","36","0","15722","0.106631","10085"
"Huub_free","","../rectangle-packing/rect_packing.mzn","../rectangle-packing/data_square/rpp18_false.dzn","SATISFIED","1.380538407014683","362","9214","308474","5916","complete","satisfy","34","0","1173","2754","8636","68","results_rect_basic_prop","0.625594","3383","1","3610","0","0.382563","79","34","33","2628","0.096746","9555"
"Huub_user","","../rectangle-packing/rect_packing.mzn","../rectangle-packing/data_square/rpp30_false.dzn","UNKNOWN","1200.7409148620209","779","39904","182781466","25984","complete","satisfy","18","0","0","12296","38222","116","results_rect_basic_prop","1198.289528","14077","0","3897737","0","1.31385","151","58","0","3900844","0.396122","40639"
"Huub_free","","../rectangle-packing/rect_packing.mzn","../rectangle-packing/data_square/rpp25_true.dzn","SATISFIED","5.17336063599214","602","25025","1050277","16250","complete","satisfy","784","0","9476","7675","23875","100","results_rect_basic_prop","3.501549","8904","1","13440","0","0.885659","123","50","441","10640","0.262896","25593"
"Huub_free","","../rectangle-packing/rect_packing.mzn","../rectangle-packing/data_square/rpp28_false.dzn","SATISFIED","59.81942995497957","701","32724","14326182","21276","complete","satisfy","1918","0","129970","10044","31266","108","results_rect_basic_prop","57.742055","11593","1","208441","0","1.13416","139","54","6271","156000","0.334502","33385"
"Huub_free","","../rectangle-packing/rect_packing.mzn","../rectangle-packing/rpp21_false.dzn","SATISFIED","1.6226429869420826","460","14620","156569","9440","complete","satisfy","69","0","610","4420","13820","80","results_rect_basic_prop","0.456272","5283","1","2857","0","0.623625","97","40","1","2450","0.160508","15053"
"Huub_free","","../rectangle-packing/rect_packing.mzn","../rectangle-packing/data_square/rpp20_false.dzn","SATISFIED","1.4799328879453242","424","12502","216910","8056","complete","satisfy","59","0","1383","3762","11780","76","results_rect_basic_prop","0.55845","4543","1","3743","0","0.492477","91","38","39","2723","0.12647","12901"
"Huub_user","","../rectangle-packing/rect_packing.mzn","../rectangle-packing/data_square/rpp26_false.dzn","UNKNOWN","1200.5203985610278","626","26425","146519470","17150","complete","satisfy","16","0","0","8075","25175","100","results_rect_basic_prop","1198.794116","9408","0","4072133","0","0.933747","127","50","0","4077177","0.268283","27015"
"Huub_free","","../rectangle-packing/rect_packing.mzn","../rectangle-packing/data_square/rpp27_true.dzn","SATISFIED","27.191397043061443","676","31131","7052293","20250","complete","satisfy","2561","0","58867","9585","29781","108","results_rect_basic_prop","25.207867","11022","1","94548","0","1.06866","135","54","1871","59949","0.313608","31769"
"Huub_vsids","","../rectangle-packing/rect_packing.mzn","../rectangle-packing/data_square/rpp18_true.dzn","SATISFIED","1.0544133329531178","368","9738","136835","6264","complete","satisfy","2951","0","4687","2934","9162","72","results_rect_basic_prop","0.289771","3561","1","1569","0","0.387335","81","36","0","0","0.09735","10085"
"Huub_vsids","","../rectangle-packing/rect_packing.mzn","../rectangle-packing/data_square/rpp22_false.dzn","SATISFIED","1.548473148024641","488","16380","210468","10584","complete","satisfy","4980","0","6790","4956","15498","84","results_rect_basic_prop","0.423512","5905","1","1562","0","0.600786","103","42","0","0","0.159616","16839"
"Huub_user","","../rectangle-packing/rect_packing.mzn","../rectangle-packing/data_square/rpp23_false.dzn","UNKNOWN","1200.431766200927","526","18964","160877671","12276","complete","satisfy","21","0","0","5764","17996","88","results_rect_basic_prop","1199.085938","6803","0","4591865","0","0.715293","109","44","0","4597198","0.197634","19460"
"Huub_user","","../rectangle-packing/rect_packing.mzn","../rectangle-packing/data_square/rpp19_true.dzn","SATISFIED","5.726581457071006","403","11609","1589863","7486","complete","satisfy","20","0","0","3515","10963","76","results_rect_basic_prop","4.835401","4216","1","33097","0","0.450126","87","38","0","33222","0.123767","11989"
"Huub_free","","../rectangle-packing/rect_packing.mzn","../rectangle-packing/data_square/rpp17_false.dzn","SATISFIED","0.8537728970404714","337","8032","92824","5152","complete","satisfy","2381","0","2966","2400","7520","64","results_rect_basic_prop","0.166715","2959","1","1567","0","0.354264","73","32","92","1252","0.081649","8350"
"Huub_vsids","","../rectangle-packing/rect_packing.mzn","../rectangle-packing/rpp21_false.dzn","SATISFIED","1.621366402017884","460","14620","237055","9440","complete","satisfy","4441","0","6339","4420","13820","80","results_rect_basic_prop","0.460938","5283","1","1688","0","0.619208","97","40","0","0","0.158402","15053"
"Huub_vsids","","../rectangle-packing/rect_packing.mzn","../rectangle-packing/data_square/rpp16_true.dzn","SATISFIED","0.8743050009943545","311","7040","67812","4512","complete","satisfy","2167","0","3217","2112","6592","64","results_rect_basic_prop","0.110928","2603","1","820","0","0.320969","69","32","0","0","0.073084","7334"
"Huub_free","","../rectangle-packing/rect_packing.mzn","../rectangle-packing/data_square/rpp16_true.dzn","SATISFIED","0.7414326410507783","311","7040","78324","4512","complete","satisfy","2179","0","2690","2112","6592","64","results_rect_basic_prop","0.138049","2603","1","1339","0","0.301102","69","32","79","1015","0.07281","7334"
"Huub_free","","../rectangle-packing/rect_packing.mzn","../rectangle-packing/rpp18_true.dzn","SATISFIED","1.4798109160037711","368","9738","313450","6264","complete","satisfy","38","0","1185","2934","9162","72","results_rect_basic_prop","0.664024","3561","1","3610","0","0.409923","81","36","33","2628","0.104699","10085"
"Huub_vsids","","../rectangle-packing/rect_packing.mzn","../rectangle-packing/data_square/rpp19_false.dzn","SATISFIED","1.223051936016418","397","11016","208704","7092","complete","satisfy","3344","0","5267","3312","10368","72","results_rect_basic_prop","0.397011","4015","1","1728","0","0.415617","85","36","0","0","0.111305","11390"
"Huub_free","","../rectangle-packing/rect_packing.mzn","../rectangle-packing/data_square/rpp21_false.dzn","SATISFIED","1.435829921043478","460","14620","156569","9440","complete","satisfy","69","0","610","4420","13820","80","results_rect_basic_prop","0.429289","5283","1","2857","0","0.535406","97","40","1","2450","0.141196","15053"
"Huub_user","","../rectangle-packing/rect_packing.mzn","../rectangle-packing/rpp26_false.dzn","UNKNOWN","1200.5384334969567","626","26425","144942962","17150","complete","satisfy","15","0","0","8075","25175","100","results_rect_basic_prop","1198.665089","9408","0","4025039","0","1.04358","127","50","0","4030053","0.288747","27015"
"Huub_user","","../rectangle-packing/rect_packing.mzn","../rectangle-packing/data_square/rpp21_false.dzn","SATISFIED","28.534791265963577","460","14620","7574374","9440","complete","satisfy","22","0","0","4420","13820","80","results_rect_basic_prop","27.512247","5283","1","160507","0","0.544264","97","40","0","160866","0.142546","15053"
"Huub_user","","../rectangle-packing/rect_packing.mzn","../rectangle-packing/data_square/rpp21_true.dzn","SATISFIED","46.88583765097428","466","15330","11032950","9912","complete","satisfy","23","0","0","4662","14532","84","results_rect_basic_prop","45.753674","5523","1","243294","0","0.571568","99","42","0","244554","0.154324","15769"
"Huub_user","","../rectangle-packing/rect_packing.mzn","../rectangle-packing/data_square/rpp24_false.dzn","UNKNOWN","1200.4464307531016","555","21022","161491913","13616","complete","satisfy","19","0","0","6394","19964","92","results_rect_basic_prop","1199.08103","7527","0","4523099","0","0.715713","115","46","0","4526588","0.202365","21545"
"Huub_free","","../rectangle-packing/rect_packing.mzn","../rectangle-packing/data_square/rpp29_true.dzn","SATISFIED","52.73916657501832","752","38019","11997701","24766","complete","satisfy","1811","0","113461","11745","36453","116","results_rect_basic_prop","50.349663","13406","1","206672","0","1.30722","147","58","3533","132333","0.382378","38729"
"Huub_vsids","","../rectangle-packing/rect_packing.mzn","../rectangle-packing/data_square/rpp18_false.dzn","SATISFIED","1.050748863024637","362","9214","135748","5916","complete","satisfy","2771","0","4507","2754","8636","68","results_rect_basic_prop","0.288325","3383","1","1569","0","0.3792","79","34","0","0","0.096763","9555"
"Huub_user","","../rectangle-packing/rect_packing.mzn","../rectangle-packing/data_square/rpp22_false.dzn","SATISFIED","119.93596270994749","488","16380","25570050","10584","complete","satisfy","24","0","0","4956","15498","84","results_rect_basic_prop","118.742459","5905","1","589980","0","0.645016","103","42","0","591001","0.160163","16839"
"Huub_user","","../rectangle-packing/rect_packing.mzn","../rectangle-packing/data_square/rpp17_true.dzn","SATISFIED","0.8007280209567398","343","8517","70449","5474","complete","satisfy","2548","0","2533","2567","8007","68","results_rect_basic_prop","0.142783","3124","1","1369","0","0.331591","75","34","0","1383","0.084561","8841"
"Huub_free","","../rectangle-packing/rect_packing.mzn","../rectangle-packing/data_square/rpp24_true.dzn","SATISFIED","9.632455146987922","561","21912","2858576","14208","complete","satisfy","1163","0","19293","6696","20856","96","results_rect_basic_prop","8.139004","7827","1","35219","0","0.794296","117","48","1073","26350","0.223423","22441"
"Huub_free","","../rectangle-packing/rect_packing.mzn","../rectangle-packing/data_square/rpp28_true.dzn","SATISFIED","60.48342262301594","707","33908","15100908","22064","complete","satisfy","1984","0","152030","10444","32452","112","results_rect_basic_prop","58.315584","11991","1","208392","0","1.18317","141","56","7129","153003","0.348583","34575"
"Huub_user","","../rectangle-packing/rect_packing.mzn","../rectangle-packing/data_square/rpp18_true.dzn","SATISFIED","3.067394647980109","368","9738","927095","6264","complete","satisfy","18","0","0","2934","9162","72","results_rect_basic_prop","2.326631","3561","1","15313","0","0.371848","81","36","0","15722","0.096295","10085"
"Huub_vsids","","../rectangle-packing/rect_packing.mzn","../rectangle-packing/data_square/rpp21_false.dzn","SATISFIED","1.4445323860272765","460","14620","237055","9440","complete","satisfy","4441","0","6339","4420","13820","80","results_rect_basic_prop","0.438397","5283","1","1688","0","0.531581","97","40","0","0","0.142938","15053"
"Huub_free","","../rectangle-packing/rect_packing.mzn","../rectangle-packing/rpp26_false.dzn","SATISFIED","11.975958538008854","626","26425","2679754","17150","complete","satisfy","624","0","20002","8075","25175","100","results_rect_basic_prop","10.078775","9408","1","47169","0","1.04681","127","50","745","33944","0.286726","27015"
"Huub_vsids","","../rectangle-packing/rect_packing.mzn","../rectangle-packing/data_square/rpp23_true.dzn","SATISFIED","2.3962231080513448","532","19803","272323","12834","complete","satisfy","6098","0","8178","6049","18837","92","results_rect_basic_prop","0.622137","7086","1","1795","0","0.800667","111","46","0","0","0.199691","20305"
"Huub_vsids","","../rectangle-packing/rect_packing.mzn","../rectangle-packing/data_square/rpp28_true.dzn","SATISFIED","3.038192681968212","707","33908","763309","22064","complete","satisfy","10613","0","19540","10444","32452","112","results_rect_basic_prop","0.823046","11991","1","1687","0","1.20601","141","56","0","0","0.358365","34575"
"Huub_vsids","","../rectangle-packing/rect_packing.mzn","../rectangle-packing/data_square/rpp23_false.dzn","SATISFIED","1.985231123981066","526","18964","271414","12276","complete","satisfy","5813","0","7893","5764","17996","88","results_rect_basic_prop","0.60722","6803","1","1795","0","0.723969","109","44","0","0","0.19757","19460"
"Huub_vsids","","../rectangle-packing/rect_packing.mzn","../rectangle-packing/data_square/rpp30_false.dzn","SATISFIED","3.7518689970020205","779","39904","744653","25984","complete","satisfy","8826","0","12126","12296","38222","116","results_rect_basic_prop","1.318768","14077","1","2624","0","1.32622","151","58","0","0","0.397551","40639"
"Huub_vsids","","../rectangle-packing/rect_packing.mzn","../rectangle-packing/data_square/rpp29_true.dzn","SATISFIED","3.5228431809227914","752","38019","876304","24766","complete","satisfy","11864","0","22916","11745","36453","116","results_rect_basic_prop","1.204774","13406","1","2783","0","1.25553","147","58","0","0","0.378913","38729"
"Huub_vsids","","../rectangle-packing/rect_packing.mzn","../rectangle-packing/data_square/rpp30_true.dzn","SATISFIED","4.2420941879972816","785","41250","751545","26880","complete","satisfy","9169","0","12506","12750","39570","120","results_rect_basic_prop","1.49863","14529","1","2623","0","1.48362","153","60","0","0","0.439985","41991"
"Huub_vsids","","../rectangle-packing/rect_packing.mzn","../rectangle-packing/data_square/rpp26_false.dzn","SATISFIED","2.611661902978085","626","26425","343545","17150","complete","satisfy","8135","0","11501","8075","25175","100","results_rect_basic_prop","0.856403","9408","1","2015","0","0.954813","127","50","0","0","0.266612","27015"
"Huub_user","","../rectangle-packing/rect_packing.mzn","../rectangle-packing/data_square/rpp26_true.dzn","UNKNOWN","1200.5678969329456","632","27456","145305164","17836","complete","satisfy","15","0","0","8424","26208","104","results_rect_basic_prop","1198.653898","9755","0","4029180","0","1.06855","129","52","0","4034143","0.274081","28052"
