"configuration","problem","model","data_file","status","time","nogoods","flatTime","propagations","paths","variables","propagators","flatBoolConstraints","trailMem","flatBoolVars","solutions","evaluatedHalfReifiedConstraints","extractedViews","restarts","backjumps","eliminatedImplications","unifiedVariables","nodes","blockType","run","nSolutions","randomSeed","objective","evaluatedReifiedConstraints","peakMem","oracleDecisions","objectiveBound","flatIntConstraints","baseMem","flatIntVars","boolVariables","intVars","peakDepth","userDecisions","solveTime","optTime","intVariables","method","failures","initTime"
"Huub_user","","../rectangle-packing/rect_packing.mzn","../rectangle-packing/data_square/rpp29_true.dzn","UNKNOWN","1200.7003087680787","","1.30604","785803472","0","","2321","12151","","38077","","1740","38019","0","","58","0","","complete","results_all","0","","","24766","","0","","40352","","13406","","","18","4385237","1198.294946","","147","satisfy","4377022","0.395867"
"Huub_vsids","","../rectangle-packing/rect_packing.mzn","../rectangle-packing/data_square/rpp25_false.dzn","SATISFIED","1.805627204477787","","0.82067","346914","0","","1653","7620","","24000","","1200","24048","0","","48","0","","complete","results_all","1","","","15600","","10418","","25713","","8575","","","8710","0","0.25483","","121","satisfy","1367","0.244207"
"cp-sat","","../rectangle-packing/rect_packing.mzn","../rectangle-packing/data_square/rpp25_true.dzn","UNKNOWN","1200.330864513293","","0.100425","","0","","","150","","200","","200","","","","100","","","","results_all","0","","","","","","","295","","129","","","","","","","","satisfy","",""
"cp-sat","","../rectangle-packing/rect_packing.mzn","../rectangle-packing/data_square/rpp21_false.dzn","SATISFIED","12.491014946252108","","0.08968","15874730","0","","","120","","160","","160","","","","80","","","","results_all","1","","0","","","","0","237","","103","324","","","","12.2654","","","satisfy","209027",""
"cp-sat","","../rectangle-packing/rect_packing.mzn","../rectangle-packing/data_square/rpp29_false.dzn","UNKNOWN","1200.241842282936","","0.091058","","0","","","168","","224","","224","","","","112","","","","results_all","0","","","","","","","333","","151","","","","","","","","satisfy","",""
"gecode","","../rectangle-packing/rect_packing.mzn","../rectangle-packing/data_square/rpp21_true.dzn","SATISFIED","50.29525765217841","","0.10177","47449353","0","275","375","126","","168","1","168","","0","","84","","2853398","","results_all","1","","","","","","","247","","105","","","56","","50.0415","","","satisfy","1426665","0.002146"
"Huub_free","","../rectangle-packing/rect_packing.mzn","../rectangle-packing/data_square/rpp18_false.dzn","SATISFIED","1.2268402017652988","","0.394866","659075","0","","870","2890","","9180","","612","9214","33","","34","0","","complete","results_all","1","","","5916","","1804","","10098","","3383","","","166","2614","0.463482","","79","satisfy","4103","0.097258"
"gecode","","../rectangle-packing/rect_packing.mzn","../rectangle-packing/data_square/rpp24_false.dzn","UNKNOWN","1200.1713174246252","","0.102414","851406170","0","309","413","138","","184","0","184","","0","","92","","63700861","","results_all","0","","","","","","","273","","121","","","57","","1199.89","","","satisfy","31850373","0.003461"
"Huub_user","","../rectangle-packing/rect_packing.mzn","../rectangle-packing/data_square/rpp24_true.dzn","UNKNOWN","1200.5000818558037","","0.772742","699831134","0","","1620","6972","","21960","","1200","21912","0","","48","0","","complete","results_all","0","","","14208","","0","","23544","","7827","","","20","5142253","1198.99316","","117","satisfy","5138156","0.231795"
"chuffed","","../rectangle-packing/rect_packing.mzn","../rectangle-packing/data_square/rpp17_false.dzn","SATISFIED","0.3057040274143219","1182","0.101189","500789","0","8090","1171","248","0.02","640","","64","","0","38","32","","1233","","results_all","1","1993531670","","544","0.0","","","668","0.0","79","7992","96","12","","0.057","","","satisfy","1182","0.014"
"chuffed","","../rectangle-packing/rect_packing.mzn","../rectangle-packing/data_square/rpp29_true.dzn","UNKNOWN","1200.31325628981","6851472","0.157651","4399055618","0","33194","3637","638","0.05","1914","","116","","0","322999","58","","7174482","","results_all","0","45661451","","1740","0.0","","","1966","0.0","153","33009","183","20","","1199.842","","","satisfy","6851472","0.054"
"Huub_user","","../rectangle-packing/rect_packing.mzn","../rectangle-packing/data_square/rpp19_true.dzn","SATISFIED","4.009963367134333","","0.453369","3712005","0","","1049","3686","","11647","","760","11609","0","","38","0","","complete","results_all","1","","","7486","","86","","12672","","4216","","","107","23054","3.036671","","87","satisfy","22965","0.125827"
"chuffed","","../rectangle-packing/rect_packing.mzn","../rectangle-packing/data_square/rpp23_true.dzn","SATISFIED","436.3308289889246","3185175","0.134046","1506359629","0","18932","2329","437","0.05","1242","","92","","0","137444","46","","3322642","","results_all","1","1076382850","","1104","0.0","","","1282","0.0","117","18789","141","25","","435.91","","","satisfy","3185175","0.033"
"Huub_user","","../rectangle-packing/rect_packing.mzn","../rectangle-packing/data_square/rpp08_true.dzn","SATISFIED","0.26638077199459076","","0.110261","2637","0","","207","346","","1071","","143","1056","0","","15","0","","complete","results_all","1","","","656","","424","","1280","","427","","","431","19","0.003917","","23","satisfy","13","0.016157"
"Huub_vsids","","../rectangle-packing/rect_packing.mzn","../rectangle-packing/rpp26_false.dzn","SATISFIED","2.315286960452795","","1.06338","477305","0","","1777","8375","","26375","","1300","26425","0","","50","0","","complete","results_all","1","","","17150","","12448","","28214","","9408","","","9596","0","0.421772","","127","satisfy","1393","0.280731"
"cp-sat","","../rectangle-packing/rect_packing.mzn","../rectangle-packing/data_square/rpp30_true.dzn","UNKNOWN","1200.2855935636908","","0.095542","","0","","","180","","240","","240","","","","120","","","","results_all","0","","","","","","","355","","159","","","","","","","","satisfy","",""
"cp-sat","","../rectangle-packing/rect_packing.mzn","../rectangle-packing/data_square/rpp17_false.dzn","SATISFIED","0.3395731635391712","","0.100271","85732","0","","","96","","128","","128","","","","64","","","","results_all","1","","0","","","","0","189","","79","136","","","","0.095125","","","satisfy","1674",""
"gecode","","../rectangle-packing/rect_packing.mzn","../rectangle-packing/data_square/rpp19_true.dzn","SATISFIED","6.298929864540696","","0.098817","7240705","0","247","339","114","","152","1","152","","0","","76","","385093","","results_all","1","","","","","","","223","","93","","","51","","6.02634","","","satisfy","192527","0.001957"
"Huub_vsids","","../rectangle-packing/rect_packing.mzn","../rectangle-packing/data_square/rpp30_true.dzn","SATISFIED","3.995674444362521","","1.42148","1715904","0","","2468","13185","","41310","","1860","41250","0","","60","0","","complete","results_all","1","","","26880","","13466","","43730","","14529","","","9169","0","1.350846","","153","satisfy","3267","0.431397"
"Huub_user","","../rectangle-packing/rect_packing.mzn","../rectangle-packing/data_square/rpp20_false.dzn","SATISFIED","4.442273596301675","","0.494905","4432846","0","","1069","3933","","12464","","760","12502","0","","38","0","","complete","results_all","1","","","8056","","60","","13584","","4543","","","79","25054","3.446893","","91","satisfy","24955","0.131751"
"cp-sat","","../rectangle-packing/rect_packing.mzn","../rectangle-packing/data_square/rpp22_true.dzn","SATISFIED","41.66684307716787","","0.119701","51631820","0","","","132","","176","","176","","","","88","","","","results_all","1","","0","","","","0","259","","111","460","","","","41.0062","","","satisfy","620302",""
"Huub_user","","../rectangle-packing/rect_packing.mzn","../rectangle-packing/data_square/rpp19_false.dzn","SATISFIED","3.8403412885963917","","0.451038","3513239","0","","971","3465","","10980","","684","11016","0","","36","0","","complete","results_all","1","","","7092","","74","","12001","","4015","","","92","23177","2.975411","","85","satisfy","23103","0.115097"
"gecode","","../rectangle-packing/rect_packing.mzn","../rectangle-packing/data_square/rpp28_false.dzn","UNKNOWN","1200.14676143229","","0.090793","510914259","0","365","485","162","","216","0","216","","0","","108","","58350398","","results_all","0","","","","","","","321","","145","","","62","","1199.91","","","satisfy","29175170","0.002683"
"Huub_user","","../rectangle-packing/rect_packing.mzn","../rectangle-packing/data_square/rpp29_false.dzn","UNKNOWN","1200.7210384719074","","1.27508","777793534","0","","2203","11690","","36680","","1624","36736","0","","56","0","","complete","results_all","0","","","23912","","0","","38951","","12975","","","20","4447850","1198.345575","","145","satisfy","4439689","0.378206"
"Huub_user","","../rectangle-packing/rect_packing.mzn","../rectangle-packing/data_square/rpp18_false.dzn","SATISFIED","3.4041366446763277","","0.370738","3097658","0","","870","2890","","9180","","612","9214","0","","34","0","","complete","results_all","1","","","5916","","57","","10098","","3383","","","76","25440","2.672141","","79","satisfy","25365","0.0952"
"chuffed","","../rectangle-packing/rect_packing.mzn","../rectangle-packing/data_square/rpp25_false.dzn","UNKNOWN","1200.2065762523562","8435712","0.121639","4168319047","0","22876","2531","468","0.05","1344","","96","","0","266674","48","","8702397","","results_all","0","-1268930903","","1200","0.0","","","1388","0.0","127","22722","152","16","","1199.875","","","satisfy","8435712","0.035"
"cp-sat","","../rectangle-packing/rect_packing.mzn","../rectangle-packing/rpp26_false.dzn","UNKNOWN","1200.2657790947706","","0.103046","","0","","","150","","200","","200","","","","100","","","","results_all","0","","","","","","","297","","133","","","","","","","","satisfy","",""
"gecode","","../rectangle-packing/rect_packing.mzn","../rectangle-packing/data_square/rpp24_true.dzn","UNKNOWN","1200.2189336754382","","0.098727","826544826","0","317","429","144","","192","0","192","","0","","96","","60582434","","results_all","0","","","","","","","283","","123","","","57","","1199.9","","","satisfy","30291173","0.008782"
"Huub_free","","../rectangle-packing/rect_packing.mzn","../rectangle-packing/data_square/rpp25_false.dzn","SATISFIED","4.535358227789402","","0.828145","3783715","0","","1653","7620","","24000","","1200","24048","441","","48","0","","complete","results_all","1","","","15600","","9705","","25713","","8575","","","726","10640","2.990586","","121","satisfy","13751","0.242884"
"Huub_free","","../rectangle-packing/rect_packing.mzn","../rectangle-packing/rpp22_false.dzn","SATISFIED","9.083914205431938","","0.640449","9289885","0","","1286","5166","","16338","","924","16380","1427","","42","0","","complete","results_all","1","","","10584","","21177","","17678","","5905","","","255","35273","7.838074","","103","satisfy","44955","0.169918"
"Huub_vsids","","../rectangle-packing/rect_packing.mzn","../rectangle-packing/data_square/rpp20_false.dzn","SATISFIED","1.1979881934821606","","0.529982","267176","0","","1069","3933","","12464","","760","12502","0","","38","0","","complete","results_all","1","","","8056","","6165","","13584","","4543","","","4628","0","0.1731","","91","satisfy","1320","0.129006"
"Huub_user","","../rectangle-packing/rect_packing.mzn","../rectangle-packing/data_square/rpp09_false.dzn","SATISFIED","0.2820599917322397","","0.118371","5160","0","","222","418","","1319","","143","1336","0","","15","0","","complete","results_all","1","","","832","","498","","1575","","535","","","507","40","0.004996","","25","satisfy","32","0.018615"
"gecode","","../rectangle-packing/rect_packing.mzn","../rectangle-packing/data_square/rpp26_true.dzn","UNKNOWN","1200.193414280191","","0.099747","642014123","0","345","465","156","","208","0","208","","0","","104","","56765179","","results_all","0","","","","","","","307","","135","","","54","","1199.9","","","satisfy","28382516","0.004143"
"gecode","","../rectangle-packing/rect_packing.mzn","../rectangle-packing/rpp23_false.dzn","UNKNOWN","1200.3200081661344","","0.109516","887437947","0","295","395","132","","176","0","176","","0","","88","","64153353","","results_all","0","","","","","","","261","","115","","","57","","1199.89","","","satisfy","32076554","0.086889"
"chuffed","","../rectangle-packing/rect_packing.mzn","../rectangle-packing/data_square/rpp20_true.dzn","SATISFIED","1.8033063486218452","22882","0.119153","10228369","0","12936","1783","350","0.04","960","","80","","0","1101","40","","24005","","results_all","1","1290034917","","840","0.0","","","994","0.0","99","12814","120","23","","1.507","","","satisfy","22882","0.022"
"Huub_vsids","","../rectangle-packing/rect_packing.mzn","../rectangle-packing/data_square/rpp24_true.dzn","SATISFIED","1.8113795425742865","","0.811703","468160","0","","1620","6972","","21960","","1200","21912","0","","48","0","","complete","results_all","1","","","14208","","9857","","23544","","7827","","","8053","0","0.293651","","117","satisfy","1495","0.232217"
"cp-sat","","../rectangle-packing/rect_packing.mzn","../rectangle-packing/data_square/rpp24_true.dzn","SATISFIED","745.8593268096447","","0.091268","966353428","0","","","144","","192","","192","","","","96","","","","results_all","1","","0","","","","0","283","","123","532","","","","745.538","","","satisfy","10452600",""
"gecode","","../rectangle-packing/rect_packing.mzn","../rectangle-packing/data_square/rpp18_true.dzn","SATISFIED","10.80994039773941","","0.093262","19009572","0","233","321","108","","144","1","144","","0","","72","","550308","","results_all","1","","","","","","","211","","87","","","47","","10.5846","","","satisfy","275139","0.001863"
"cp-sat","","../rectangle-packing/rect_packing.mzn","../rectangle-packing/data_square/rpp26_true.dzn","UNKNOWN","1200.2394243311137","","0.089056","","0","","","156","","208","","208","","","","104","","","","results_all","0","","","","","","","307","","135","","","","","","","","satisfy","",""
"Huub_vsids","","../rectangle-packing/rect_packing.mzn","../rectangle-packing/rpp23_false.dzn","SATISFIED","1.7570138946175575","","0.763869","422674","0","","1407","5995","","18920","","1012","18964","0","","44","0","","complete","results_all","1","","","12276","","8879","","20383","","6803","","","6931","0","0.334032","","109","satisfy","1557","0.198347"
"Huub_free","","../rectangle-packing/rect_packing.mzn","../rectangle-packing/data_square/rpp26_false.dzn","SATISFIED","10.851975375786424","","0.979017","10270100","0","","1777","8375","","26375","","1300","26425","745","","50","0","","complete","results_all","1","","","17150","","22205","","28214","","9408","","","469","33920","9.040974","","127","satisfy","49162","0.272829"
"Huub_vsids","","../rectangle-packing/rect_packing.mzn","../rectangle-packing/data_square/rpp26_false.dzn","SATISFIED","2.26707810908556","","0.983585","477305","0","","1777","8375","","26375","","1300","26425","0","","50","0","","complete","results_all","1","","","17150","","12448","","28214","","9408","","","9596","0","0.401531","","127","satisfy","1393","0.27754"
"Huub_vsids","","../rectangle-packing/rect_packing.mzn","../rectangle-packing/data_square/rpp27_true.dzn","SATISFIED","2.7015644684433937","","1.11645","1135254","0","","2029","9936","","31185","","1512","31131","0","","54","0","","complete","results_all","1","","","20250","","19977","","33172","","11022","","","11236","0","0.540642","","135","satisfy","1992","0.338022"
"Huub_user","","../rectangle-packing/rect_packing.mzn","../rectangle-packing/data_square/rpp22_false.dzn","SATISFIED","71.08909140527248","","0.651557","62201120","0","","1286","5166","","16338","","924","16380","0","","42","0","","complete","results_all","1","","","10584","","122","","17678","","5905","","","142","398293","69.890788","","103","satisfy","397538","0.165415"
"chuffed","","../rectangle-packing/rect_packing.mzn","../rectangle-packing/data_square/rpp26_false.dzn","UNKNOWN","1200.2467968892306","6819905","0.131398","3419164614","0","25214","2737","500","0.05","1450","","100","","0","324835","50","","7144750","","results_all","0","413841222","","1300","0.0","","","1496","0.0","133","25053","159","17","","1199.865","","","satisfy","6819905","0.039"
"chuffed","","../rectangle-packing/rect_packing.mzn","../rectangle-packing/data_square/rpp18_true.dzn","SATISFIED","1.6947746723890305","22672","0.11733","9076049","0","9762","1459","297","0.02","792","","72","","0","795","36","","23492","","results_all","1","896823280","","684","0.0","","","822","0.0","87","9654","106","24","","1.335","","","satisfy","22672","0.02"
"gecode","","../rectangle-packing/rect_packing.mzn","../rectangle-packing/data_square/rpp28_true.dzn","UNKNOWN","1200.185779619962","","0.099095","490526420","0","373","501","168","","224","0","224","","0","","112","","52747338","","results_all","0","","","","","","","331","","147","","","62","","1199.9","","","satisfy","26373639","0.004351"
"Huub_vsids","","../rectangle-packing/rect_packing.mzn","../rectangle-packing/data_square/rpp27_false.dzn","SATISFIED","2.6194469034671783","","1.08363","1084974","0","","1919","9529","","29952","","1404","30004","0","","52","0","","complete","results_all","1","","","19500","","19129","","31935","","10643","","","10730","0","0.504934","","133","satisfy","1949","0.313565"
"Huub_free","","../rectangle-packing/rect_packing.mzn","../rectangle-packing/data_square/rpp24_true.dzn","SATISFIED","3.7182410713285208","","0.770953","2987746","0","","1620","6972","","21960","","1200","21912","34","","48","0","","complete","results_all","1","","","14208","","5706","","23544","","7827","","","1153","9367","2.261958","","117","satisfy","13376","0.229817"
"chuffed","","../rectangle-packing/rect_packing.mzn","../rectangle-packing/data_square/rpp09_false.dzn","SATISFIED","0.22391789965331554","27","0.084561","19017","0","1457","321","89","0.01","189","","31","","0","0","16","","37","","results_all","1","432111043","","143","0.0","","","202","0.0","31","1415","40","9","","0.004","","","satisfy","27","0.004"
"Huub_user","","../rectangle-packing/rect_packing.mzn","../rectangle-packing/data_square/rpp27_true.dzn","UNKNOWN","1200.701022323221","","1.12166","765341271","0","","2029","9936","","31185","","1512","31131","0","","54","0","","complete","results_all","0","","","20250","","0","","33172","","11022","","","19","4393869","1198.542657","","135","satisfy","4383992","0.331824"
"cp-sat","","../rectangle-packing/rect_packing.mzn","../rectangle-packing/rpp23_false.dzn","SATISFIED","428.11781131476164","","0.09272","574550905","0","","","132","","176","","176","","","","88","","","","results_all","1","","0","","","","0","261","","115","607","","","","427.784","","","satisfy","6160276",""
"Huub_vsids","","../rectangle-packing/rect_packing.mzn","../rectangle-packing/data_square/rpp07_false.dzn","SATISFIED","0.5913254506886005","","0.100273","2058","0","","129","207","","651","","81","666","0","","9","0","","complete","results_all","1","","","408","","283","","813","","277","","","264","0","0.003666","","17","satisfy","20","0.014043"
"Huub_free","","../rectangle-packing/rect_packing.mzn","../rectangle-packing/data_square/rpp23_true.dzn","SATISFIED","4.473912050947547","","0.706245","4379424","0","","1501","6302","","19849","","1104","19803","355","","46","0","","complete","results_all","1","","","12834","","11225","","21316","","7086","","","979","11242","3.154325","","111","satisfy","18958","0.196708"
"gecode","","../rectangle-packing/rect_packing.mzn","../rectangle-packing/rpp21_false.dzn","SATISFIED","43.67176499962807","","0.094308","43906128","0","267","359","120","","160","1","160","","0","","80","","2772093","","results_all","1","","","","","","","237","","103","","","51","","43.4103","","","satisfy","1386014","0.002113"
"chuffed","","../rectangle-packing/rect_packing.mzn","../rectangle-packing/data_square/rpp21_false.dzn","SATISFIED","16.506439115852118","132118","0.118409","55491142","0","14274","1787","350","0.04","960","","80","","0","4540","40","","136679","","results_all","1","592579395","","840","0.0","","","996","0.0","103","14148","124","20","","16.181999","","","satisfy","132118","0.023"
"Huub_user","","../rectangle-packing/rect_packing.mzn","../rectangle-packing/rpp26_false.dzn","UNKNOWN","1200.522077107802","","0.986478","629056095","0","","1777","8375","","26375","","1300","26425","0","","50","0","","complete","results_all","0","","","17150","","0","","28214","","9408","","","15","4596738","1198.733086","","127","satisfy","4591177","0.277658"
"cp-sat","","../rectangle-packing/rect_packing.mzn","../rectangle-packing/data_square/rpp08_false.dzn","SATISFIED","0.23934788070619106","","0.093039","975","0","","","40","","54","","54","","","","27","","","","results_all","1","","0","","","","0","79","","25","38","","","","0.00714","","","satisfy","6",""
"chuffed","","../rectangle-packing/rect_packing.mzn","../rectangle-packing/data_square/rpp21_true.dzn","SATISFIED","16.84068786352873","132118","0.117806","59275190","0","14848","1957","378","0.04","1050","","84","","0","4729","42","","136872","","results_all","1","-2062004616","","924","0.0","","","1086","0.0","105","14719","127","24","","16.527","","","satisfy","132118","0.026"
"gecode","","../rectangle-packing/rect_packing.mzn","../rectangle-packing/rpp18_true.dzn","SATISFIED","10.966706139966846","","0.092525","19009572","0","233","321","108","","144","1","144","","0","","72","","550308","","results_all","1","","","","","","","211","","87","","","47","","10.7154","","","satisfy","275139","0.001909"
"gecode","","../rectangle-packing/rect_packing.mzn","../rectangle-packing/data_square/rpp17_true.dzn","SATISFIED","0.3574798200279474","","0.091687","207961","0","219","303","102","","136","1","136","","0","","68","","8216","","results_all","1","","","","","","","199","","81","","","34","","0.114281","","","satisfy","4095","0.003219"
"cp-sat","","../rectangle-packing/rect_packing.mzn","../rectangle-packing/data_square/rpp27_true.dzn","UNKNOWN","1200.3147128727287","","0.094599","","0","","","162","","216","","216","","","","108","","","","results_all","0","","","","","","","319","","141","","","","","","","","satisfy","",""
"gecode","","../rectangle-packing/rect_packing.mzn","../rectangle-packing/data_square/rpp25_false.dzn","UNKNOWN","1200.1607064474374","","0.100588","884822575","0","323","431","144","","192","0","192","","0","","96","","60400234","","results_all","0","","","","","","","285","","127","","","55","","1199.9","","","satisfy","30200020","0.002443"
"Huub_free","","../rectangle-packing/rect_packing.mzn","../rectangle-packing/data_square/rpp25_true.dzn","SATISFIED","5.187310991808772","","0.885538","4014798","0","","1755","7975","","25075","","1300","25025","441","","50","0","","complete","results_all","1","","","16250","","10114","","26792","","8904","","","766","10640","3.229199","","123","satisfy","14040","0.265269"
"Huub_vsids","","../rectangle-packing/rect_packing.mzn","../rectangle-packing/data_square/rpp07_true.dzn","SATISFIED","0.33463129214942455","","0.105341","2522","0","","159","253","","781","","109","770","0","","11","0","","complete","results_all","1","","","476","","350","","947","","315","","","331","0","0.003722","","19","satisfy","20","0.014318"
"chuffed","","../rectangle-packing/rect_packing.mzn","../rectangle-packing/data_square/rpp19_true.dzn","SATISFIED","1.6464030835777521","20168","0.123082","8228827","0","11404","1617","323","0.04","874","","76","","0","855","38","","21046","","results_all","1","-148772439","","760","0.0","","","906","0.0","93","11289","113","22","","1.32","","","satisfy","20168","0.02"
"chuffed","","../rectangle-packing/rect_packing.mzn","../rectangle-packing/data_square/rpp20_false.dzn","SATISFIED","1.7909707371145487","22882","0.112118","9508649","0","12414","1621","323","0.04","874","","76","","0","864","38","","23765","","results_all","1","290181749","","760","0.0","","","908","0.0","97","12295","117","20","","1.481","","","satisfy","22882","0.021"
"gecode","","../rectangle-packing/rect_packing.mzn","../rectangle-packing/data_square/rpp30_false.dzn","UNKNOWN","1200.2350751198828","","0.096496","1109828550","0","393","521","174","","232","0","232","","0","","116","","50545117","","results_all","0","","","","","","","345","","157","","","61","","1199.9","","","satisfy","25272552","0.002844"
"Huub_user","","../rectangle-packing/rect_packing.mzn","../rectangle-packing/data_square/rpp28_true.dzn","UNKNOWN","1200.6809243950993","","1.22493","667112050","0","","2166","10822","","33964","","1624","33908","0","","56","0","","complete","results_all","0","","","22064","","0","","36086","","11991","","","16","4118802","1198.421132","","141","satisfy","4116307","0.353311"
"Huub_user","","../rectangle-packing/rect_packing.mzn","../rectangle-packing/data_square/rpp17_true.dzn","SATISFIED","0.8613146115094423","","0.353108","236821","0","","852","2703","","8551","","612","8517","0","","34","0","","complete","results_all","1","","","5474","","3137","","9384","","3124","","","3152","1391","0.132436","","75","satisfy","1377","0.090526"
"gecode","","../rectangle-packing/rect_packing.mzn","../rectangle-packing/rpp22_false.dzn","SATISFIED","253.25030128657818","","0.091765","207704890","0","281","377","126","","168","1","168","","0","","84","","14244726","","results_all","1","","","","","","","249","","109","","","61","","252.901","","","satisfy","7122281","0.006718"
"Huub_vsids","","../rectangle-packing/rect_packing.mzn","../rectangle-packing/data_square/rpp09_false.dzn","SATISFIED","0.3018379509449005","","0.118455","6015","0","","222","418","","1319","","143","1336","0","","15","0","","complete","results_all","1","","","832","","549","","1575","","535","","","521","0","0.005251","","25","satisfy","29","0.018716"
"Huub_vsids","","../rectangle-packing/rect_packing.mzn","../rectangle-packing/data_square/rpp08_true.dzn","SATISFIED","0.27944090589880943","","0.111201","3134","0","","207","346","","1071","","143","1056","0","","15","0","","complete","results_all","1","","","656","","464","","1280","","427","","","449","0","0.003997","","23","satisfy","11","0.016105"
"Huub_vsids","","../rectangle-packing/rect_packing.mzn","../rectangle-packing/data_square/rpp17_true.dzn","SATISFIED","0.7970219310373068","","0.366754","115081","0","","852","2703","","8551","","612","8517","0","","34","0","","complete","results_all","1","","","5474","","4069","","9384","","3124","","","3293","0","0.059647","","75","satisfy","549","0.088864"
"Huub_user","","../rectangle-packing/rect_packing.mzn","../rectangle-packing/rpp21_false.dzn","SATISFIED","24.33555695414543","","0.58079","22938853","0","","1179","4610","","14580","","840","14620","0","","40","0","","complete","results_all","1","","","9440","","92","","15812","","5283","","","114","145417","23.228303","","97","satisfy","145123","0.152954"
"Huub_free","","../rectangle-packing/rect_packing.mzn","../rectangle-packing/data_square/rpp20_false.dzn","SATISFIED","1.5060879904776812","","0.53471","731492","0","","1069","3933","","12464","","760","12502","39","","38","0","","complete","results_all","1","","","8056","","1472","","13584","","4543","","","189","2723","0.508683","","91","satisfy","3713","0.130507"
"gecode","","../rectangle-packing/rect_packing.mzn","../rectangle-packing/data_square/rpp20_false.dzn","SATISFIED","4.4810498263686895","","0.091518","5893822","0","253","341","114","","152","1","152","","0","","76","","276878","","results_all","1","","","","","","","225","","97","","","38","","4.22733","","","satisfy","138426","0.002091"
"chuffed","","../rectangle-packing/rect_packing.mzn","../rectangle-packing/data_square/rpp18_false.dzn","SATISFIED","1.7482231091707945","22672","0.116364","8418511","0","9324","1313","272","0.02","714","","68","","0","680","34","","23374","","results_all","1","175567818","","612","0.0","","","744","0.0","85","9219","103","21","","1.402","","","satisfy","22672","0.02"
"chuffed","","../rectangle-packing/rect_packing.mzn","../rectangle-packing/data_square/rpp28_true.dzn","UNKNOWN","1200.2387106511742","7383916","0.137243","4915251096","0","29784","3399","602","0.05","1792","","112","","0","206421","56","","7590349","","results_all","0","173434916","","1624","0.0","","","1842","0.0","147","29606","176","16","","1199.86","","","satisfy","7383916","0.047"
"chuffed","","../rectangle-packing/rect_packing.mzn","../rectangle-packing/data_square/rpp26_true.dzn","UNKNOWN","1200.2501450423151","7107520","0.144797","3771518334","0","26022","2947","533","0.05","1560","","104","","0","338286","52","","7445816","","results_all","0","-1966207066","","1404","0.0","","","1606","0.0","135","25858","162","17","","1199.852","","","satisfy","7107520","0.041"
"gecode","","../rectangle-packing/rect_packing.mzn","../rectangle-packing/data_square/rpp21_false.dzn","SATISFIED","42.92118087224662","","0.094795","43906128","0","267","359","120","","160","1","160","","0","","80","","2772093","","results_all","1","","","","","","","237","","103","","","51","","42.6703","","","satisfy","1386014","0.002067"
"gecode","","../rectangle-packing/rect_packing.mzn","../rectangle-packing/data_square/rpp19_false.dzn","SATISFIED","5.091218780726194","","0.094478","5502465","0","239","323","108","","144","1","144","","0","","72","","347151","","results_all","1","","","","","","","213","","91","","","47","","4.86144","","","satisfy","173558","0.002025"
"Huub_free","","../rectangle-packing/rect_packing.mzn","../rectangle-packing/data_square/rpp28_true.dzn","SATISFIED","189.74421492777765","","1.18458","152328108","0","","2166","10822","","33964","","1624","33908","17607","","56","0","","complete","results_all","1","","","22064","","445842","","36086","","11991","","","1917","490337","187.440587","","141","satisfy","662980","0.355942"
"Huub_user","","../rectangle-packing/rect_packing.mzn","../rectangle-packing/data_square/rpp20_true.dzn","SATISFIED","4.712981894612312","","0.546673","4736890","0","","1151","4170","","13180","","840","13140","0","","40","0","","complete","results_all","1","","","8480","","70","","14304","","4759","","","91","25380","3.636088","","93","satisfy","25273","0.140739"
"gecode","","../rectangle-packing/rect_packing.mzn","../rectangle-packing/data_square/rpp30_true.dzn","UNKNOWN","1200.1577276103199","","0.102663","1113121681","0","401","537","180","","240","0","240","","0","","120","","51322938","","results_all","0","","","","","","","355","","159","","","61","","1199.9","","","satisfy","25661464","0.002917"
"gecode","","../rectangle-packing/rect_packing.mzn","../rectangle-packing/data_square/rpp09_false.dzn","SATISFIED","0.22792337089776993","","0.084871","4480","0","95","139","46","","62","1","62","","0","","31","","68","","results_all","1","","","","","","","91","","31","","","14","","0.004118","","","satisfy","28","0.001089"
"cp-sat","","../rectangle-packing/rect_packing.mzn","../rectangle-packing/data_square/rpp07_false.dzn","SATISFIED","0.23903589695692062","","0.081582","1110","0","","","30","","42","","42","","","","21","","","","results_all","1","","0","","","","0","63","","19","46","","","","0.008145","","","satisfy","14",""
"Huub_vsids","","../rectangle-packing/rect_packing.mzn","../rectangle-packing/data_square/rpp21_true.dzn","SATISFIED","1.4755492769181728","","0.580302","369294","0","","1265","4872","","15372","","924","15330","0","","42","0","","complete","results_all","1","","","9912","","7411","","16608","","5523","","","5654","0","0.273928","","99","satisfy","1525","0.168109"
"chuffed","","../rectangle-packing/rect_packing.mzn","../rectangle-packing/data_square/rpp27_false.dzn","UNKNOWN","1200.2218047082424","7044154","0.12909","3803901465","0","28214","2951","533","0.05","1560","","104","","0","411437","52","","7455603","","results_all","0","-1427425080","","1404","0.0","","","1608","0.0","139","28046","166","19","","1199.868","","","satisfy","7044154","0.044"
"cp-sat","","../rectangle-packing/rect_packing.mzn","../rectangle-packing/rpp22_false.dzn","SATISFIED","40.902774680405855","","0.105936","51523272","0","","","126","","168","","168","","","","84","","","","results_all","1","","0","","","","0","249","","109","435","","","","40.6513","","","satisfy","620301",""
"chuffed","","../rectangle-packing/rect_packing.mzn","../rectangle-packing/data_square/rpp07_true.dzn","SATISFIED","0.211969381198287","15","0.083597","8909","0","831","243","68","0.0","145","","25","","0","0","14","","29","","results_all","1","-1577740497","","109","0.0","","","156","0.0","21","801","28","13","","0.003","","","satisfy","15","0.003"
"cp-sat","","../rectangle-packing/rect_packing.mzn","../rectangle-packing/rpp18_true.dzn","SATISFIED","2.0290441010147333","","0.098562","2201001","0","","","108","","144","","144","","","","72","","","","results_all","1","","0","","","","0","211","","87","270","","","","1.77746","","","satisfy","32983",""
"chuffed","","../rectangle-packing/rect_packing.mzn","../rectangle-packing/data_square/rpp17_true.dzn","SATISFIED","0.360525069758296","1182","0.110008","545203","0","8498","1309","272","0.02","714","","68","","0","38","34","","1236","","results_all","1","-1860249744","","612","0.0","","","742","0.0","81","8397","99","15","","0.059","","","satisfy","1182","0.015"
"gecode","","../rectangle-packing/rect_packing.mzn","../rectangle-packing/data_square/rpp29_true.dzn","UNKNOWN","1200.1373646259308","","0.093819","822100985","0","387","519","174","","232","0","232","","0","","116","","54444276","","results_all","0","","","","","","","343","","153","","","60","","1199.9","","","satisfy","27222130","0.002785"
"Huub_vsids","","../rectangle-packing/rect_packing.mzn","../rectangle-packing/data_square/rpp29_false.dzn","SATISFIED","5.447820154950023","","1.25303","3776897","0","","2203","11690","","36680","","1624","36736","0","","56","0","","complete","results_all","1","","","23912","","18089","","38951","","12975","","","8114","0","3.024625","","145","satisfy","7777","0.382482"
"cp-sat","","../rectangle-packing/rect_packing.mzn","../rectangle-packing/data_square/rpp21_true.dzn","SATISFIED","12.572817197069526","","0.089338","15942264","0","","","126","","168","","168","","","","84","","","","results_all","1","","0","","","","0","247","","105","345","","","","12.3511","","","satisfy","209023",""
"cp-sat","","../rectangle-packing/rect_packing.mzn","../rectangle-packing/data_square/rpp18_true.dzn","SATISFIED","2.013861656188965","","0.098979","2201001","0","","","108","","144","","144","","","","72","","","","results_all","1","","0","","","","0","211","","87","270","","","","1.77388","","","satisfy","32983",""
"Huub_user","","../rectangle-packing/rect_packing.mzn","../rectangle-packing/data_square/rpp21_false.dzn","SATISFIED","23.090759539976716","","0.540836","22938853","0","","1179","4610","","14580","","840","14620","0","","40","0","","complete","results_all","1","","","9440","","92","","15812","","5283","","","114","145417","22.063372","","97","satisfy","145123","0.149249"
"Huub_free","","../rectangle-packing/rect_packing.mzn","../rectangle-packing/data_square/rpp17_false.dzn","SATISFIED","0.8109238035976887","","0.330587","278521","0","","782","2520","","8000","","544","8032","92","","32","0","","complete","results_all","1","","","5152","","3500","","8829","","2959","","","2915","1260","0.149328","","73","satisfy","1575","0.083598"
"Huub_free","","../rectangle-packing/rect_packing.mzn","../rectangle-packing/rpp18_true.dzn","SATISFIED","2.268382867798209","","0.405051","1819716","0","","944","3087","","9774","","684","9738","333","","36","0","","complete","results_all","1","","","6264","","5666","","10696","","3561","","","237","8677","1.36385","","81","satisfy","12181","0.10683"
"Huub_vsids","","../rectangle-packing/rect_packing.mzn","../rectangle-packing/data_square/rpp09_true.dzn","SATISFIED","0.4084863271564245","","0.134348","6932","0","","260","484","","1511","","179","1494","0","","17","0","","complete","results_all","1","","","936","","651","","1771","","591","","","623","0","0.00556","","27","satisfy","29","0.022689"
"gecode","","../rectangle-packing/rect_packing.mzn","../rectangle-packing/data_square/rpp29_false.dzn","UNKNOWN","1200.1474637314677","","0.089904","857162843","0","379","503","168","","224","0","224","","0","","112","","58514923","","results_all","0","","","","","","","333","","151","","","60","","1199.91","","","satisfy","29257452","0.002752"
"Huub_user","","../rectangle-packing/rect_packing.mzn","../rectangle-packing/data_square/rpp17_false.dzn","SATISFIED","0.7888161819428205","","0.334774","223624","0","","782","2520","","8000","","544","8032","0","","32","0","","complete","results_all","1","","","5152","","2902","","8829","","2959","","","2915","1390","0.128726","","73","satisfy","1378","0.084537"
"chuffed","","../rectangle-packing/rect_packing.mzn","../rectangle-packing/data_square/rpp22_false.dzn","SATISFIED","48.44381686672568","374587","0.124635","170466648","0","16026","1961","378","0.04","1050","","84","","0","16558","42","","391168","","results_all","1","395620978","","924","0.0","","","1088","0.0","109","15893","131","22","","48.127","","","satisfy","374587","0.026"
"cp-sat","","../rectangle-packing/rect_packing.mzn","../rectangle-packing/data_square/rpp26_false.dzn","UNKNOWN","1200.2982535082847","","0.093539","","0","","","150","","200","","200","","","","100","","","","results_all","0","","","","","","","297","","133","","","","","","","","satisfy","",""
"Huub_free","","../rectangle-packing/rect_packing.mzn","../rectangle-packing/rpp23_false.dzn","SATISFIED","16.73969952017069","","0.768084","16399991","0","","1407","5995","","18920","","1012","18964","2247","","44","0","","complete","results_all","1","","","12276","","52910","","20383","","6803","","","953","50045","15.332554","","109","satisfy","82188","0.197666"
"Huub_vsids","","../rectangle-packing/rect_packing.mzn","../rectangle-packing/data_square/rpp08_false.dzn","SATISFIED","0.31338646449148655","","0.120206","2578","0","","173","292","","916","","111","931","0","","13","0","","complete","results_all","1","","","574","","385","","1121","","382","","","370","0","0.003877","","21","satisfy","11","0.01452"
"Huub_vsids","","../rectangle-packing/rect_packing.mzn","../rectangle-packing/data_square/rpp19_true.dzn","SATISFIED","1.169246455654502","","0.459985","291691","0","","1049","3686","","11647","","760","11609","0","","38","0","","complete","results_all","1","","","7486","","6004","","12672","","4216","","","4375","0","0.185146","","87","satisfy","1403","0.125703"
"Huub_vsids","","../rectangle-packing/rect_packing.mzn","../rectangle-packing/data_square/rpp20_true.dzn","SATISFIED","1.2215213812887669","","0.510916","283278","0","","1151","4170","","13180","","840","13140","0","","40","0","","complete","results_all","1","","","8480","","6478","","14304","","4759","","","4940","0","0.176795","","93","satisfy","1320","0.140546"
"Huub_vsids","","../rectangle-packing/rect_packing.mzn","../rectangle-packing/data_square/rpp28_true.dzn","SATISFIED","4.188634870573878","","1.19214","2093426","0","","2166","10822","","33964","","1624","33908","0","","56","0","","complete","results_all","1","","","22064","","12337","","36086","","11991","","","7385","0","1.498342","","141","satisfy","4319","0.354417"
"chuffed","","../rectangle-packing/rect_packing.mzn","../rectangle-packing/data_square/rpp23_false.dzn","SATISFIED","445.7570387646556","3185175","0.120975","1416483095","0","18264","2143","407","0.05","1144","","88","","0","135910","44","","3321103","","results_all","1","825776299","","1012","0.0","","","1184","0.0","115","18124","138","21","","445.346","","","satisfy","3185175","0.03"
"Huub_user","","../rectangle-packing/rect_packing.mzn","../rectangle-packing/data_square/rpp07_true.dzn","SATISFIED","0.31808912940323353","","0.104655","2793","0","","159","253","","781","","109","770","0","","11","0","","complete","results_all","1","","","476","","310","","947","","315","","","320","30","0.003765","","19","satisfy","21","0.014863"
"Huub_user","","../rectangle-packing/rect_packing.mzn","../rectangle-packing/data_square/rpp30_true.dzn","UNKNOWN","1200.837728684768","","1.53592","828500737","0","","2468","13185","","41310","","1860","41250","0","","60","0","","complete","results_all","0","","","26880","","0","","43730","","14529","","","18","4408884","1198.034755","","153","satisfy","4405395","0.427519"
"gecode","","../rectangle-packing/rect_packing.mzn","../rectangle-packing/data_square/rpp07_true.dzn","SATISFIED","0.20732437074184418","","0.080826","1939","0","71","111","36","","50","1","50","","0","","25","","51","","results_all","1","","","","","","","73","","21","","","17","","0.007856","","","satisfy","17","0.000829"
"gecode","","../rectangle-packing/rect_packing.mzn","../rectangle-packing/data_square/rpp26_false.dzn","UNKNOWN","1200.2092738002539","","0.095603","670388063","0","337","449","150","","200","0","200","","0","","100","","60881982","","results_all","0","","","","","","","297","","133","","","54","","1199.9","","","satisfy","30440890","0.009193"
"Huub_free","","../rectangle-packing/rect_packing.mzn","../rectangle-packing/rpp26_false.dzn","SATISFIED","11.320874417200685","","1.06122","10270100","0","","1777","8375","","26375","","1300","26425","745","","50","0","","complete","results_all","1","","","17150","","22205","","28214","","9408","","","469","33920","9.441133","","127","satisfy","49162","0.281597"
"Huub_free","","../rectangle-packing/rect_packing.mzn","../rectangle-packing/data_square/rpp18_true.dzn","SATISFIED","2.1471598483622074","","0.384032","1819716","0","","944","3087","","9774","","684","9738","333","","36","0","","complete","results_all","1","","","6264","","5666","","10696","","3561","","","237","8677","1.339501","","81","satisfy","12181","0.103703"
"cp-sat","","../rectangle-packing/rect_packing.mzn","../rectangle-packing/data_square/rpp22_false.dzn","SATISFIED","40.67854407057166","","0.110673","51523272","0","","","126","","168","","168","","","","84","","","","results_all","1","","0","","","","0","249","","109","435","","","","40.4076","","","satisfy","620301",""
"Huub_free","","../rectangle-packing/rect_packing.mzn","../rectangle-packing/data_square/rpp29_true.dzn","SATISFIED","51.196904718875885","","1.30574","49866934","0","","2321","12151","","38077","","1740","38019","4237","","58","0","","complete","results_all","1","","","24766","","118675","","40352","","13406","","","3292","144409","48.78759","","147","satisfy","209179","0.396138"
"Huub_user","","../rectangle-packing/rect_packing.mzn","../rectangle-packing/data_square/rpp24_false.dzn","UNKNOWN","1200.4779081456363","","0.745473","674303622","0","","1522","6647","","20976","","1104","21022","0","","46","0","","complete","results_all","0","","","13616","","0","","22556","","7527","","","19","5164252","1199.040417","","115","satisfy","5160232","0.212894"
"Huub_free","","../rectangle-packing/rect_packing.mzn","../rectangle-packing/data_square/rpp17_true.dzn","SATISFIED","0.8309939429163933","","0.344397","272952","0","","852","2703","","8551","","612","8517","89","","34","0","","complete","results_all","1","","","5474","","3847","","9384","","3124","","","3263","1156","0.145211","","75","satisfy","1502","0.089007"
"Huub_vsids","","../rectangle-packing/rect_packing.mzn","../rectangle-packing/data_square/rpp21_false.dzn","SATISFIED","1.3771557752043009","","0.556247","354627","0","","1179","4610","","14580","","840","14620","0","","40","0","","complete","results_all","1","","","9440","","7077","","15812","","5283","","","5320","0","0.245659","","97","satisfy","1525","0.147696"
"cp-sat","","../rectangle-packing/rect_packing.mzn","../rectangle-packing/data_square/rpp28_false.dzn","UNKNOWN","1200.2332403119653","","0.091279","","0","","","162","","216","","216","","","","108","","","","results_all","0","","","","","","","321","","145","","","","","","","","satisfy","",""
"Huub_free","","../rectangle-packing/rect_packing.mzn","../rectangle-packing/data_square/rpp08_true.dzn","SATISFIED","0.26702131144702435","","0.11077","2637","0","","207","346","","1071","","143","1056","0","","15","0","","complete","results_all","1","","","656","","424","","1280","","427","","","431","19","0.003901","","23","satisfy","13","0.01626"
"chuffed","","../rectangle-packing/rect_packing.mzn","../rectangle-packing/data_square/rpp24_false.dzn","SATISFIED","816.7963540367782","5398849","0.120806","2540067808","0","20306","2333","437","0.05","1242","","92","","0","191405","46","","5590276","","results_all","1","-1849040111","","1104","0.0","","","1284","0.0","121","20159","145","27","","816.472","","","satisfy","5398849","0.033"
"Huub_free","","../rectangle-packing/rect_packing.mzn","../rectangle-packing/data_square/rpp09_true.dzn","SATISFIED","0.4189246539026499","","0.141814","5929","0","","260","484","","1511","","179","1494","0","","17","0","","complete","results_all","1","","","936","","590","","1771","","591","","","600","41","0.005309","","27","satisfy","32","0.022238"
"chuffed","","../rectangle-packing/rect_packing.mzn","../rectangle-packing/data_square/rpp29_false.dzn","UNKNOWN","1200.3018199801445","6882421","0.143718","4211443075","0","32206","3403","602","0.05","1792","","112","","0","324908","56","","7207339","","results_all","0","-1792098911","","1624","0.0","","","1844","0.0","151","32024","180","20","","1199.856","","","satisfy","6882421","0.049"
"Huub_free","","../rectangle-packing/rect_packing.mzn","../rectangle-packing/data_square/rpp27_false.dzn","SATISFIED","7.391309203580022","","1.06849","5482486","0","","1919","9529","","29952","","1404","30004","65","","52","0","","complete","results_all","1","","","19500","","7496","","31935","","10643","","","2526","15832","5.432386","","133","satisfy","20179","0.306852"
"Huub_vsids","","../rectangle-packing/rect_packing.mzn","../rectangle-packing/data_square/rpp22_false.dzn","SATISFIED","1.4180793687701225","","0.653894","314854","0","","1286","5166","","16338","","924","16380","0","","42","0","","complete","results_all","1","","","10584","","7621","","17678","","5905","","","5997","0","0.202527","","103","satisfy","1352","0.165993"
"gecode","","../rectangle-packing/rect_packing.mzn","../rectangle-packing/data_square/rpp23_false.dzn","UNKNOWN","1200.1611377485096","","0.090674","889057232","0","295","395","132","","176","0","176","","0","","88","","64314270","","results_all","0","","","","","","","261","","115","","","57","","1199.91","","","satisfy","32157013","0.00442"
"Huub_free","","../rectangle-packing/rect_packing.mzn","../rectangle-packing/data_square/rpp23_false.dzn","SATISFIED","68.15802756510675","","0.735722","60992200","0","","1407","5995","","18920","","1012","18964","9231","","44","0","","complete","results_all","1","","","12276","","210310","","20383","","6803","","","953","219856","66.777119","","109","satisfy","332120","0.198124"
"cp-sat","","../rectangle-packing/rect_packing.mzn","../rectangle-packing/data_square/rpp08_true.dzn","SATISFIED","0.2689538951963186","","0.092523","1081","0","","","46","","62","","62","","","","31","","","","results_all","1","","0","","","","0","89","","27","44","","","","0.007823","","","satisfy","6",""
"gecode","","../rectangle-packing/rect_packing.mzn","../rectangle-packing/rpp26_false.dzn","UNKNOWN","1200.129060961306","","0.092814","669909345","0","337","449","150","","200","0","200","","0","","100","","60825004","","results_all","0","","","","","","","297","","133","","","54","","1199.9","","","satisfy","30412401","0.00251"
"chuffed","","../rectangle-packing/rect_packing.mzn","../rectangle-packing/rpp23_false.dzn","SATISFIED","459.5543946623802","3185175","0.123005","1416483095","0","18264","2143","407","0.05","1144","","88","","0","135910","44","","3321103","","results_all","1","2121419427","","1012","0.0","","","1184","0.0","115","18124","138","21","","459.225","","","satisfy","3185175","0.03"
"Huub_free","","../rectangle-packing/rect_packing.mzn","../rectangle-packing/data_square/rpp21_false.dzn","SATISFIED","1.4598262906074524","","0.54379","501355","0","","1179","4610","","14580","","840","14620","1","","40","0","","complete","results_all","1","","","9440","","755","","15812","","5283","","","224","2450","0.399973","","97","satisfy","2879","0.14572"
"cp-sat","","../rectangle-packing/rect_packing.mzn","../rectangle-packing/data_square/rpp23_true.dzn","SATISFIED","432.5193950012326","","0.092107","575959965","0","","","138","","184","","184","","","","92","","","","results_all","1","","0","","","","0","271","","117","645","","","","431.941","","","satisfy","6160289",""
"Huub_vsids","","../rectangle-packing/rect_packing.mzn","../rectangle-packing/data_square/rpp23_true.dzn","SATISFIED","1.654328005388379","","0.707755","433740","0","","1501","6302","","19849","","1104","19803","0","","46","0","","complete","results_all","1","","","12834","","9262","","21316","","7086","","","7327","0","0.326245","","111","satisfy","1522","0.200822"
"cp-sat","","../rectangle-packing/rect_packing.mzn","../rectangle-packing/data_square/rpp20_true.dzn","SATISFIED","2.0107768159359694","","0.103555","2218021","0","","","120","","160","","160","","","","80","","","","results_all","1","","0","","","","0","235","","99","268","","","","1.76671","","","satisfy","31990",""
"cp-sat","","../rectangle-packing/rect_packing.mzn","../rectangle-packing/data_square/rpp29_true.dzn","UNKNOWN","1200.3361511621624","","0.094011","","0","","","174","","232","","232","","","","116","","","","results_all","0","","","","","","","343","","153","","","","","","","","satisfy","",""
"Huub_user","","../rectangle-packing/rect_packing.mzn","../rectangle-packing/data_square/rpp09_true.dzn","SATISFIED","0.4085933454334736","","0.131602","5929","0","","260","484","","1511","","179","1494","0","","17","0","","complete","results_all","1","","","936","","590","","1771","","591","","","600","41","0.005277","","27","satisfy","32","0.022591"
"cp-sat","","../rectangle-packing/rect_packing.mzn","../rectangle-packing/data_square/rpp09_false.dzn","SATISFIED","0.22420392744243145","","0.084082","2259","0","","","46","","62","","62","","","","31","","","","results_all","1","","0","","","","0","91","","31","61","","","","0.015266","","","satisfy","25",""
"cp-sat","","../rectangle-packing/rect_packing.mzn","../rectangle-packing/data_square/rpp28_true.dzn","UNKNOWN","1200.277171721682","","0.102721","","0","","","168","","224","","224","","","","112","","","","results_all","0","","","","","","","331","","147","","","","","","","","satisfy","",""
"gecode","","../rectangle-packing/rect_packing.mzn","../rectangle-packing/data_square/rpp07_false.dzn","SATISFIED","0.7131242230534554","","0.111231","1585","0","63","95","30","","42","1","42","","0","","21","","47","","results_all","1","","","","","","","63","","19","","","14","","0.041323","","","satisfy","16","0.016413"
"cp-sat","","../rectangle-packing/rect_packing.mzn","../rectangle-packing/data_square/rpp07_true.dzn","SATISFIED","0.22955989092588425","","0.081156","1277","0","","","36","","50","","50","","","","25","","","","results_all","1","","0","","","","0","73","","21","52","","","","0.009009","","","satisfy","14",""
"Huub_user","","../rectangle-packing/rect_packing.mzn","../rectangle-packing/data_square/rpp22_true.dzn","SATISFIED","73.38853236660361","","0.629364","65899937","0","","1376","5445","","17182","","1012","17138","0","","44","0","","complete","results_all","1","","","11088","","134","","18526","","6161","","","157","399957","72.124234","","105","satisfy","399155","0.187921"
"gecode","","../rectangle-packing/rect_packing.mzn","../rectangle-packing/data_square/rpp18_false.dzn","SATISFIED","3.909144340083003","","0.09932","5499248","0","225","305","102","","136","1","136","","0","","68","","241576","","results_all","1","","","","","","","201","","85","","","43","","3.58273","","","satisfy","120774","0.008652"
"Huub_free","","../rectangle-packing/rect_packing.mzn","../rectangle-packing/data_square/rpp22_true.dzn","SATISFIED","1.9407964162528515","","0.625869","1089847","0","","1376","5445","","17182","","1012","17138","157","","44","0","","complete","results_all","1","","","11088","","2976","","18526","","6161","","","279","2998","0.773027","","105","satisfy","4388","0.171778"
"Huub_user","","../rectangle-packing/rect_packing.mzn","../rectangle-packing/rpp18_true.dzn","SATISFIED","3.5624136570841074","","0.396812","3264321","0","","944","3087","","9774","","684","9738","0","","36","0","","complete","results_all","1","","","6264","","64","","10696","","3561","","","84","25391","2.75705","","81","satisfy","25307","0.103243"
"gecode","","../rectangle-packing/rect_packing.mzn","../rectangle-packing/data_square/rpp27_false.dzn","UNKNOWN","1200.2133138775826","","0.096806","644766140","0","351","467","156","","208","0","208","","0","","104","","62505829","","results_all","0","","","","","","","309","","139","","","71","","1199.9","","","satisfy","31252826","0.010824"
"Huub_vsids","","../rectangle-packing/rect_packing.mzn","../rectangle-packing/rpp22_false.dzn","SATISFIED","1.4574097450822592","","0.640228","314854","0","","1286","5166","","16338","","924","16380","0","","42","0","","complete","results_all","1","","","10584","","7621","","17678","","5905","","","5997","0","0.209507","","103","satisfy","1352","0.171509"
"cp-sat","","../rectangle-packing/rect_packing.mzn","../rectangle-packing/data_square/rpp20_false.dzn","SATISFIED","1.9490384440869093","","0.093484","2211294","0","","","114","","152","","152","","","","76","","","","results_all","1","","0","","","","0","225","","97","250","","","","1.72535","","","satisfy","31980",""
"Huub_user","","../rectangle-packing/rect_packing.mzn","../rectangle-packing/data_square/rpp26_false.dzn","UNKNOWN","1200.6368219237775","","1.03946","623043078","0","","1777","8375","","26375","","1300","26425","0","","50","0","","complete","results_all","0","","","17150","","0","","28214","","9408","","","15","4535192","1198.679314","","127","satisfy","4529604","0.277137"
"Huub_vsids","","../rectangle-packing/rect_packing.mzn","../rectangle-packing/data_square/rpp18_true.dzn","SATISFIED","1.0142282079905272","","0.411097","229780","0","","944","3087","","9774","","684","9738","0","","36","0","","complete","results_all","1","","","6264","","5148","","10696","","3561","","","3676","0","0.149078","","81","satisfy","1324","0.103892"
"Huub_vsids","","../rectangle-packing/rect_packing.mzn","../rectangle-packing/rpp21_false.dzn","SATISFIED","1.3555083237588406","","0.577461","354627","0","","1179","4610","","14580","","840","14620","0","","40","0","","complete","results_all","1","","","9440","","7078","","15812","","5283","","","5321","0","0.25547","","97","satisfy","1525","0.152896"
"cp-sat","","../rectangle-packing/rect_packing.mzn","../rectangle-packing/data_square/rpp23_false.dzn","SATISFIED","429.6284000631422","","0.096742","574550905","0","","","132","","176","","176","","","","88","","","","results_all","1","","0","","","","0","261","","115","607","","","","429.361","","","satisfy","6160276",""
"gecode","","../rectangle-packing/rect_packing.mzn","../rectangle-packing/data_square/rpp27_true.dzn","UNKNOWN","1200.297208148986","","0.096755","626026180","0","359","483","162","","216","0","216","","0","","108","","60507538","","results_all","0","","","","","","","319","","141","","","71","","1199.9","","","satisfy","30253686","0.009658"
"Huub_user","","../rectangle-packing/rect_packing.mzn","../rectangle-packing/data_square/rpp26_true.dzn","UNKNOWN","1200.584554295987","","1.057","661884814","0","","1883","8749","","27508","","1404","27456","0","","52","0","","complete","results_all","0","","","17836","","0","","29351","","9755","","","16","4646582","1198.656855","","129","satisfy","4640887","0.283178"
"Huub_vsids","","../rectangle-packing/rect_packing.mzn","../rectangle-packing/data_square/rpp17_false.dzn","SATISFIED","0.7338308356702328","","0.331892","107970","0","","782","2520","","8000","","544","8032","0","","32","0","","complete","results_all","1","","","5152","","3779","","8829","","2959","","","3003","0","0.058752","","73","satisfy","549","0.084632"
"cp-sat","","../rectangle-packing/rect_packing.mzn","../rectangle-packing/rpp21_false.dzn","SATISFIED","12.659249214455485","","0.095158","15874730","0","","","120","","160","","160","","","","80","","","","results_all","1","","0","","","","0","237","","103","324","","","","12.4069","","","satisfy","209027",""
"Huub_user","","../rectangle-packing/rect_packing.mzn","../rectangle-packing/data_square/rpp18_true.dzn","SATISFIED","3.5161212850362062","","0.377334","3264321","0","","944","3087","","9774","","684","9738","0","","36","0","","complete","results_all","1","","","6264","","64","","10696","","3561","","","84","25391","2.71962","","81","satisfy","25307","0.103376"
"Huub_user","","../rectangle-packing/rect_packing.mzn","../rectangle-packing/data_square/rpp07_false.dzn","SATISFIED","0.34738057665526867","","0.100411","2287","0","","129","207","","651","","81","666","0","","9","0","","complete","results_all","1","","","408","","246","","813","","277","","","255","29","0.00365","","17","satisfy","21","0.01295"
"cp-sat","","../rectangle-packing/rect_packing.mzn","../rectangle-packing/data_square/rpp19_false.dzn","SATISFIED","1.8740320447832346","","0.094048","2206681","0","","","108","","144","","144","","","","72","","","","results_all","1","","0","","","","0","213","","91","293","","","","1.64358","","","satisfy","30243",""
"chuffed","","../rectangle-packing/rect_packing.mzn","../rectangle-packing/data_square/rpp07_false.dzn","SATISFIED","0.2908936981111765","15","0.081609","6622","0","721","185","54","0.0","111","","21","","0","0","12","","28","","results_all","1","306724813","","81","0.0","","","122","0.0","19","693","26","12","","0.004","","","satisfy","15","0.002"
"Huub_vsids","","../rectangle-packing/rect_packing.mzn","../rectangle-packing/data_square/rpp30_false.dzn","SATISFIED","3.8058483451604843","","1.41396","1659472","0","","2346","12702","","39846","","1740","39904","0","","58","0","","complete","results_all","1","","","25984","","13087","","42262","","14077","","","8826","0","1.237196","","151","satisfy","3267","0.412697"
"cp-sat","","../rectangle-packing/rect_packing.mzn","../rectangle-packing/data_square/rpp19_true.dzn","SATISFIED","1.942756874486804","","0.102982","2213218","0","","","114","","152","","152","","","","76","","","","results_all","1","","0","","","","0","223","","93","314","","","","1.66237","","","satisfy","30243",""
"Huub_free","","../rectangle-packing/rect_packing.mzn","../rectangle-packing/rpp21_false.dzn","SATISFIED","1.4919679760932922","","0.558048","501355","0","","1179","4610","","14580","","840","14620","1","","40","0","","complete","results_all","1","","","9440","","754","","15812","","5283","","","223","2450","0.416765","","97","satisfy","2879","0.152364"
"gecode","","../rectangle-packing/rect_packing.mzn","../rectangle-packing/data_square/rpp09_true.dzn","SATISFIED","0.33718373626470566","","0.102956","4936","0","103","155","52","","70","1","70","","0","","35","","73","","results_all","1","","","","","","","101","","33","","","18","","0.005563","","","satisfy","29","0.00908"
"Huub_user","","../rectangle-packing/rect_packing.mzn","../rectangle-packing/data_square/rpp23_false.dzn","SATISFIED","735.795703491196","","0.70529","428175968","0","","1407","5995","","18920","","1012","18964","0","","44","0","","complete","results_all","1","","","12276","","108","","20383","","6803","","","126","3376331","734.443769","","109","satisfy","3372079","0.195407"
"chuffed","","../rectangle-packing/rect_packing.mzn","../rectangle-packing/data_square/rpp22_true.dzn","SATISFIED","48.73201545700431","374587","0.116103","181971389","0","16636","2139","407","0.05","1144","","88","","0","17383","44","","391997","","results_all","1","-989501230","","1012","0.0","","","1182","0.0","111","16500","134","26","","48.434","","","satisfy","374587","0.027"
"chuffed","","../rectangle-packing/rect_packing.mzn","../rectangle-packing/data_square/rpp08_true.dzn","SATISFIED","0.21080396696925163","7","0.083464","7032","0","1169","317","89","0.0","189","","31","","0","0","16","","15","","results_all","1","-138660460","","143","0.0","","","200","0.0","27","1132","35","7","","0.004","","","satisfy","7","0.003"
"gecode","","../rectangle-packing/rect_packing.mzn","../rectangle-packing/data_square/rpp08_false.dzn","SATISFIED","0.2420190181583166","","0.088112","1530","0","81","121","40","","54","1","54","","0","","27","","25","","results_all","1","","","","","","","79","","25","","","8","","0.008384","","","satisfy","9","0.000911"
"Huub_vsids","","../rectangle-packing/rect_packing.mzn","../rectangle-packing/data_square/rpp26_true.dzn","SATISFIED","2.2652957513928413","","1.025879","551377","0","","1883","8749","","27508","","1404","27456","0","","52","0","","complete","results_all","1","","","17836","","13458","","29351","","9755","","","10118","0","0.408419","","129","satisfy","1540","0.277846"
"gecode","","../rectangle-packing/rect_packing.mzn","../rectangle-packing/data_square/rpp08_true.dzn","SATISFIED","0.2049889024347067","","0.080881","1830","0","89","137","46","","62","1","62","","0","","31","","30","","results_all","1","","","","","","","89","","27","","","12","","0.003754","","","satisfy","10","0.000941"
"Huub_vsids","","../rectangle-packing/rect_packing.mzn","../rectangle-packing/data_square/rpp19_false.dzn","SATISFIED","1.0119377877563238","","0.422248","278628","0","","971","3465","","10980","","684","11016","0","","36","0","","complete","results_all","1","","","7092","","5714","","12001","","4015","","","4085","0","0.179056","","85","satisfy","1403","0.114504"
"cp-sat","","../rectangle-packing/rect_packing.mzn","../rectangle-packing/data_square/rpp27_false.dzn","UNKNOWN","1200.3685685433447","","0.091946","","0","","","156","","208","","208","","","","104","","","","results_all","0","","","","","","","309","","139","","","","","","","","satisfy","",""
"chuffed","","../rectangle-packing/rect_packing.mzn","../rectangle-packing/data_square/rpp24_true.dzn","SATISFIED","812.1338302716613","5398849","0.128419","2690601105","0","21012","2527","468","0.05","1344","","96","","0","191738","48","","5590612","","results_all","1","1283959254","","1200","0.0","","","1386","0.0","123","20862","148","29","","811.735","","","satisfy","5398849","0.036"
"Huub_vsids","","../rectangle-packing/rect_packing.mzn","../rectangle-packing/data_square/rpp28_false.dzn","SATISFIED","3.183518022298813","","1.16445","1597309","0","","2052","10395","","32670","","1512","32724","0","","54","0","","complete","results_all","1","","","21276","","10858","","34788","","11593","","","7086","0","0.999422","","139","satisfy","3199","0.339789"
"Huub_user","","../rectangle-packing/rect_packing.mzn","../rectangle-packing/data_square/rpp08_false.dzn","SATISFIED","0.2716658115386963","","0.111992","2222","0","","173","292","","916","","111","931","0","","13","0","","complete","results_all","1","","","574","","348","","1121","","382","","","354","18","0.003784","","21","satisfy","13","0.013997"
"chuffed","","../rectangle-packing/rect_packing.mzn","../rectangle-packing/rpp18_true.dzn","SATISFIED","1.6441539339721203","22672","0.11103","9076049","0","9762","1459","297","0.02","792","","72","","0","795","36","","23492","","results_all","1","-25351320","","684","0.0","","","822","0.0","87","9654","106","24","","1.352","","","satisfy","22672","0.017"
"Huub_free","","../rectangle-packing/rect_packing.mzn","../rectangle-packing/data_square/rpp24_false.dzn","SATISFIED","3.1074750311672688","","0.773052","1906766","0","","1522","6647","","20976","","1104","21022","107","","46","0","","complete","results_all","1","","","13616","","3015","","22556","","7527","","","272","7042","1.514089","","115","satisfy","8758","0.213684"
"cp-sat","","../rectangle-packing/rect_packing.mzn","../rectangle-packing/data_square/rpp17_true.dzn","SATISFIED","0.36372501589357853","","0.099938","86328","0","","","102","","136","","136","","","","68","","","","results_all","1","","0","","","","0","199","","81","143","","","","0.097844","","","satisfy","1674",""
"cp-sat","","../rectangle-packing/rect_packing.mzn","../rectangle-packing/data_square/rpp09_true.dzn","SATISFIED","0.26058586314320564","","0.090483","2416","0","","","52","","70","","70","","","","35","","","","results_all","1","","0","","","","0","101","","33","69","","","","0.014981","","","satisfy","25",""
"Huub_user","","../rectangle-packing/rect_packing.mzn","../rectangle-packing/data_square/rpp30_false.dzn","UNKNOWN","1200.7554187271744","","1.32879","794062800","0","","2346","12702","","39846","","1740","39904","0","","58","0","","complete","results_all","0","","","25984","","0","","42262","","14077","","","18","4388311","1198.251189","","151","satisfy","4384798","0.416423"
"chuffed","","../rectangle-packing/rect_packing.mzn","../rectangle-packing/data_square/rpp30_false.dzn","UNKNOWN","1200.2349567227066","6660902","0.139873","3917585131","0","34814","3641","638","0.05","1914","","116","","0","220296","58","","6881211","","results_all","0","452646645","","1740","0.0","","","1968","0.0","157","34625","187","18","","1199.857","","","satisfy","6660902","0.053"
"Huub_free","","../rectangle-packing/rect_packing.mzn","../rectangle-packing/data_square/rpp26_true.dzn","SATISFIED","15.49796723201871","","0.962963","17403678","0","","1883","8749","","27508","","1404","27456","938","","52","0","","complete","results_all","1","","","17836","","34161","","29351","","9755","","","1416","42035","13.716935","","129","satisfy","66483","0.278253"
"Huub_user","","../rectangle-packing/rect_packing.mzn","../rectangle-packing/data_square/rpp27_false.dzn","UNKNOWN","1200.7135686837137","","1.14967","742363401","0","","1919","9529","","29952","","1404","30004","0","","52","0","","complete","results_all","0","","","19500","","0","","31935","","10643","","","19","4451406","1198.533713","","133","satisfy","4441272","0.3133"
"Huub_free","","../rectangle-packing/rect_packing.mzn","../rectangle-packing/data_square/rpp30_false.dzn","SATISFIED","1079.63105507195","","1.43752","795401929","0","","2346","12702","","39846","","1740","39904","66415","","58","0","","complete","results_all","1","","","25984","","1752849","","42262","","14077","","","3196","2253135","1077.021288","","151","satisfy","3235431","0.409789"
"Huub_free","","../rectangle-packing/rect_packing.mzn","../rectangle-packing/data_square/rpp22_false.dzn","SATISFIED","8.666540179401636","","0.602749","9289885","0","","1286","5166","","16338","","924","16380","1427","","42","0","","complete","results_all","1","","","10584","","21177","","17678","","5905","","","255","35273","7.528439","","103","satisfy","44955","0.165826"
"Huub_user","","../rectangle-packing/rect_packing.mzn","../rectangle-packing/data_square/rpp25_false.dzn","UNKNOWN","1200.4975356850773","","0.826218","666769964","0","","1653","7620","","24000","","1200","24048","0","","48","0","","complete","results_all","0","","","15600","","0","","25713","","8575","","","16","5215735","1198.922152","","121","satisfy","5211608","0.247488"
"cp-sat","","../rectangle-packing/rect_packing.mzn","../rectangle-packing/data_square/rpp18_false.dzn","SATISFIED","1.9864014443010092","","0.093187","2194805","0","","","102","","136","","136","","","","68","","","","results_all","1","","0","","","","0","201","","85","251","","","","1.75917","","","satisfy","32984",""
"Huub_free","","../rectangle-packing/rect_packing.mzn","../rectangle-packing/data_square/rpp08_false.dzn","SATISFIED","0.2756484132260084","","0.112806","2222","0","","173","292","","916","","111","931","0","","13","0","","complete","results_all","1","","","574","","348","","1121","","382","","","354","18","0.003862","","21","satisfy","13","0.014622"
"gecode","","../rectangle-packing/rect_packing.mzn","../rectangle-packing/data_square/rpp22_false.dzn","SATISFIED","253.73663811571896","","0.087996","207704890","0","281","377","126","","168","1","168","","0","","84","","14244726","","results_all","1","","","","","","","249","","109","","","61","","253.516","","","satisfy","7122281","0.002201"
"Huub_user","","../rectangle-packing/rect_packing.mzn","../rectangle-packing/rpp22_false.dzn","SATISFIED","73.90124075114727","","0.638899","62201120","0","","1286","5166","","16338","","924","16380","0","","42","0","","complete","results_all","1","","","10584","","122","","17678","","5905","","","142","398293","72.660464","","103","satisfy","397538","0.170518"
"gecode","","../rectangle-packing/rect_packing.mzn","../rectangle-packing/data_square/rpp23_true.dzn","UNKNOWN","1200.1403728555888","","0.089437","852596580","0","303","411","138","","184","0","184","","0","","92","","61653780","","results_all","0","","","","","","","271","","117","","","63","","1199.91","","","satisfy","30826770","0.002253"
"chuffed","","../rectangle-packing/rect_packing.mzn","../rectangle-packing/data_square/rpp09_true.dzn","SATISFIED","0.2537929080426693","27","0.092717","23597","0","1611","395","105","0.01","231","","35","","0","0","18","","40","","results_all","1","-969493117","","179","0.0","","","244","0.0","33","1567","42","12","","0.004","","","satisfy","27","0.004"
"Huub_vsids","","../rectangle-packing/rect_packing.mzn","../rectangle-packing/data_square/rpp25_true.dzn","SATISFIED","2.4548556059598923","","0.931023","360133","0","","1755","7975","","25075","","1300","25025","0","","50","0","","complete","results_all","1","","","16250","","10862","","26792","","8904","","","9162","0","0.265806","","123","satisfy","1363","0.264865"
"Huub_free","","../rectangle-packing/rect_packing.mzn","../rectangle-packing/data_square/rpp09_false.dzn","SATISFIED","0.2829887419939041","","0.119609","5160","0","","222","418","","1319","","143","1336","0","","15","0","","complete","results_all","1","","","832","","498","","1575","","535","","","507","40","0.005059","","25","satisfy","32","0.018649"
"chuffed","","../rectangle-packing/rect_packing.mzn","../rectangle-packing/rpp21_false.dzn","SATISFIED","17.265596583485603","132118","0.115173","55491142","0","14274","1787","350","0.04","960","","80","","0","4540","40","","136679","","results_all","1","731283077","","840","0.0","","","996","0.0","103","14148","124","20","","16.964","","","satisfy","132118","0.023"
"cp-sat","","../rectangle-packing/rect_packing.mzn","../rectangle-packing/data_square/rpp30_false.dzn","UNKNOWN","1200.3232180289924","","0.093026","","0","","","174","","232","","232","","","","116","","","","results_all","0","","","","","","","345","","157","","","","","","","","satisfy","",""
"Huub_free","","../rectangle-packing/rect_packing.mzn","../rectangle-packing/data_square/rpp21_true.dzn","SATISFIED","1.4944442957639694","","0.569076","526375","0","","1265","4872","","15372","","924","15330","1","","42","0","","complete","results_all","1","","","9912","","795","","16608","","5523","","","254","2450","0.414205","","99","satisfy","2887","0.158562"
"chuffed","","../rectangle-packing/rect_packing.mzn","../rectangle-packing/data_square/rpp30_true.dzn","UNKNOWN","1200.3721457663924","6649096","0.162251","4095139471","0","35848","3883","675","0.08","2040","","120","","0","219746","60","","6868854","","results_all","0","-2094173500","","1860","0.0","","","2094","0.0","159","35656","190","18","","1199.854","","","satisfy","6649096","0.056"
"chuffed","","../rectangle-packing/rect_packing.mzn","../rectangle-packing/data_square/rpp27_true.dzn","UNKNOWN","1200.2706453092396","6899396","0.150268","3932291875","0","29090","3169","567","0.05","1674","","108","","0","402879","54","","7302288","","results_all","0","2107741349","","1512","0.0","","","1722","0.0","141","28919","169","19","","1199.846","","","satisfy","6899396","0.048"
"Huub_vsids","","../rectangle-packing/rect_packing.mzn","../rectangle-packing/data_square/rpp18_false.dzn","SATISFIED","0.9671506099402905","","0.393192","217781","0","","870","2890","","9180","","612","9214","0","","34","0","","complete","results_all","1","","","5916","","4895","","10098","","3383","","","3429","0","0.145798","","79","satisfy","1318","0.09716"
"Huub_free","","../rectangle-packing/rect_packing.mzn","../rectangle-packing/data_square/rpp28_false.dzn","SATISFIED","163.3198823686689","","1.23497","138648813","0","","2052","10395","","32670","","1512","32724","19493","","54","0","","complete","results_all","1","","","21276","","402647","","34788","","11593","","","1836","468172","161.050883","","139","satisfy","592352","0.342664"
"Huub_user","","../rectangle-packing/rect_packing.mzn","../rectangle-packing/data_square/rpp25_true.dzn","UNKNOWN","1200.6205134913325","","0.893363","690476839","0","","1755","7975","","25075","","1300","25025","0","","50","0","","complete","results_all","0","","","16250","","0","","26792","","8904","","","16","5218067","1198.837677","","123","satisfy","5213991","0.2654"
"chuffed","","../rectangle-packing/rect_packing.mzn","../rectangle-packing/data_square/rpp28_false.dzn","UNKNOWN","1200.3856674749404","7386440","0.151231","4691976909","0","28866","3173","567","0.05","1674","","108","","0","206445","54","","7592896","","results_all","0","2032957999","","1512","0.0","","","1724","0.0","145","28691","173","16","","1199.845","","","satisfy","7386440","0.048"
"chuffed","","../rectangle-packing/rect_packing.mzn","../rectangle-packing/data_square/rpp25_true.dzn","UNKNOWN","1200.2233983781189","8169733","0.129889","4248338312","0","23644","2733","500","0.05","1450","","100","","0","258504","50","","8428246","","results_all","0","716681629","","1300","0.0","","","1494","0.0","129","23487","155","16","","1199.867","","","satisfy","8169733","0.038"
"Huub_user","","../rectangle-packing/rect_packing.mzn","../rectangle-packing/data_square/rpp23_true.dzn","SATISFIED","728.1229100972414","","0.748692","450842729","0","","1501","6302","","19849","","1104","19803","0","","46","0","","complete","results_all","1","","","12834","","128","","21316","","7086","","","148","3384985","726.719231","","111","satisfy","3380661","0.200782"
"Huub_free","","../rectangle-packing/rect_packing.mzn","../rectangle-packing/data_square/rpp19_true.dzn","SATISFIED","2.940293511375785","","0.454027","2784885","0","","1049","3686","","11647","","760","11609","347","","38","0","","complete","results_all","1","","","7486","","6216","","12672","","4216","","","291","10160","1.967038","","87","satisfy","14563","0.12551"
"gecode","","../rectangle-packing/rect_packing.mzn","../rectangle-packing/data_square/rpp22_true.dzn","SATISFIED","391.7089378181845","","0.088661","398103833","0","289","393","132","","176","1","176","","0","","88","","19471712","","results_all","1","","","","","","","259","","111","","","66","","391.473","","","satisfy","9735771","0.00224"
"Huub_free","","../rectangle-packing/rect_packing.mzn","../rectangle-packing/data_square/rpp29_false.dzn","SATISFIED","49.446379352360964","","1.25022","49480248","0","","2203","11690","","36680","","1624","36736","5235","","56","0","","complete","results_all","1","","","23912","","122078","","38951","","12975","","","2150","149602","47.140008","","145","satisfy","211188","0.380672"
"Huub_free","","../rectangle-packing/rect_packing.mzn","../rectangle-packing/data_square/rpp07_false.dzn","SATISFIED","0.262075824663043","","0.100144","2287","0","","129","207","","651","","81","666","0","","9","0","","complete","results_all","1","","","408","","246","","813","","277","","","255","29","0.003666","","17","satisfy","21","0.011303"
"chuffed","","../rectangle-packing/rect_packing.mzn","../rectangle-packing/data_square/rpp08_false.dzn","SATISFIED","0.2473004087805748","7","0.09397","5465","0","1041","251","74","0.0","151","","27","","0","0","14","","13","","results_all","1","-1816892732","","111","0.0","","","162","0.0","25","1006","33","5","","0.003","","","satisfy","7","0.003"
"Huub_free","","../rectangle-packing/rect_packing.mzn","../rectangle-packing/data_square/rpp27_true.dzn","SATISFIED","7.830116460099816","","1.11958","5821702","0","","2029","9936","","31185","","1512","31131","65","","54","0","","complete","results_all","1","","","20250","","7589","","33172","","11022","","","2637","15794","5.771076","","135","satisfy","20144","0.329169"
"Huub_user","","../rectangle-packing/rect_packing.mzn","../rectangle-packing/data_square/rpp28_false.dzn","UNKNOWN","1200.666095200926","","1.15151","648766051","0","","2052","10395","","32670","","1512","32724","0","","54","0","","complete","results_all","0","","","21276","","0","","34788","","11593","","","16","4154035","1198.501105","","139","satisfy","4151564","0.344423"
"gecode","","../rectangle-packing/rect_packing.mzn","../rectangle-packing/data_square/rpp25_true.dzn","UNKNOWN","1200.1783990953118","","0.102992","831550339","0","331","447","150","","200","0","200","","0","","100","","56865321","","results_all","0","","","","","","","295","","129","","","55","","1199.89","","","satisfy","28432564","0.002482"
"chuffed","","../rectangle-packing/rect_packing.mzn","../rectangle-packing/rpp26_false.dzn","UNKNOWN","1200.2220925744623","6803031","0.140506","3409812198","0","25214","2737","500","0.05","1450","","100","","0","324506","50","","7127547","","results_all","0","906282523","","1300","0.0","","","1496","0.0","133","25053","159","17","","1199.856","","","satisfy","6803031","0.04"
"Huub_free","","../rectangle-packing/rect_packing.mzn","../rectangle-packing/data_square/rpp19_false.dzn","SATISFIED","3.6970296557992697","","0.442496","3556783","0","","971","3465","","10980","","684","11016","461","","36","0","","complete","results_all","1","","","7092","","11467","","12001","","4015","","","171","11770","2.84562","","85","satisfy","20690","0.112387"
"chuffed","","../rectangle-packing/rect_packing.mzn","../rectangle-packing/data_square/rpp19_false.dzn","SATISFIED","1.5761411376297474","20168","0.116103","7626606","0","10916","1463","297","0.04","792","","72","","0","727","36","","20914","","results_all","1","726326908","","684","0.0","","","824","0.0","91","10804","110","19","","1.295","","","satisfy","20168","0.019"
"Huub_vsids","","../rectangle-packing/rect_packing.mzn","../rectangle-packing/data_square/rpp29_true.dzn","SATISFIED","4.159042509272695","","1.29606","2767858","0","","2321","12151","","38077","","1740","38019","0","","58","0","","complete","results_all","1","","","24766","","13259","","40352","","13406","","","8442","0","1.747308","","147","satisfy","4211","0.397734"
"Huub_vsids","","../rectangle-packing/rect_packing.mzn","../rectangle-packing/rpp18_true.dzn","SATISFIED","1.1104376167058945","","0.405849","229780","0","","944","3087","","9774","","684","9738","0","","36","0","","complete","results_all","1","","","6264","","5148","","10696","","3561","","","3676","0","0.151607","","81","satisfy","1324","0.109735"
"cp-sat","","../rectangle-packing/rect_packing.mzn","../rectangle-packing/data_square/rpp24_false.dzn","SATISFIED","743.0301052257419","","0.099012","965505248","0","","","138","","184","","184","","","","92","","","","results_all","1","","0","","","","0","273","","121","516","","","","742.678","","","satisfy","10452599",""
"chuffed","","../rectangle-packing/rect_packing.mzn","../rectangle-packing/rpp22_false.dzn","SATISFIED","50.79931008070707","374587","0.119827","170466648","0","16026","1961","378","0.04","1050","","84","","0","16558","42","","391168","","results_all","1","-1296330370","","924","0.0","","","1088","0.0","109","15893","131","22","","50.472","","","satisfy","374587","0.027"
"cp-sat","","../rectangle-packing/rect_packing.mzn","../rectangle-packing/data_square/rpp25_false.dzn","UNKNOWN","1200.3200080022216","","0.091343","","0","","","144","","192","","192","","","","96","","","","results_all","0","","","","","","","285","","127","","","","","","","","satisfy","",""
"gecode","","../rectangle-packing/rect_packing.mzn","../rectangle-packing/data_square/rpp17_false.dzn","SATISFIED","0.32839307747781277","","0.087704","205015","0","211","287","96","","128","1","128","","0","","64","","8209","","results_all","1","","","","","","","189","","79","","","29","","0.104418","","","satisfy","4093","0.001693"
"Huub_free","","../rectangle-packing/rect_packing.mzn","../rectangle-packing/data_square/rpp20_true.dzn","SATISFIED","1.5484485272318125","","0.507445","770635","0","","1151","4170","","13180","","840","13140","39","","40","0","","complete","results_all","1","","","8480","","1515","","14304","","4759","","","227","2723","0.52109","","93","satisfy","3718","0.141932"
"Huub_user","","../rectangle-packing/rect_packing.mzn","../rectangle-packing/data_square/rpp21_true.dzn","SATISFIED","23.63432728871703","","0.568102","24196840","0","","1265","4872","","15372","","924","15330","0","","42","0","","complete","results_all","1","","","9912","","103","","16608","","5523","","","126","144959","22.498148","","99","satisfy","144681","0.158247"
"Huub_vsids","","../rectangle-packing/rect_packing.mzn","../rectangle-packing/data_square/rpp22_true.dzn","SATISFIED","1.3881837241351604","","0.623882","327430","0","","1376","5445","","17182","","1012","17138","0","","44","0","","complete","results_all","1","","","11088","","7984","","18526","","6161","","","6360","0","0.205551","","105","satisfy","1352","0.173133"
"Huub_free","","../rectangle-packing/rect_packing.mzn","../rectangle-packing/data_square/rpp30_true.dzn","SATISFIED","253.74326074309647","","1.42218","220528106","0","","2468","13185","","41310","","1860","41250","13931","","60","0","","complete","results_all","1","","","26880","","508978","","43730","","14529","","","2014","572512","251.117196","","153","satisfy","901123","0.427515"
"Huub_vsids","","../rectangle-packing/rect_packing.mzn","../rectangle-packing/data_square/rpp24_false.dzn","SATISFIED","1.6538080926984549","","0.741497","369691","0","","1522","6647","","20976","","1104","21022","0","","46","0","","complete","results_all","1","","","13616","","9324","","22556","","7527","","","7678","0","0.246563","","115","satisfy","1362","0.212471"
"gecode","","../rectangle-packing/rect_packing.mzn","../rectangle-packing/data_square/rpp20_true.dzn","SATISFIED","13.537821935489774","","0.090802","16314832","0","261","357","120","","160","1","160","","0","","80","","593347","","results_all","1","","","","","","","235","","99","","","42","","13.3061","","","satisfy","296659","0.002003"
"Huub_free","","../rectangle-packing/rect_packing.mzn","../rectangle-packing/data_square/rpp07_true.dzn","SATISFIED","0.32728722505271435","","0.10562","2793","0","","159","253","","781","","109","770","0","","11","0","","complete","results_all","1","","","476","","310","","947","","315","","","320","30","0.003818","","19","satisfy","21","0.014482"
"Huub_vsids","","../rectangle-packing/rect_packing.mzn","../rectangle-packing/data_square/rpp23_false.dzn","SATISFIED","1.759963607415557","","0.755802","422674","0","","1407","5995","","18920","","1012","18964","0","","44","0","","complete","results_all","1","","","12276","","8879","","20383","","6803","","","6931","0","0.331443","","109","satisfy","1557","0.19985"
"Huub_user","","../rectangle-packing/rect_packing.mzn","../rectangle-packing/rpp23_false.dzn","SATISFIED","752.5124322809279","","0.710055","428175968","0","","1407","5995","","18920","","1012","18964","0","","44","0","","complete","results_all","1","","","12276","","108","","20383","","6803","","","126","3376331","751.174564","","109","satisfy","3372079","0.194318"
