"configuration","problem","model","data_file","status","time","variables","evaluatedHalfReifiedConstraints","objectiveBound","flatTime","backjumps","method","trailMem","userDecisions","nSolutions","intVars","flatBoolVars","propagators","paths","evaluatedReifiedConstraints","initTime","restarts","objective","extractedViews","nogoods","solveTime","randomSeed","intVariables","optTime","flatBoolConstraints","flatIntVars","failures","blockType","propagations","unifiedVariables","flatIntConstraints","peakDepth","solutions","nodes","run","baseMem","peakMem","boolVariables","oracleDecisions"
"gecode","","../container-loading/container-loading.mzn","../container-loading/cl01.dzn","UNKNOWN","1200.9352933000773","30305","29700","","1.65939","","minimize","","","0","","29700","35048","0","","0.264755","0","","","","1198.34","","","","4950","605","1620988","","3298405116","","30098","157","0","3242090","results_container","","","",""
"Huub_free_diffn","","../container-loading/container-loading.mzn","../container-loading/cl02.dzn","SATISFIED","1200.6007268195972","","","","0.211445","","minimize","","0","29","","1728","2118","0","2688","0.041541","724","8160","600","","1199.797373","","605","","960","1205","38530","complete","10748510","0","1758","3946","","","results_container","","","","438033"
"Huub_user_diffn","","../container-loading/container-loading.mzn","../container-loading/cl15.dzn","SATISFIED","1200.6087708622217","","","","0.234549","","minimize","","0","43","","2160","2646","0","3360","0.063868","0","17680","750","","1199.76768","","755","","1200","1505","190892","complete","18071728","0","2196","4718","","","results_container","","","","419404"
"Huub_free_diffn","","../container-loading/container-loading.mzn","../container-loading/cl05.dzn","SATISFIED","1200.5490856757388","","","","0.17239","","minimize","","0","29","","1026","1260","0","1596","0.031404","3126","4752","360","","1199.821105","","365","","570","725","356942","complete","41191433","0","1050","1823","","","results_container","","","","1007639"
"Huub_user_basic","","../container-loading/container-loading.mzn","../container-loading/cl06.dzn","SATISFIED","1200.5001740278676","","","","0.207192","","minimize","","0","34","","1728","2118","0","2688","0.04172","0","10296","600","","1199.814025","","605","","960","1205","312932","complete","20833301","0","1758","1321","","","results_container","","","","406145"
"Huub_free_basic","","../container-loading/container-loading.mzn","../container-loading/cl08.dzn","SATISFIED","1200.5417401287705","","","","0.226415","","minimize","","0","54","","1116","1370","0","1736","0.034899","4669","4536","390","","1199.748334","","395","","620","785","447850","complete","54830846","0","1140","2100","","","results_container","","","","1418153"
"chuffed","","../container-loading/container-loading.mzn","../container-loading/cl01.dzn","SATISFIED","1201.2095099417493","80395","","","1.6936","1662717","minimize","0.63","","64","899","30234","61089","0","30327","0.414","64","4320","","2310951","1198.303","406766617","","1104.989","5415","899","2310951","","5248885202","","30740","598","","4000888","results_container","0.0","0.0","79494",""
"gecode","","../container-loading/container-loading.mzn","../container-loading/cl14.dzn","UNKNOWN","1201.2381032695994","43565","42840","","2.45243","","minimize","","","0","","42840","50459","0","","0.378543","0","","","","1197.55","","","","7140","725","893968","","2822282211","","43319","238","0","1788124","results_container","","","",""
"Huub_user_m+s","","../container-loading/container-loading.mzn","../container-loading/cl07.dzn","SATISFIED","1200.294211730361","","","","0.16492","","minimize","","0","34","","1728","2118","0","2688","0.046749","0","10868","600","","1199.91569","","605","","960","1205","146667","complete","12026307","0","1758","2944","","","results_container","","","","219484"
"Huub_free_m+s","","../container-loading/container-loading.mzn","../container-loading/cl10.dzn","SATISFIED","1200.2082671560347","","","","0.186052","","minimize","","0","44","","2178","2668","0","3388","0.060002","347","17250","750","","1199.765341","","755","","1210","1505","18498","complete","6924900","0","2208","7571","","","results_container","","","","413110"
"Huub_free_m+o","","../container-loading/container-loading.mzn","../container-loading/cl09.dzn","SATISFIED","1200.688966035843","","","","0.202725","","minimize","","0","51","","1728","2118","0","2688","0.049476","671","13167","600","","1199.836594","","605","","960","1205","34246","complete","10320580","0","1758","5251","","","results_container","","","","488449"
"Huub_free_basic","","../container-loading/container-loading.mzn","../container-loading/cl02.dzn","SATISFIED","1200.6018869224936","","","","0.212113","","minimize","","0","33","","1728","2118","0","2688","0.041231","1270","7140","600","","1199.794708","","605","","960","1205","148560","complete","23809944","0","1758","3191","","","results_container","","","","696428"
"Huub_free_no_gen_bounds","","../container-loading/container-loading.mzn","../container-loading/cl10.dzn","SATISFIED","1200.2582570761442","","","","0.18659","","minimize","","0","40","","2178","2668","0","3388","0.059494","315","19440","750","","1199.837114","","755","","1210","1505","11406","complete","5455588","0","2208","6991","","","results_container","","","","346303"
"Huub_user_m+s","","../container-loading/container-loading.mzn","../container-loading/cl15.dzn","SATISFIED","1200.6503684520721","","","","0.232143","","minimize","","0","47","","2160","2646","0","3360","0.063725","0","17138","750","","1199.807215","","755","","1200","1505","112070","complete","8368930","0","2196","4608","","","results_container","","","","353748"
"Huub_user_decomp","","../container-loading/container-loading.mzn","../container-loading/cl15.dzn","SATISFIED","1203.9779076520354","","186701","","10.2798","","minimize","","0","71","","188861","189346","0","3360","2.250389","0","15120","750","","1187.677964","","755","","32325","1505","947102","complete","2621254707","0","188896","62625","","","results_container","","","","6613312"
"Huub_free_decomp","","../container-loading/container-loading.mzn","../container-loading/cl10.dzn","SATISFIED","1204.2175949430093","","186750","","10.3516","","minimize","","0","57","","188928","189417","0","3388","2.23855","5211","16896","750","","1187.603522","","755","","32335","1505","202753","complete","5178393256","0","188957","247767","","","results_container","","","","17157745"
"Huub_free_m+s","","../container-loading/container-loading.mzn","../container-loading/cl05.dzn","SATISFIED","1200.5340121472254","","","","0.173331","","minimize","","0","26","","1026","1260","0","1596","0.030815","3468","4680","360","","1199.801593","","365","","570","725","296797","complete","35981566","0","1050","1928","","","results_container","","","","916934"
"gecode","","../container-loading/container-loading.mzn","../container-loading/cl07.dzn","UNKNOWN","1203.2422772189602","","119400","","6.77161","","minimize","","","0","","119400","","0","","","","","","","","","","","19900","1205","","","","","120197","","","","results_container","","","",""
"Huub_free_no_gen_bounds","","../container-loading/container-loading.mzn","../container-loading/cl05.dzn","SATISFIED","1200.5516818668693","","","","0.173609","","minimize","","0","33","","1026","1260","0","1596","0.032143","2735","4862","360","","1199.82131","","365","","570","725","271070","complete","27980029","0","1050","1945","","","results_container","","","","925464"
"gecode","","../container-loading/container-loading.mzn","../container-loading/cl06.dzn","UNKNOWN","1203.2096378868446","","119400","","6.8954","","minimize","","","0","","119400","","0","","","","","","","","","","","19900","1205","","","","","120197","","","","results_container","","","",""
"Huub_user_decomp","","../container-loading/container-loading.mzn","../container-loading/cl03.dzn","SATISFIED","1202.5796057293192","","119378","","6.46514","","minimize","","0","63","","121106","121495","0","2688","1.454448","0","6664","600","","1192.212487","","605","","20860","1205","1110189","complete","1878893581","0","121135","42602","","","results_container","","","","4955755"
"Huub_user_basic","","../container-loading/container-loading.mzn","../container-loading/cl09.dzn","SATISFIED","1200.4357399092987","","","","0.212228","","minimize","","0","64","","1728","2118","0","2688","0.04489","0","11172","600","","1199.759414","","605","","960","1205","355748","complete","23044383","0","1758","3541","","","results_container","","","","611425"
"Huub_user_diffn","","../container-loading/container-loading.mzn","../container-loading/cl07.dzn","SATISFIED","1200.5573039203882","","","","0.225128","","minimize","","0","31","","1728","2118","0","2688","0.046948","0","10472","600","","1199.750097","","605","","960","1205","121435","complete","8274449","0","1758","1105","","","results_container","","","","178724"
"chuffed","","../container-loading/container-loading.mzn","../container-loading/cl06.dzn","SATISFIED","1203.2096496773884","","","","7.05901","","minimize","","","19","","120552","","0","120744","","","20520","","","","","","","20860","1799","","","","","121559","","","","results_container","","","",""
"chuffed","","../container-loading/container-loading.mzn","../container-loading/cl12.dzn","SATISFIED","1201.5455704750493","110180","","","2.47921","995957","minimize","0.94","","33","1079","43524","87786","0","43638","0.572","33","10800","","1698524","1197.517","2089319340","","148.63","7710","1079","1698524","","8948878249","","44129","711","","2713883","results_container","0.0","0.0","109099",""
"Huub_user_diffn","","../container-loading/container-loading.mzn","../container-loading/cl14.dzn","SATISFIED","1200.5796581404284","","","","0.147794","","minimize","","0","19","","1026","1260","0","1596","0.032375","0","5382","360","","1199.855731","","365","","570","725","420698","complete","26891111","0","1050","591","","","results_container","","","","468433"
"Huub_user_no_gen_bounds","","../container-loading/container-loading.mzn","../container-loading/cl03.dzn","SATISFIED","1200.6047007488087","","","","0.252122","","minimize","","0","40","","1728","2118","0","2688","0.043811","0","7280","600","","1199.776952","","605","","960","1205","170462","complete","9996668","0","1758","3505","","","results_container","","","","263558"
"Huub_free_m+s","","../container-loading/container-loading.mzn","../container-loading/cl03.dzn","SATISFIED","1200.6221515843645","","","","0.255722","","minimize","","0","51","","1728","2118","0","2688","0.043762","700","7448","600","","1199.798425","","605","","960","1205","53582","complete","11881809","0","1758","7942","","","results_container","","","","461783"
"Huub_user_decomp","","../container-loading/container-loading.mzn","../container-loading/cl05.dzn","SATISFIED","1201.038297395222","","42828","","2.27025","","minimize","","0","43","","43854","44087","0","1596","0.488142","0","4640","360","","1197.281997","","365","","7710","725","1902963","complete","1904681818","0","43877","14425","","","results_container","","","","3794616"
"gecode","","../container-loading/container-loading.mzn","../container-loading/cl05.dzn","UNKNOWN","1201.26806762442","43565","42840","","2.48097","","minimize","","","0","","42840","50459","0","","0.388401","0","","","","1197.52","","","","7140","725","875140","","2906352221","","43319","209","0","1750436","results_container","","","",""
"Huub_free_no_gen_bounds","","../container-loading/container-loading.mzn","../container-loading/cl09.dzn","SATISFIED","1200.3244582330808","","","","0.163634","","minimize","","0","49","","1728","2118","0","2688","0.048776","634","13230","600","","1199.862801","","605","","960","1205","65681","complete","11176001","0","1758","3734","","","results_container","","","","484506"
"cp-sat","","../container-loading/container-loading.mzn","../container-loading/cl09.dzn","SATISFIED","1202.1916411770508","","119400","225","6.93572","","minimize","","","1","","120552","","0","1344","","","12852","","","52.2656","","","","20860","1205","478","","2170267","","120965","","","","results_container","","","119554",""
"Huub_free_diffn","","../container-loading/container-loading.mzn","../container-loading/cl11.dzn","SATISFIED","1200.5602206578478","","","","0.188934","","minimize","","0","44","","846","1040","0","1316","0.028871","5697","5040","300","","1199.811833","","305","","470","605","426846","complete","51718213","0","870","1641","","","results_container","","","","1448265"
"Huub_free_basic","","../container-loading/container-loading.mzn","../container-loading/cl01.dzn","SATISFIED","1201.0494037549943","","","","0.161439","","minimize","","0","55","","837","1029","0","1302","0.029133","6120","3762","300","","1199.821005","","305","","465","605","766043","complete","73319881","0","864","2707","","","results_container","","","","1666064"
"gecode","","../container-loading/container-loading.mzn","../container-loading/cl13.dzn","UNKNOWN","1201.4101639678702","51095","50310","","2.84269","","minimize","","","0","","50310","59213","0","","0.447469","0","","","","1197.16","","","","8385","785","600360","","2227377846","","50828","221","0","1200849","results_container","","","",""
"cp-sat","","../container-loading/container-loading.mzn","../container-loading/cl12.dzn","SATISFIED","1200.9560134988278","","42840","96","2.40248","","minimize","","","4","","43524","","0","798","","","5376","","","26.8674","","","","7710","725","434","","4627548","","43775","","","","results_container","","","42958",""
"Huub_free_basic","","../container-loading/container-loading.mzn","../container-loading/cl07.dzn","SATISFIED","1200.5621280241758","","","","0.225997","","minimize","","0","49","","1728","2118","0","2688","0.047532","1535","9975","600","","1199.743167","","605","","960","1205","165156","complete","24778553","0","1758","3356","","","results_container","","","","686186"
"Huub_user_m+o","","../container-loading/container-loading.mzn","../container-loading/cl03.dzn","SATISFIED","1200.6429250082","","","","0.250645","","minimize","","0","45","","1728","2118","0","2688","0.043578","0","7488","600","","1199.815494","","605","","960","1205","110934","complete","8937164","0","1758","3429","","","results_container","","","","217332"
"chuffed","","../container-loading/container-loading.mzn","../container-loading/cl11.dzn","SATISFIED","1201.1613120194525","82899","","","1.76106","972470","minimize","0.63","","39","899","30264","61146","0","30358","0.414","39","6240","","2430934","1198.236","-1679086100","","199.543","5420","899","2430934","","4723924273","","30769","646","","3422353","results_container","0.0","0.0","81998",""
"Huub_free_diffn","","../container-loading/container-loading.mzn","../container-loading/cl10.dzn","SATISFIED","1200.240057097748","","","","0.187776","","minimize","","0","45","","2178","2668","0","3388","0.060189","428","19008","750","","1199.795233","","755","","1210","1505","47111","complete","9985289","0","2208","4656","","","results_container","","","","468600"
"Huub_user_decomp","","../container-loading/container-loading.mzn","../container-loading/cl11.dzn","SATISFIED","1200.7151285028085","","29700","","1.66071","","minimize","","0","32","","30546","30739","0","1316","0.353349","0","5040","300","","1198.015458","","305","","5420","605","2035251","complete","1581499159","0","30569","10847","","","results_container","","","","3615360"
"Huub_user_diffn","","../container-loading/container-loading.mzn","../container-loading/cl13.dzn","SATISFIED","1200.5413265749812","","","","0.204172","","minimize","","0","33","","1107","1359","0","1722","0.033618","0","7614","390","","1199.788261","","395","","615","785","421453","complete","28790208","0","1134","914","","","results_container","","","","481707"
"Huub_free_decomp","","../container-loading/container-loading.mzn","../container-loading/cl07.dzn","SATISFIED","1202.8779601780698","","119400","","6.47465","","minimize","","0","41","","121128","121517","0","2688","1.434096","10935","10560","600","","1192.213928","","605","","20860","1205","283719","complete","5674989147","0","121157","156576","","","results_container","","","","12655254"
"Huub_user_no_gen_bounds","","../container-loading/container-loading.mzn","../container-loading/cl14.dzn","SATISFIED","1200.574332004413","","","","0.146118","","minimize","","0","42","","1026","1260","0","1596","0.033938","0","5103","360","","1199.838631","","365","","570","725","481687","complete","20290755","0","1050","757","","","results_container","","","","550923"
"Huub_user_no_gen_bounds","","../container-loading/container-loading.mzn","../container-loading/cl01.dzn","SATISFIED","1201.0658107334748","","","","0.159573","","minimize","","0","36","","837","1029","0","1302","0.028886","0","3952","300","","1199.83766","","305","","465","605","605590","complete","24869698","0","864","629","","","results_container","","","","665209"
"Huub_user_decomp","","../container-loading/container-loading.mzn","../container-loading/cl06.dzn","SATISFIED","1202.490618380718","","119400","","6.43198","","minimize","","0","37","","121128","121517","0","2688","1.448383","0","9792","600","","1192.240754","","605","","20860","1205","1108252","complete","1971524237","0","121157","38412","","","results_container","","","","3838714"
"Huub_user_diffn","","../container-loading/container-loading.mzn","../container-loading/cl04.dzn","SATISFIED","1200.1674322644249","","","","0.116125","","minimize","","0","35","","837","1029","0","1302","0.022412","0","3240","300","","1199.880891","","305","","465","605","747426","complete","44427463","0","864","651","","","results_container","","","","820117"
"Huub_free_m+s","","../container-loading/container-loading.mzn","../container-loading/cl08.dzn","SATISFIED","1200.5586211094633","","","","0.226268","","minimize","","0","48","","1116","1370","0","1736","0.037173","2189","4680","390","","1199.767004","","395","","620","785","293541","complete","32844187","0","1140","2381","","","results_container","","","","798234"
"Huub_user_basic","","../container-loading/container-loading.mzn","../container-loading/cl05.dzn","SATISFIED","1200.5464611081406","","","","0.173185","","minimize","","0","38","","1026","1260","0","1596","0.030909","0","4536","360","","1199.815615","","365","","570","725","777281","complete","44187646","0","1050","836","","","results_container","","","","858477"
"Huub_free_decomp","","../container-loading/container-loading.mzn","../container-loading/cl12.dzn","SATISFIED","1201.0104120709002","","42840","","2.25423","","minimize","","0","51","","43866","44099","0","1596","0.480128","29015","5568","360","","1197.299002","","365","","7710","725","815658","complete","6512590210","0","43889","53326","","","results_container","","","","15827468"
"Huub_user_basic","","../container-loading/container-loading.mzn","../container-loading/cl14.dzn","SATISFIED","1200.5841439096257","","","","0.144892","","minimize","","0","35","","1026","1260","0","1596","0.032561","0","5208","360","","1199.855904","","365","","570","725","803346","complete","50908337","0","1050","905","","","results_container","","","","885346"
"Huub_free_basic","","../container-loading/container-loading.mzn","../container-loading/cl10.dzn","SATISFIED","1200.2128136055544","","","","0.186107","","minimize","","0","43","","2178","2668","0","3388","0.060521","571","15960","750","","1199.787426","","755","","1210","1505","94510","complete","16317564","0","2208","8491","","","results_container","","","","639110"
"Huub_user_m+s","","../container-loading/container-loading.mzn","../container-loading/cl02.dzn","SATISFIED","1200.6088324077427","","","","0.210273","","minimize","","0","28","","1728","2118","0","2688","0.041278","0","7395","600","","1199.803356","","605","","960","1205","166302","complete","12088765","0","1758","1300","","","results_container","","","","230792"
"Huub_user_m+o","","../container-loading/container-loading.mzn","../container-loading/cl01.dzn","SATISFIED","1201.0102752214298","","","","0.160659","","minimize","","0","34","","837","1029","0","1302","0.031291","0","4131","300","","1199.837273","","305","","465","605","493770","complete","30129985","0","864","672","","","results_container","","","","550451"
"Huub_free_m+s","","../container-loading/container-loading.mzn","../container-loading/cl02.dzn","SATISFIED","1200.6130057498813","","","","0.21479","","minimize","","0","31","","1728","2118","0","2688","0.041393","681","7392","600","","1199.806046","","605","","960","1205","37978","complete","9281666","0","1758","3372","","","results_container","","","","378248"
"Huub_user_diffn","","../container-loading/container-loading.mzn","../container-loading/cl08.dzn","SATISFIED","1200.4603101490065","","","","0.147508","","minimize","","0","43","","1116","1370","0","1736","0.033114","0","4590","390","","1199.827176","","395","","620","785","463836","complete","31049791","0","1140","2491","","","results_container","","","","549005"
"Huub_free_basic","","../container-loading/container-loading.mzn","../container-loading/cl12.dzn","SATISFIED","1200.5832623559982","","","","0.180749","","minimize","","0","42","","1026","1260","0","1596","0.030706","4727","5824","360","","1199.806591","","365","","570","725","478969","complete","53767527","0","1050","1647","","","results_container","","","","1458239"
"Huub_user_m+o","","../container-loading/container-loading.mzn","../container-loading/cl12.dzn","SATISFIED","1200.5857719928026","","","","0.181238","","minimize","","0","35","","1026","1260","0","1596","0.032046","0","5760","360","","1199.81446","","365","","570","725","475031","complete","31145334","0","1050","832","","","results_container","","","","541146"
"Huub_free_no_gen_bounds","","../container-loading/container-loading.mzn","../container-loading/cl01.dzn","SATISFIED","1201.0683991983533","","","","0.156764","","minimize","","0","2","","837","1029","0","1302","0.028926","5710","3960","300","","1199.843266","","305","","465","605","636024","complete","37650019","0","864","1149","","","results_container","","","","1341663"
"chuffed","","../container-loading/container-loading.mzn","../container-loading/cl08.dzn","SATISFIED","1201.7771074920893","123000","","","2.84711","617224","minimize","1.41","","23","1169","51054","102906","0","51178","0.675","23","16200","","1599676","1197.151","-1567562393","","497.87","9005","1169","1599676","","7895690690","","51709","791","","2232131","results_container","0.0","0.0","121829",""
"Huub_user_m+s","","../container-loading/container-loading.mzn","../container-loading/cl03.dzn","SATISFIED","1200.5460709379986","","","","0.251099","","minimize","","0","41","","1728","2118","0","2688","0.044004","0","7280","600","","1199.719651","","605","","960","1205","151548","complete","10690369","0","1758","3373","","","results_container","","","","242535"
"Huub_free_no_gen_bounds","","../container-loading/container-loading.mzn","../container-loading/cl15.dzn","SATISFIED","1200.5386949144304","","","","0.25885","","minimize","","0","37","","2160","2646","0","3360","0.061364","222","20672","750","","1199.701381","","755","","1200","1505","9114","complete","4584991","0","2196","5722","","","results_container","","","","344678"
"Huub_free_no_gen_bounds","","../container-loading/container-loading.mzn","../container-loading/cl08.dzn","SATISFIED","1200.5904049538076","","","","0.225596","","minimize","","0","40","","1116","1370","0","1736","0.035229","2503","4788","390","","1199.794297","","395","","620","785","239841","complete","26550518","0","1140","2734","","","results_container","","","","888689"
"Huub_user_m+s","","../container-loading/container-loading.mzn","../container-loading/cl10.dzn","SATISFIED","1200.467990894802","","","","0.186419","","minimize","","0","45","","2178","2668","0","3388","0.059947","0","16170","750","","1199.970471","","755","","1210","1505","115426","complete","9897059","0","2208","7114","","","results_container","","","","367742"
"Huub_free_basic","","../container-loading/container-loading.mzn","../container-loading/cl04.dzn","SATISFIED","1200.5709405448288","","","","0.132139","","minimize","","0","46","","837","1029","0","1302","0.026899","7737","3312","300","","1199.876527","","305","","465","605","523459","complete","59382295","0","864","2555","","","results_container","","","","1812000"
"Huub_free_basic","","../container-loading/container-loading.mzn","../container-loading/cl03.dzn","SATISFIED","1200.551127430983","","","","0.251041","","minimize","","0","45","","1728","2118","0","2688","0.043758","1309","7315","600","","1199.725184","","605","","960","1205","122001","complete","22413459","0","1758","6358","","","results_container","","","","716344"
"chuffed","","../container-loading/container-loading.mzn","../container-loading/cl07.dzn","UNKNOWN","1203.2329791830853","","","","7.03916","","minimize","","","0","","120552","","0","120744","","","","","","","","","","20860","1799","","","","","121559","","","","results_container","","","",""
"Huub_free_diffn","","../container-loading/container-loading.mzn","../container-loading/cl04.dzn","SATISFIED","1200.537554605864","","","","0.132608","","minimize","","0","39","","837","1029","0","1302","0.029769","4442","3328","300","","1199.848006","","305","","465","605","284291","complete","40310545","0","864","1211","","","results_container","","","","1168975"
"Huub_free_diffn","","../container-loading/container-loading.mzn","../container-loading/cl09.dzn","SATISFIED","1200.2743808664382","","","","0.167398","","minimize","","0","49","","1728","2118","0","2688","0.048198","776","13377","600","","1199.821837","","605","","960","1205","49227","complete","12811255","0","1758","5251","","","results_container","","","","505585"
"Huub_user_m+s","","../container-loading/container-loading.mzn","../container-loading/cl06.dzn","SATISFIED","1200.5099564883858","","","","0.208369","","minimize","","0","25","","1728","2118","0","2688","0.042223","0","9996","600","","1199.822685","","605","","960","1205","123884","complete","8066770","0","1758","1135","","","results_container","","","","174729"
"Huub_user_m+o","","../container-loading/container-loading.mzn","../container-loading/cl06.dzn","SATISFIED","1200.4622936788946","","","","0.206136","","minimize","","0","25","","1728","2118","0","2688","0.041842","0","11088","600","","1199.771677","","605","","960","1205","128385","complete","9969295","0","1758","1176","","","results_container","","","","177780"
"Huub_user_decomp","","../container-loading/container-loading.mzn","../container-loading/cl12.dzn","SATISFIED","1200.964870840311","","42840","","2.27634","","minimize","","0","36","","43866","44099","0","1596","0.488597","0","5760","360","","1197.271765","","365","","7710","725","1709468","complete","1713336876","0","43889","15289","","","results_container","","","","3516861"
"gecode","","../container-loading/container-loading.mzn","../container-loading/cl02.dzn","UNKNOWN","1203.269948859699","","119400","","6.89239","","minimize","","","0","","119400","","0","","","","","","","","","","","19900","1205","","","","","120197","","","","results_container","","","",""
"cp-sat","","../container-loading/container-loading.mzn","../container-loading/cl06.dzn","SATISFIED","1202.192246175371","","119400","180","6.89914","","minimize","","","2","","120552","","0","1344","","","9975","","","85.0851","","","","20860","1205","843","","7253091","","120965","","","","results_container","","","119543",""
"Huub_user_no_gen_bounds","","../container-loading/container-loading.mzn","../container-loading/cl13.dzn","SATISFIED","1200.5392740052193","","","","0.196389","","minimize","","0","40","","1107","1359","0","1722","0.033536","0","7200","390","","1199.77961","","395","","615","785","362583","complete","14915166","0","1134","802","","","results_container","","","","424406"
"gecode","","../container-loading/container-loading.mzn","../container-loading/cl09.dzn","UNKNOWN","1203.1850745268166","","119400","","6.91725","","minimize","","","0","","119400","","0","","","","","","","","","","","19900","1205","","","","","120197","","","","results_container","","","",""
"gecode","","../container-loading/container-loading.mzn","../container-loading/cl12.dzn","UNKNOWN","1201.3662195708603","43565","42840","","2.44965","","minimize","","","0","","42840","50459","0","","0.391168","0","","","","1197.55","","","","7140","725","700524","","1645927352","","43319","209","0","1401195","results_container","","","",""
"Huub_free_no_gen_bounds","","../container-loading/container-loading.mzn","../container-loading/cl13.dzn","SATISFIED","1200.1970111466944","","","","0.127534","","minimize","","0","37","","1107","1359","0","1722","0.027895","2932","7560","390","","1199.890773","","395","","615","785","200859","complete","25797205","0","1134","1728","","","results_container","","","","816824"
"Huub_user_diffn","","../container-loading/container-loading.mzn","../container-loading/cl03.dzn","SATISFIED","1200.6351214284077","","","","0.250853","","minimize","","0","52","","1728","2118","0","2688","0.044097","0","7410","600","","1199.809643","","605","","960","1205","162232","complete","12169046","0","1758","3384","","","results_container","","","","281686"
"Huub_free_m+s","","../container-loading/container-loading.mzn","../container-loading/cl15.dzn","SATISFIED","1200.6169090876356","","","","0.234394","","minimize","","0","45","","2160","2646","0","3360","0.063533","273","19656","750","","1199.777991","","755","","1200","1505","19099","complete","6031549","0","2196","9881","","","results_container","","","","412608"
"gecode","","../container-loading/container-loading.mzn","../container-loading/cl15.dzn","UNKNOWN","1204.4974208241329","","186750","","11.1583","","minimize","","","0","","186750","","0","","","","","","","","","","","31125","1505","","","","","187745","","","","results_container","","","",""
"Huub_free_diffn","","../container-loading/container-loading.mzn","../container-loading/cl08.dzn","SATISFIED","1200.546769295819","","","","0.225221","","minimize","","0","39","","1116","1370","0","1736","0.038703","3145","4860","390","","1199.746002","","395","","620","785","220981","complete","34681604","0","1140","2172","","","results_container","","","","968884"
"Huub_free_no_gen_bounds","","../container-loading/container-loading.mzn","../container-loading/cl03.dzn","SATISFIED","1200.605384197086","","","","0.253604","","minimize","","0","50","","1728","2118","0","2688","0.043754","609","7429","600","","1199.774694","","605","","960","1205","38143","complete","9941017","0","1758","5569","","","results_container","","","","446679"
"Huub_user_m+o","","../container-loading/container-loading.mzn","../container-loading/cl05.dzn","SATISFIED","1200.5615045623854","","","","0.18404","","minimize","","0","33","","1026","1260","0","1596","0.030274","0","4800","360","","1199.804243","","365","","570","725","426217","complete","26252921","0","1050","982","","","results_container","","","","484199"
"Huub_free_diffn","","../container-loading/container-loading.mzn","../container-loading/cl14.dzn","SATISFIED","1200.568540552631","","","","0.146498","","minimize","","0","35","","1026","1260","0","1596","0.032382","4599","5625","360","","1199.84017","","365","","570","725","282670","complete","44828962","0","1050","1681","","","results_container","","","","1097838"
"Huub_free_m+o","","../container-loading/container-loading.mzn","../container-loading/cl15.dzn","SATISFIED","1200.5536734694615","","","","0.233418","","minimize","","0","50","","2160","2646","0","3360","0.063473","240","19950","750","","1199.716447","","755","","1200","1505","15815","complete","7747514","0","2196","10160","","","results_container","","","","385935"
"Huub_user_basic","","../container-loading/container-loading.mzn","../container-loading/cl04.dzn","SATISFIED","1200.1911166235805","","","","0.11507","","minimize","","0","30","","837","1029","0","1302","0.022487","0","3360","300","","1199.881981","","305","","465","605","966633","complete","56569111","0","864","677","","","results_container","","","","1042028"
"Huub_user_basic","","../container-loading/container-loading.mzn","../container-loading/cl03.dzn","SATISFIED","1200.5478344606236","","","","0.252672","","minimize","","0","50","","1728","2118","0","2688","0.04388","0","7410","600","","1199.719334","","605","","960","1205","299553","complete","21621712","0","1758","3429","","","results_container","","","","418064"
"chuffed","","../container-loading/container-loading.mzn","../container-loading/cl09.dzn","UNKNOWN","1203.3713928209618","","","","7.13778","","minimize","","","0","","120552","","0","120744","","","","","","","","","","20860","1799","","","","","121559","","","","results_container","","","",""
"Huub_user_decomp","","../container-loading/container-loading.mzn","../container-loading/cl09.dzn","SATISFIED","1202.7078575668857","","119400","","6.61814","","minimize","","0","65","","121128","121517","0","2688","1.463887","0","11340","600","","1192.07296","","605","","20860","1205","1128902","complete","1955546264","0","121157","40846","","","results_container","","","","5015301"
"Huub_free_decomp","","../container-loading/container-loading.mzn","../container-loading/cl11.dzn","SATISFIED","1201.0629622628912","","29700","","1.6741","","minimize","","0","42","","30546","30739","0","1316","0.340323","43211","4872","300","","1198.007543","","305","","5420","605","1178978","complete","6378521077","0","30569","32104","","","results_container","","","","15480960"
"Huub_free_decomp","","../container-loading/container-loading.mzn","../container-loading/cl01.dzn","SATISFIED","1201.0429166611284","","29666","","1.68302","","minimize","","0","37","","30503","30694","0","1302","0.342795","56000","3870","300","","1197.993877","","305","","5415","605","1355143","complete","7180333445","0","30529","37434","","","results_container","","","","15524429"
"Huub_user_m+s","","../container-loading/container-loading.mzn","../container-loading/cl01.dzn","SATISFIED","1201.0252766953781","","","","0.162025","","minimize","","0","40","","837","1029","0","1302","0.031868","0","3927","300","","1199.836292","","305","","465","605","530246","complete","30762961","0","864","539","","","results_container","","","","581720"
"chuffed","","../container-loading/container-loading.mzn","../container-loading/cl03.dzn","SATISFIED","1203.1708169775084","","","","7.00769","","minimize","","","9","","120552","","0","120744","","","35910","","","","","","","20860","1799","","","","","121559","","","","results_container","","","",""
"Huub_free_basic","","../container-loading/container-loading.mzn","../container-loading/cl06.dzn","SATISFIED","1200.5406161332503","","","","0.197653","","minimize","","0","39","","1728","2118","0","2688","0.042051","1565","10260","600","","1199.780767","","605","","960","1205","152381","complete","23490859","0","1758","2599","","","results_container","","","","657155"
"Huub_user_m+s","","../container-loading/container-loading.mzn","../container-loading/cl12.dzn","SATISFIED","1200.5748498691246","","","","0.178017","","minimize","","0","33","","1026","1260","0","1596","0.032131","0","5760","360","","1199.803063","","365","","570","725","521767","complete","30092441","0","1050","724","","","results_container","","","","581863"
"Huub_free_m+o","","../container-loading/container-loading.mzn","../container-loading/cl04.dzn","SATISFIED","1200.5380688449368","","","","0.131537","","minimize","","0","36","","837","1029","0","1302","0.027987","4889","3420","300","","1199.854782","","305","","465","605","279184","complete","41383587","0","864","1211","","","results_container","","","","1200943"
"Huub_free_m+o","","../container-loading/container-loading.mzn","../container-loading/cl07.dzn","SATISFIED","1200.6045627882704","","","","0.225817","","minimize","","0","38","","1728","2118","0","2688","0.049091","839","11340","600","","1199.795235","","605","","960","1205","42220","complete","10391734","0","1758","2627","","","results_container","","","","362598"
"Huub_free_no_gen_bounds","","../container-loading/container-loading.mzn","../container-loading/cl02.dzn","SATISFIED","1200.5901950290427","","","","0.212213","","minimize","","0","30","","1728","2118","0","2688","0.041093","634","8100","600","","1199.783197","","605","","960","1205","50735","complete","9584498","0","1758","4048","","","results_container","","","","439882"
"Huub_user_diffn","","../container-loading/container-loading.mzn","../container-loading/cl09.dzn","SATISFIED","1200.453835774213","","","","0.213062","","minimize","","0","45","","1728","2118","0","2688","0.044896","0","11780","600","","1199.771813","","605","","960","1205","193323","complete","14766372","0","1758","3620","","","results_container","","","","379377"
"gecode","","../container-loading/container-loading.mzn","../container-loading/cl03.dzn","UNKNOWN","1203.1527636591345","","119400","","6.81761","","minimize","","","0","","119400","","0","","","","","","","","","","","19900","1205","","","","","120197","","","","results_container","","","",""
"Huub_free_diffn","","../container-loading/container-loading.mzn","../container-loading/cl13.dzn","SATISFIED","1200.5311953444034","","","","0.197159","","minimize","","0","49","","1107","1359","0","1722","0.03365","2548","7776","390","","1199.782636","","395","","615","785","254823","complete","32125686","0","1134","2174","","","results_container","","","","873349"
"Huub_free_basic","","../container-loading/container-loading.mzn","../container-loading/cl11.dzn","SATISFIED","1200.5451889988035","","","","0.187292","","minimize","","0","41","","846","1040","0","1316","0.027624","6279","4785","300","","1199.787929","","305","","470","605","845056","complete","72979800","0","870","1312","","","results_container","","","","1854614"
"Huub_user_decomp","","../container-loading/container-loading.mzn","../container-loading/cl10.dzn","SATISFIED","1204.012716870755","","186750","","10.4128","","minimize","","0","50","","188928","189417","0","3388","2.268758","0","15750","750","","1187.553183","","755","","32335","1505","930638","complete","2252251817","0","188957","61024","","","results_container","","","","5263381"
"Huub_user_basic","","../container-loading/container-loading.mzn","../container-loading/cl11.dzn","SATISFIED","1201.0168473096564","","","","0.174946","","minimize","","0","41","","846","1040","0","1316","0.02941","0","5070","300","","1199.841582","","305","","470","605","924100","complete","59725294","0","870","630","","","results_container","","","","1008506"
"Huub_user_m+o","","../container-loading/container-loading.mzn","../container-loading/cl13.dzn","SATISFIED","1200.5320413047448","","","","0.205425","","minimize","","0","31","","1107","1359","0","1722","0.033915","0","7650","390","","1199.776963","","395","","615","785","309610","complete","18606527","0","1134","914","","","results_container","","","","365193"
"Huub_free_m+o","","../container-loading/container-loading.mzn","../container-loading/cl10.dzn","SATISFIED","1200.21583006531","","","","0.18676","","minimize","","0","43","","2178","2668","0","3388","0.057162","448","19008","750","","1199.804016","","755","","1210","1505","31096","complete","7738888","0","2208","4295","","","results_container","","","","422786"
"cp-sat","","../container-loading/container-loading.mzn","../container-loading/cl04.dzn","SATISFIED","1200.7494443897158","","29700","90","1.74756","","minimize","","","2","","30258","","0","651","","","5568","","","11.54","","","","5415","605","328","","2660720","","30470","","","","results_container","","","30122",""
"Huub_free_decomp","","../container-loading/container-loading.mzn","../container-loading/cl14.dzn","SATISFIED","1201.1924464777112","","42835","","2.30479","","minimize","","0","46","","43861","44094","0","1596","0.490037","34181","5400","360","","1197.244618","","365","","7710","725","1042292","complete","6656371039","0","43884","56102","","","results_container","","","","12892372"
"chuffed","","../container-loading/container-loading.mzn","../container-loading/cl02.dzn","SATISFIED","1203.1560658710077","","","","7.00478","","minimize","","","11","","120552","","0","120744","","","15225","","","","","","","20860","1799","","","","","121559","","","","results_container","","","",""
"Huub_free_decomp","","../container-loading/container-loading.mzn","../container-loading/cl08.dzn","SATISFIED","1201.1367307472974","","50310","","2.73194","","minimize","","0","59","","51426","51679","0","1736","0.569037","31520","4590","390","","1196.739376","","395","","9005","785","702489","complete","7159891857","0","51449","54505","","","results_container","","","","11603553"
"Huub_free_m+s","","../container-loading/container-loading.mzn","../container-loading/cl06.dzn","SATISFIED","1200.513356000185","","","","0.206379","","minimize","","0","31","","1728","2118","0","2688","0.042136","815","10500","600","","1199.845141","","605","","960","1205","68500","complete","10189949","0","1758","2502","","","results_container","","","","351597"
"Huub_free_basic","","../container-loading/container-loading.mzn","../container-loading/cl09.dzn","SATISFIED","1200.2816906096414","","","","0.173789","","minimize","","0","35","","1728","2118","0","2688","0.048658","1494","12240","600","","1199.818489","","605","","960","1205","152597","complete","24323932","0","1758","3389","","","results_container","","","","758910"
"Huub_free_no_gen_bounds","","../container-loading/container-loading.mzn","../container-loading/cl07.dzn","SATISFIED","1200.5621967539191","","","","0.225557","","minimize","","0","40","","1728","2118","0","2688","0.04891","740","10764","600","","1199.752045","","605","","960","1205","49453","complete","9850436","0","1758","3983","","","results_container","","","","357282"
"Huub_user_m+o","","../container-loading/container-loading.mzn","../container-loading/cl14.dzn","SATISFIED","1200.563738080673","","","","0.144523","","minimize","","0","34","","1026","1260","0","1596","0.033259","0","5320","360","","1199.839522","","365","","570","725","445393","complete","28322786","0","1050","702","","","results_container","","","","504797"
"Huub_free_m+s","","../container-loading/container-loading.mzn","../container-loading/cl13.dzn","SATISFIED","1200.5507779279724","","","","0.202288","","minimize","","0","52","","1107","1359","0","1722","0.035114","2557","7488","390","","1199.801112","","395","","615","785","256504","complete","31816967","0","1134","2403","","","results_container","","","","740187"
"Huub_user_m+o","","../container-loading/container-loading.mzn","../container-loading/cl08.dzn","SATISFIED","1200.4818710125983","","","","0.149045","","minimize","","0","39","","1116","1370","0","1736","0.033851","0","4608","390","","1199.850983","","395","","620","785","482846","complete","31388510","0","1140","2525","","","results_container","","","","561919"
"Huub_free_m+s","","../container-loading/container-loading.mzn","../container-loading/cl12.dzn","SATISFIED","1200.5902960384265","","","","0.182085","","minimize","","0","39","","1026","1260","0","1596","0.03216","3062","5880","360","","1199.822577","","365","","570","725","276297","complete","33230494","0","1050","2436","","","results_container","","","","898174"
"chuffed","","../container-loading/container-loading.mzn","../container-loading/cl14.dzn","SATISFIED","1201.7590227648616","111628","","","2.47217","763150","minimize","0.94","","30","1079","43524","87786","0","43638","0.581","30","14256","","1376562","1197.576","-178313657","","1197.498","7710","1079","1376562","","7504928285","","44129","1175","","2158970","results_container","0.0","0.0","110547",""
"Huub_user_no_gen_bounds","","../container-loading/container-loading.mzn","../container-loading/cl12.dzn","SATISFIED","1200.5785140339285","","","","0.180173","","minimize","","0","35","","1026","1260","0","1596","0.032641","0","5880","360","","1199.808658","","365","","570","725","551190","complete","23406989","0","1050","827","","","results_container","","","","618368"
"Huub_user_basic","","../container-loading/container-loading.mzn","../container-loading/cl10.dzn","SATISFIED","1200.2429595505819","","","","0.185169","","minimize","","0","52","","2178","2668","0","3388","0.060414","0","15972","750","","1199.789408","","755","","1210","1505","222150","complete","17758901","0","2208","4534","","","results_container","","","","488763"
"Huub_free_no_gen_bounds","","../container-loading/container-loading.mzn","../container-loading/cl11.dzn","SATISFIED","1200.5563427591696","","","","0.188216","","minimize","","0","35","","846","1040","0","1316","0.029536","4831","4998","300","","1199.807023","","305","","470","605","401762","complete","38255781","0","870","1397","","","results_container","","","","1363954"
"gecode","","../container-loading/container-loading.mzn","../container-loading/cl04.dzn","UNKNOWN","1200.9354376271367","30305","29700","","1.65924","","minimize","","","0","","29700","35048","0","","0.266571","0","","","","1198.34","","","","4950","605","1152152","","3269932593","","30098","247","0","2304440","results_container","","","",""
"cp-sat","","../container-loading/container-loading.mzn","../container-loading/cl02.dzn","SATISFIED","1202.1807896010578","","119378","144","7.04446","","minimize","","","1","","120552","","0","1366","","","8775","","","52.9413","","","","20860","1205","507","","2292435","","120965","","","","results_container","","","119546",""
"Huub_free_m+s","","../container-loading/container-loading.mzn","../container-loading/cl04.dzn","SATISFIED","1200.5704966299236","","","","0.13208","","minimize","","0","54","","837","1029","0","1302","0.027736","3424","3344","300","","1199.874593","","305","","465","605","346697","complete","33017859","0","864","2380","","","results_container","","","","1005512"
"Huub_free_m+o","","../container-loading/container-loading.mzn","../container-loading/cl06.dzn","SATISFIED","1200.4468512106687","","","","0.207579","","minimize","","0","23","","1728","2118","0","2688","0.041937","946","11340","600","","1199.787928","","605","","960","1205","53073","complete","11191832","0","1758","2599","","","results_container","","","","381380"
"Huub_user_no_gen_bounds","","../container-loading/container-loading.mzn","../container-loading/cl15.dzn","SATISFIED","1200.5921356147155","","","","0.235656","","minimize","","0","55","","2160","2646","0","3360","0.062946","0","16576","750","","1199.74929","","755","","1200","1505","99631","complete","6391092","0","2196","4604","","","results_container","","","","374241"
"Huub_user_m+o","","../container-loading/container-loading.mzn","../container-loading/cl09.dzn","SATISFIED","1200.5026963148266","","","","0.214001","","minimize","","0","55","","1728","2118","0","2688","0.044733","0","12376","600","","1199.823029","","605","","960","1205","137173","complete","9352740","0","1758","3671","","","results_container","","","","354051"
"Huub_free_decomp","","../container-loading/container-loading.mzn","../container-loading/cl04.dzn","SATISFIED","1200.8062589820474","","29700","","1.68671","","minimize","","0","60","","30537","30728","0","1302","0.352216","35531","3168","300","","1197.985481","","305","","5415","605","1086369","complete","5318864315","0","30563","36022","","","results_container","","","","14548409"
"Huub_free_no_gen_bounds","","../container-loading/container-loading.mzn","../container-loading/cl06.dzn","SATISFIED","1200.5396093027666","","","","0.196667","","minimize","","0","35","","1728","2118","0","2688","0.04172","847","10875","600","","1199.779934","","605","","960","1205","49040","complete","10323710","0","1758","2598","","","results_container","","","","362047"
"Huub_user_decomp","","../container-loading/container-loading.mzn","../container-loading/cl08.dzn","SATISFIED","1201.1880845455453","","50310","","2.82052","","minimize","","0","48","","51426","51679","0","1736","0.577528","0","4524","390","","1196.650946","","395","","9005","785","1519604","complete","1581416476","0","51449","17554","","","results_container","","","","3717674"
"Huub_free_m+o","","../container-loading/container-loading.mzn","../container-loading/cl03.dzn","SATISFIED","1200.5888487147167","","","","0.254083","","minimize","","0","44","","1728","2118","0","2688","0.043808","564","8208","600","","1199.76155","","605","","960","1205","49028","complete","11860728","0","1758","4869","","","results_container","","","","440234"
"Huub_user_m+s","","../container-loading/container-loading.mzn","../container-loading/cl09.dzn","SATISFIED","1200.5393947772682","","","","0.21749","","minimize","","0","57","","1728","2118","0","2688","0.047358","0","11520","600","","1199.852832","","605","","960","1205","137350","complete","10510359","0","1758","3667","","","results_container","","","","361647"
"Huub_free_diffn","","../container-loading/container-loading.mzn","../container-loading/cl01.dzn","SATISFIED","1201.0385647350922","","","","0.156633","","minimize","","0","31","","837","1029","0","1302","0.028928","5171","3960","300","","1199.825429","","305","","465","605","457578","complete","50088339","0","864","1338","","","results_container","","","","1292761"
"Huub_user_no_gen_bounds","","../container-loading/container-loading.mzn","../container-loading/cl04.dzn","SATISFIED","1200.5451746834442","","","","0.132758","","minimize","","0","41","","837","1029","0","1302","0.028112","0","3312","300","","1199.861965","","305","","465","605","654582","complete","27792506","0","864","651","","","results_container","","","","718706"
"Huub_user_basic","","../container-loading/container-loading.mzn","../container-loading/cl15.dzn","SATISFIED","1200.6561976317316","","","","0.232119","","minimize","","0","41","","2160","2646","0","3360","0.062938","0","16632","750","","1199.806403","","755","","1200","1505","182024","complete","14022713","0","2196","5936","","","results_container","","","","429214"
"Huub_user_m+s","","../container-loading/container-loading.mzn","../container-loading/cl13.dzn","SATISFIED","1200.5505388602614","","","","0.194089","","minimize","","0","33","","1107","1359","0","1722","0.035052","0","7590","390","","1199.793436","","395","","615","785","422057","complete","24375863","0","1134","859","","","results_container","","","","480237"
"Huub_user_basic","","../container-loading/container-loading.mzn","../container-loading/cl08.dzn","SATISFIED","1200.4719490651041","","","","0.147514","","minimize","","0","45","","1116","1370","0","1736","0.03306","0","4788","390","","1199.839459","","395","","620","785","754908","complete","47155897","0","1140","1003","","","results_container","","","","853109"
"Huub_user_decomp","","../container-loading/container-loading.mzn","../container-loading/cl13.dzn","SATISFIED","1201.1249975292012","","50310","","2.67482","","minimize","","0","43","","51417","51668","0","1722","0.573265","0","7360","390","","1196.79377","","395","","9000","785","1732667","complete","1777825100","0","51443","17848","","","results_container","","","","3575159"
"Huub_user_basic","","../container-loading/container-loading.mzn","../container-loading/cl02.dzn","SATISFIED","1200.5739760724828","","","","0.210427","","minimize","","0","24","","1728","2118","0","2688","0.041017","0","6804","600","","1199.764865","","605","","960","1205","361143","complete","23019922","0","1758","1239","","","results_container","","","","436274"
"Huub_free_m+o","","../container-loading/container-loading.mzn","../container-loading/cl01.dzn","SATISFIED","1200.9933786438778","","","","0.158284","","minimize","","0","33","","837","1029","0","1302","0.031515","3942","3870","300","","1199.82316","","305","","465","605","610409","complete","45441976","0","864","1338","","","results_container","","","","1213205"
"Huub_user_m+s","","../container-loading/container-loading.mzn","../container-loading/cl04.dzn","SATISFIED","1200.1967247519642","","","","0.115355","","minimize","","0","31","","837","1029","0","1302","0.022347","0","3300","300","","1199.897757","","305","","465","605","610460","complete","39020863","0","864","658","","","results_container","","","","669210"
"cp-sat","","../container-loading/container-loading.mzn","../container-loading/cl15.dzn","SATISFIED","1203.4141125483438","","186749","375","11.5457","","minimize","","","1","","188190","","0","1681","","","20286","","","116.01","","","","32325","1505","1093","","5129936","","188705","","","","results_container","","","188575",""
"Huub_user_no_gen_bounds","","../container-loading/container-loading.mzn","../container-loading/cl07.dzn","SATISFIED","1200.5915006576106","","","","0.224603","","minimize","","0","40","","1728","2118","0","2688","0.049004","0","10824","600","","1199.77107","","605","","960","1205","205745","complete","12210288","0","1758","1509","","","results_container","","","","277952"
"Huub_user_no_gen_bounds","","../container-loading/container-loading.mzn","../container-loading/cl06.dzn","SATISFIED","1200.482256210409","","","","0.205043","","minimize","","0","31","","1728","2118","0","2688","0.041807","0","10608","600","","1199.834768","","605","","960","1205","150904","complete","7353554","0","1758","1229","","","results_container","","","","211686"
"Huub_user_basic","","../container-loading/container-loading.mzn","../container-loading/cl07.dzn","SATISFIED","1200.5577410766855","","","","0.227072","","minimize","","0","39","","1728","2118","0","2688","0.04754","0","9775","600","","1199.748631","","605","","960","1205","284644","complete","20957945","0","1758","1102","","","results_container","","","","370445"
"Huub_user_m+o","","../container-loading/container-loading.mzn","../container-loading/cl07.dzn","SATISFIED","1200.2207324951887","","","","0.164626","","minimize","","0","36","","1728","2118","0","2688","0.042827","0","9800","600","","1199.837715","","605","","960","1205","169243","complete","13756739","0","1758","1699","","","results_container","","","","235517"
"Huub_user_diffn","","../container-loading/container-loading.mzn","../container-loading/cl10.dzn","SATISFIED","1200.2625932144","","","","0.185122","","minimize","","0","42","","2178","2668","0","3388","0.061483","0","16416","750","","1199.836703","","755","","1210","1505","104609","complete","8465026","0","2208","4347","","","results_container","","","","323627"
"Huub_user_decomp","","../container-loading/container-loading.mzn","../container-loading/cl07.dzn","SATISFIED","1202.6274111876264","","119400","","6.41736","","minimize","","0","39","","121128","121517","0","2688","1.446321","0","10230","600","","1192.267984","","605","","20860","1205","1058736","complete","1954502887","0","121157","39570","","","results_container","","","","3805402"
"Huub_user_m+o","","../container-loading/container-loading.mzn","../container-loading/cl10.dzn","SATISFIED","1200.2684979010373","","","","0.183895","","minimize","","0","44","","2178","2668","0","3388","0.060593","0","16218","750","","1199.852732","","755","","1210","1505","113712","complete","10259045","0","2208","4805","","","results_container","","","","332348"
"Huub_free_decomp","","../container-loading/container-loading.mzn","../container-loading/cl02.dzn","SATISFIED","1202.963456290774","","119378","","6.37665","","minimize","","0","29","","121106","121495","0","2688","1.427481","10584","7590","600","","1192.320765","","605","","20860","1205","346968","complete","5712203305","0","121135","155193","","","results_container","","","","12075995"
"Huub_user_m+o","","../container-loading/container-loading.mzn","../container-loading/cl15.dzn","SATISFIED","1200.5974926361814","","","","0.235975","","minimize","","0","41","","2160","2646","0","3360","0.063077","0","17280","750","","1199.755369","","755","","1200","1505","115948","complete","8679418","0","2196","4614","","","results_container","","","","330848"
"Huub_user_m+s","","../container-loading/container-loading.mzn","../container-loading/cl08.dzn","SATISFIED","1200.4578929971904","","","","0.147801","","minimize","","0","47","","1116","1370","0","1736","0.033417","0","4576","390","","1199.833953","","395","","620","785","411325","complete","25005313","0","1140","814","","","results_container","","","","481106"
"Huub_free_diffn","","../container-loading/container-loading.mzn","../container-loading/cl15.dzn","SATISFIED","1200.582154826261","","","","0.234333","","minimize","","0","45","","2160","2646","0","3360","0.063364","208","22344","750","","1199.786702","","755","","1200","1505","16151","complete","6177614","0","2196","10160","","","results_container","","","","414386"
"Huub_free_basic","","../container-loading/container-loading.mzn","../container-loading/cl14.dzn","SATISFIED","1200.5732016861439","","","","0.147454","","minimize","","0","51","","1026","1260","0","1596","0.032579","5428","5236","360","","1199.847193","","365","","570","725","602418","complete","64087158","0","1050","2408","","","results_container","","","","1453045"
"Huub_free_m+s","","../container-loading/container-loading.mzn","../container-loading/cl11.dzn","SATISFIED","1200.9786765426397","","","","0.176572","","minimize","","0","37","","846","1040","0","1316","0.032267","3948","4800","300","","1199.801126","","305","","470","605","505155","complete","44352031","0","870","2297","","","results_container","","","","1158251"
"Huub_user_decomp","","../container-loading/container-loading.mzn","../container-loading/cl14.dzn","SATISFIED","1201.0702947806567","","42835","","2.28337","","minimize","","0","48","","43861","44094","0","1596","0.491142","0","5152","360","","1197.26715","","365","","7710","725","2123931","complete","2018318511","0","43884","13828","","","results_container","","","","4017361"
"Huub_free_diffn","","../container-loading/container-loading.mzn","../container-loading/cl12.dzn","SATISFIED","1200.5830966169015","","","","0.178248","","minimize","","0","29","","1026","1260","0","1596","0.031506","3721","5712","360","","1199.812439","","365","","570","725","255934","complete","38070950","0","1050","1565","","","results_container","","","","1068464"
"Huub_free_basic","","../container-loading/container-loading.mzn","../container-loading/cl15.dzn","SATISFIED","1200.5672941114753","","","","0.244624","","minimize","","0","60","","2160","2646","0","3360","0.06132","638","17640","750","","1199.724867","","755","","1200","1505","55738","complete","15424765","0","2196","8865","","","results_container","","","","725893"
"chuffed","","../container-loading/container-loading.mzn","../container-loading/cl10.dzn","SATISFIED","1204.2273919554427","","","","11.1042","","minimize","","","4","","188202","","0","188444","","","62208","","","","","","","32335","2249","","","","","189459","","","","results_container","","","",""
"Huub_free_decomp","","../container-loading/container-loading.mzn","../container-loading/cl03.dzn","SATISFIED","1202.9531197100878","","119378","","6.43462","","minimize","","0","56","","121106","121495","0","2688","1.442798","9005","7168","600","","1192.237438","","605","","20860","1205","325496","complete","5897382334","0","121135","157457","","","results_container","","","","14439756"
"Huub_user_basic","","../container-loading/container-loading.mzn","../container-loading/cl01.dzn","SATISFIED","1201.0537385093048","","","","0.158094","","minimize","","0","47","","837","1029","0","1302","0.028822","0","3872","300","","1199.821843","","305","","465","605","928436","complete","64238157","0","864","974","","","results_container","","","","1002620"
"cp-sat","","../container-loading/container-loading.mzn","../container-loading/cl08.dzn","SATISFIED","1201.1022516097873","","50310","81","2.93069","","minimize","","","4","","51054","","0","868","","","5940","","","849.009","","","","9005","785","48776","","73280731","","51325","","","","results_container","","","50983",""
"Huub_user_diffn","","../container-loading/container-loading.mzn","../container-loading/cl05.dzn","SATISFIED","1200.5505903325975","","","","0.173326","","minimize","","0","36","","1026","1260","0","1596","0.031425","0","4752","360","","1199.822033","","365","","570","725","487221","complete","30328980","0","1050","946","","","results_container","","","","549748"
"Huub_free_basic","","../container-loading/container-loading.mzn","../container-loading/cl05.dzn","SATISFIED","1200.5374478520826","","","","0.170958","","minimize","","0","34","","1026","1260","0","1596","0.030901","5511","4600","360","","1199.806892","","365","","570","725","533763","complete","59148662","0","1050","1524","","","results_container","","","","1498291"
"Huub_free_no_gen_bounds","","../container-loading/container-loading.mzn","../container-loading/cl14.dzn","SATISFIED","1200.4640659932047","","","","0.146161","","minimize","","0","20","","1026","1260","0","1596","0.033894","3791","5400","360","","1199.843633","","365","","570","725","297804","complete","34513234","0","1050","1880","","","results_container","","","","982077"
"Huub_user_diffn","","../container-loading/container-loading.mzn","../container-loading/cl12.dzn","SATISFIED","1200.5753603242338","","","","0.179712","","minimize","","0","36","","1026","1260","0","1596","0.031398","0","5952","360","","1199.80327","","365","","570","725","647248","complete","40216272","0","1050","900","","","results_container","","","","724478"
"cp-sat","","../container-loading/container-loading.mzn","../container-loading/cl07.dzn","SATISFIED","1202.342147231102","","119400","180","7.01885","","minimize","","","2","","120552","","0","1344","","","12635","","","194.102","","","","20860","1205","6924","","28503660","","120965","","","","results_container","","","119723",""
"Huub_user_m+o","","../container-loading/container-loading.mzn","../container-loading/cl02.dzn","SATISFIED","1200.6101561058313","","","","0.210428","","minimize","","0","23","","1728","2118","0","2688","0.041004","0","7524","600","","1199.802036","","605","","960","1205","150373","complete","11172740","0","1758","1299","","","results_container","","","","200916"
"Huub_user_m+o","","../container-loading/container-loading.mzn","../container-loading/cl04.dzn","SATISFIED","1200.1641049664468","","","","0.114816","","minimize","","0","40","","837","1029","0","1302","0.022408","0","3400","300","","1199.877111","","305","","465","605","643434","complete","37830779","0","864","824","","","results_container","","","","716227"
"cp-sat","","../container-loading/container-loading.mzn","../container-loading/cl10.dzn","SATISFIED","1203.2702752156183","","186750","225","11.3719","","minimize","","","2","","188202","","0","1694","","","15120","","","124.535","","","","32335","1505","2263","","16597943","","188715","","","","results_container","","","188503",""
"Huub_free_no_gen_bounds","","../container-loading/container-loading.mzn","../container-loading/cl04.dzn","SATISFIED","1200.533551093191","","","","0.130665","","minimize","","0","51","","837","1029","0","1302","0.028124","3950","3132","300","","1199.845285","","305","","465","605","370318","complete","34449418","0","864","1552","","","results_container","","","","1154242"
"gecode","","../container-loading/container-loading.mzn","../container-loading/cl10.dzn","UNKNOWN","1204.2654647575691","","186750","","10.8857","","minimize","","","0","","186750","","0","","","","","","","","","","","31125","1505","","","","","187747","","","","results_container","","","",""
"cp-sat","","../container-loading/container-loading.mzn","../container-loading/cl11.dzn","SATISFIED","1200.769876821898","","29700","150","1.72094","","minimize","","","5","","30264","","0","658","","","5445","","","91.3064","","","","5420","605","12935","","14018301","","30475","","","","results_container","","","30865",""
"Huub_user_decomp","","../container-loading/container-loading.mzn","../container-loading/cl02.dzn","SATISFIED","1202.6496560359374","","119378","","6.50706","","minimize","","0","33","","121106","121495","0","2688","1.449851","0","6750","600","","1192.162769","","605","","20860","1205","1086952","complete","1963883925","0","121135","38445","","","results_container","","","","3834732"
"Huub_user_m+s","","../container-loading/container-loading.mzn","../container-loading/cl05.dzn","SATISFIED","1200.5811257408932","","","","0.182273","","minimize","","0","24","","1026","1260","0","1596","0.030982","0","5016","360","","1199.823128","","365","","570","725","405710","complete","28432961","0","1050","743","","","results_container","","","","455066"
"Huub_user_m+s","","../container-loading/container-loading.mzn","../container-loading/cl11.dzn","SATISFIED","1200.9780531134456","","","","0.17594","","minimize","","0","39","","846","1040","0","1316","0.032241","0","4760","300","","1199.800056","","305","","470","605","758987","complete","44451321","0","870","776","","","results_container","","","","831773"
"Huub_free_diffn","","../container-loading/container-loading.mzn","../container-loading/cl07.dzn","SATISFIED","1200.544014655985","","","","0.226955","","minimize","","0","44","","1728","2118","0","2688","0.047169","771","10400","600","","1199.738261","","605","","960","1205","59524","complete","11948564","0","1758","2627","","","results_container","","","","384556"
"gecode","","../container-loading/container-loading.mzn","../container-loading/cl11.dzn","UNKNOWN","1200.9783356096596","30305","29700","","1.68146","","minimize","","","0","","29700","35049","0","","0.269279","0","","","","1198.32","","","","4950","605","1305851","","1486046208","","30099","248","0","2611843","results_container","","","",""
"Huub_user_no_gen_bounds","","../container-loading/container-loading.mzn","../container-loading/cl09.dzn","SATISFIED","1200.4323805458844","","","","0.214079","","minimize","","0","44","","1728","2118","0","2688","0.044453","0","12636","600","","1199.770216","","605","","960","1205","164843","complete","8764643","0","1758","4579","","","results_container","","","","360356"
"chuffed","","../container-loading/container-loading.mzn","../container-loading/cl13.dzn","SATISFIED","1201.8152056280524","124023","","","2.87232","1234685","minimize","1.41","","50","1169","51048","102897","0","51171","0.684","50","9180","","1775765","1197.125","-189350259","","473.841","9000","1169","1775765","","7345065913","","51704","862","","3042047","results_container","0.0","0.0","122852",""
"Huub_user_m+s","","../container-loading/container-loading.mzn","../container-loading/cl14.dzn","SATISFIED","1200.5888945003971","","","","0.143299","","minimize","","0","38","","1026","1260","0","1596","0.033241","0","5376","360","","1199.859514","","365","","570","725","493548","complete","32790780","0","1050","637","","","results_container","","","","557853"
"Huub_free_m+s","","../container-loading/container-loading.mzn","../container-loading/cl01.dzn","SATISFIED","1200.9974395437166","","","","0.158553","","minimize","","0","48","","837","1029","0","1302","0.031951","4590","3978","300","","1199.825595","","305","","465","605","454408","complete","43366165","0","864","3039","","","results_container","","","","1190389"
"chuffed","","../container-loading/container-loading.mzn","../container-loading/cl15.dzn","SATISFIED","1204.300901407376","","","","10.9237","","minimize","","","9","","188168","","0","188408","","","73206","","","","","","","32325","2249","","","","","189427","","","","results_container","","","",""
"Huub_user_no_gen_bounds","","../container-loading/container-loading.mzn","../container-loading/cl11.dzn","SATISFIED","1201.0520082795992","","","","0.167308","","minimize","","0","46","","846","1040","0","1316","0.02927","0","4800","300","","1199.820093","","305","","470","605","896814","complete","34281945","0","870","984","","","results_container","","","","970429"
"cp-sat","","../container-loading/container-loading.mzn","../container-loading/cl05.dzn","SATISFIED","1200.966454334557","","42828","150","2.48835","","minimize","","","1","","43524","","0","810","","","7410","","","10.3164","","","","7710","725","247","","908925","","43775","","","","results_container","","","42740",""
"Huub_user_no_gen_bounds","","../container-loading/container-loading.mzn","../container-loading/cl02.dzn","SATISFIED","1200.6597667485476","","","","0.210907","","minimize","","0","31","","1728","2118","0","2688","0.04134","0","7098","600","","1199.839603","","605","","960","1205","152095","complete","7809937","0","1758","1845","","","results_container","","","","219475"
"Huub_free_basic","","../container-loading/container-loading.mzn","../container-loading/cl13.dzn","SATISFIED","1200.5429479023442","","","","0.198068","","minimize","","0","43","","1107","1359","0","1722","0.033495","4696","7452","390","","1199.785012","","395","","615","785","458820","complete","54917369","0","1134","1709","","","results_container","","","","1247781"
"Huub_free_decomp","","../container-loading/container-loading.mzn","../container-loading/cl13.dzn","SATISFIED","1201.1690292470157","","50310","","2.63348","","minimize","","0","52","","51417","51668","0","1722","0.565013","31475","7650","390","","1196.844542","","395","","9000","785","769153","complete","6732337455","0","51443","63414","","","results_container","","","","12612741"
"Huub_free_m+o","","../container-loading/container-loading.mzn","../container-loading/cl08.dzn","SATISFIED","1200.5427516028285","","","","0.227676","","minimize","","0","43","","1116","1370","0","1736","0.036294","2541","4692","390","","1199.745527","","395","","620","785","228131","complete","33482710","0","1140","2172","","","results_container","","","","904387"
"cp-sat","","../container-loading/container-loading.mzn","../container-loading/cl01.dzn","SATISFIED","1200.7678298261017","","29666","180","1.78181","","minimize","","","9","","30224","","0","651","","","6000","","","933.218","","","","5415","605","160717","","229945730","","30436","","","","results_container","","","32044",""
"Huub_free_m+o","","../container-loading/container-loading.mzn","../container-loading/cl12.dzn","SATISFIED","1200.623297760263","","","","0.180891","","minimize","","0","29","","1026","1260","0","1596","0.032178","3200","5712","360","","1199.857021","","365","","570","725","240352","complete","34755313","0","1050","1565","","","results_container","","","","969403"
"cp-sat","","../container-loading/container-loading.mzn","../container-loading/cl14.dzn","SATISFIED","1201.0413828985766","","42835","180","2.41726","","minimize","","","2","","43524","","0","803","","","9216","","","19.8905","","","","7710","725","523","","4039105","","43775","","","","results_container","","","43066",""
"Huub_free_decomp","","../container-loading/container-loading.mzn","../container-loading/cl09.dzn","SATISFIED","1202.9898953838274","","119400","","6.43813","","minimize","","0","38","","121128","121517","0","2688","1.445582","9898","12880","600","","1192.23534","","605","","20860","1205","318906","complete","5919555789","0","121157","155453","","","results_container","","","","11637249"
"Huub_user_no_gen_bounds","","../container-loading/container-loading.mzn","../container-loading/cl05.dzn","SATISFIED","1200.5721804015338","","","","0.174625","","minimize","","0","45","","1026","1260","0","1596","0.032101","0","4860","360","","1199.837202","","365","","570","725","480807","complete","21210897","0","1050","878","","","results_container","","","","549837"
"Huub_user_m+o","","../container-loading/container-loading.mzn","../container-loading/cl11.dzn","SATISFIED","1200.98982620053","","","","0.170272","","minimize","","0","46","","846","1040","0","1316","0.031758","0","4950","300","","1199.815604","","305","","470","605","682252","complete","42695300","0","870","869","","","results_container","","","","756954"
"Huub_user_no_gen_bounds","","../container-loading/container-loading.mzn","../container-loading/cl10.dzn","SATISFIED","1200.229420548305","","","","0.186656","","minimize","","0","37","","2178","2668","0","3388","0.058153","0","17400","750","","1199.812995","","755","","1210","1505","109712","complete","7146054","0","2208","4408","","","results_container","","","","303362"
"Huub_user_diffn","","../container-loading/container-loading.mzn","../container-loading/cl01.dzn","SATISFIED","1201.0605435138568","","","","0.161603","","minimize","","0","33","","837","1029","0","1302","0.02874","0","3971","300","","1199.847203","","305","","465","605","512927","complete","34598562","0","864","595","","","results_container","","","","565434"
"Huub_free_m+o","","../container-loading/container-loading.mzn","../container-loading/cl05.dzn","SATISFIED","1200.545708771795","","","","0.175196","","minimize","","0","29","","1026","1260","0","1596","0.030973","2825","4992","360","","1199.817848","","365","","570","725","244193","complete","33733505","0","1050","1823","","","results_container","","","","895239"
"Huub_free_m+o","","../container-loading/container-loading.mzn","../container-loading/cl13.dzn","SATISFIED","1200.532171163708","","","","0.191657","","minimize","","0","44","","1107","1359","0","1722","0.033938","2776","7560","390","","1199.784679","","395","","615","785","213788","complete","29958618","0","1134","2174","","","results_container","","","","835039"
"Huub_user_diffn","","../container-loading/container-loading.mzn","../container-loading/cl02.dzn","SATISFIED","1200.5893043326214","","","","0.212824","","minimize","","0","25","","1728","2118","0","2688","0.041203","0","7392","600","","1199.7814","","605","","960","1205","185085","complete","13962297","0","1758","1478","","","results_container","","","","245106"
"Huub_free_decomp","","../container-loading/container-loading.mzn","../container-loading/cl06.dzn","SATISFIED","1202.899533610791","","119400","","6.46575","","minimize","","0","33","","121128","121517","0","2688","1.4551","10288","10868","600","","1192.192582","","605","","20860","1205","312691","complete","5379109761","0","121157","156024","","","results_container","","","","11569709"
"Huub_free_m+s","","../container-loading/container-loading.mzn","../container-loading/cl14.dzn","SATISFIED","1200.5736271021888","","","","0.144372","","minimize","","0","42","","1026","1260","0","1596","0.032894","4190","5120","360","","1199.839528","","365","","570","725","336342","complete","38843601","0","1050","2299","","","results_container","","","","925732"
"gecode","","../container-loading/container-loading.mzn","../container-loading/cl08.dzn","UNKNOWN","1201.4518393613398","51095","50310","","2.87115","","minimize","","","0","","50310","59214","0","","0.461511","0","","","","1197.13","","","","8385","785","955457","","1661152046","","50829","273","0","1911137","results_container","","","",""
"Huub_free_no_gen_bounds","","../container-loading/container-loading.mzn","../container-loading/cl12.dzn","SATISFIED","1200.5719762388617","","","","0.180036","","minimize","","0","55","","1026","1260","0","1596","0.032739","2439","5985","360","","1199.799487","","365","","570","725","274596","complete","27416375","0","1050","1567","","","results_container","","","","928578"
"Huub_user_basic","","../container-loading/container-loading.mzn","../container-loading/cl13.dzn","SATISFIED","1200.5376958614215","","","","0.195124","","minimize","","0","47","","1107","1359","0","1722","0.033512","0","7560","390","","1199.783726","","395","","615","785","761467","complete","43713226","0","1134","886","","","results_container","","","","849486"
"Huub_free_diffn","","../container-loading/container-loading.mzn","../container-loading/cl03.dzn","SATISFIED","1200.551213933155","","","","0.253892","","minimize","","0","44","","1728","2118","0","2688","0.044077","660","8208","600","","1199.726403","","605","","960","1205","54923","complete","12520643","0","1758","4869","","","results_container","","","","472078"
"Huub_user_no_gen_bounds","","../container-loading/container-loading.mzn","../container-loading/cl08.dzn","SATISFIED","1200.6165058510378","","","","0.227939","","minimize","","0","40","","1116","1370","0","1736","0.035191","0","4536","390","","1199.820367","","395","","620","785","465321","complete","19378874","0","1140","2103","","","results_container","","","","538715"
"Huub_free_m+o","","../container-loading/container-loading.mzn","../container-loading/cl02.dzn","SATISFIED","1200.5564057305455","","","","0.213336","","minimize","","0","28","","1728","2118","0","2688","0.041006","608","8400","600","","1199.755473","","605","","960","1205","49336","complete","10995870","0","1758","3946","","","results_container","","","","412921"
"Huub_user_decomp","","../container-loading/container-loading.mzn","../container-loading/cl01.dzn","SATISFIED","1200.7735417066142","","29666","","1.69608","","minimize","","0","13","","30503","30694","0","1302","0.359692","0","3640","300","","1197.969024","","305","","5415","605","2365809","complete","1861092696","0","30529","35732","","","results_container","","","","3870545"
"Huub_free_decomp","","../container-loading/container-loading.mzn","../container-loading/cl05.dzn","SATISFIED","1201.4026442663744","","42828","","2.27477","","minimize","","0","39","","43854","44087","0","1596","0.481931","38280","4810","360","","1197.27706","","365","","7710","725","988770","complete","7170101648","0","43877","56489","","","results_container","","","","15684805"
"Huub_user_decomp","","../container-loading/container-loading.mzn","../container-loading/cl04.dzn","SATISFIED","1200.6774188000709","","29700","","1.67074","","minimize","","0","39","","30537","30728","0","1302","0.34493","0","3230","300","","1198.007935","","305","","5415","605","2170417","complete","1723078051","0","30563","10221","","","results_container","","","","4108276"
"chuffed","","../container-loading/container-loading.mzn","../container-loading/cl04.dzn","SATISFIED","1201.23204515595","82756","","","1.7524","1446783","minimize","0.63","","53","899","30258","61137","0","30351","0.407","53","4032","","2143671","1198.244","1088558136","","1125.804","5415","899","2143671","","4362569597","","30764","633","","3616118","results_container","0.0","0.0","81855",""
"cp-sat","","../container-loading/container-loading.mzn","../container-loading/cl13.dzn","SATISFIED","1201.0785384196788","","50310","180","3.06409","","minimize","","","2","","51048","","0","861","","","9918","","","21.3213","","","","9000","785","329","","4425545","","51320","","","","results_container","","","50379",""
"Huub_free_decomp","","../container-loading/container-loading.mzn","../container-loading/cl15.dzn","SATISFIED","1204.3647924512625","","186701","","10.3458","","minimize","","0","61","","188861","189346","0","3360","2.289671","5382","18500","750","","1187.550198","","755","","32325","1505","177351","complete","5313205710","0","188896","244915","","","results_container","","","","18818867"
"cp-sat","","../container-loading/container-loading.mzn","../container-loading/cl03.dzn","SATISFIED","1202.2099004825577","","119378","144","6.9911","","minimize","","","1","","120552","","0","1366","","","8645","","","52.1588","","","","20860","1205","438","","2126830","","120965","","","","results_container","","","119462",""
"Huub_user_diffn","","../container-loading/container-loading.mzn","../container-loading/cl06.dzn","SATISFIED","1200.4419106515124","","","","0.205321","","minimize","","0","33","","1728","2118","0","2688","0.042019","0","10150","600","","1199.768559","","605","","960","1205","178010","complete","13512441","0","1758","1479","","","results_container","","","","243767"
"Huub_user_basic","","../container-loading/container-loading.mzn","../container-loading/cl12.dzn","SATISFIED","1200.5826774314046","","","","0.181779","","minimize","","0","34","","1026","1260","0","1596","0.030754","0","5880","360","","1199.80131","","365","","570","725","765784","complete","44097541","0","1050","797","","","results_container","","","","852171"
"Huub_free_m+s","","../container-loading/container-loading.mzn","../container-loading/cl07.dzn","SATISFIED","1200.6525964448228","","","","0.227223","","minimize","","0","40","","1728","2118","0","2688","0.048855","799","10368","600","","1199.841408","","605","","960","1205","79754","complete","13098103","0","1758","2502","","","results_container","","","","364006"
"Huub_free_m+o","","../container-loading/container-loading.mzn","../container-loading/cl11.dzn","SATISFIED","1200.5461456216872","","","","0.190897","","minimize","","0","44","","846","1040","0","1316","0.029549","4347","4950","300","","1199.790755","","305","","470","605","436887","complete","46832430","0","870","1641","","","results_container","","","","1223082"
"Huub_user_diffn","","../container-loading/container-loading.mzn","../container-loading/cl11.dzn","SATISFIED","1201.0354296788573","","","","0.170952","","minimize","","0","35","","846","1040","0","1316","0.029271","0","5016","300","","1199.821814","","305","","470","605","658276","complete","40263792","0","870","869","","","results_container","","","","724642"
"chuffed","","../container-loading/container-loading.mzn","../container-loading/cl05.dzn","SATISFIED","1201.54944930505","102550","","","2.52554","1263353","minimize","0.94","","37","1079","43524","87786","0","43638","0.57","37","5850","","1962937","1197.471","-1372543787","","1187.758","7710","1079","1962937","","6586899576","","44129","715","","3246389","results_container","0.0","0.0","101469",""
"Huub_free_m+o","","../container-loading/container-loading.mzn","../container-loading/cl14.dzn","SATISFIED","1200.560678806156","","","","0.146957","","minimize","","0","37","","1026","1260","0","1596","0.033231","3417","5376","360","","1199.83732","","365","","570","725","322953","complete","43180989","0","1050","1681","","","results_container","","","","1008105"
"Huub_free_diffn","","../container-loading/container-loading.mzn","../container-loading/cl06.dzn","SATISFIED","1200.4206763338298","","","","0.205033","","minimize","","0","32","","1728","2118","0","2688","0.042391","954","10350","600","","1199.789861","","605","","960","1205","53296","complete","12412457","0","1758","5055","","","results_container","","","","426065"
"Huub_free_m+s","","../container-loading/container-loading.mzn","../container-loading/cl09.dzn","SATISFIED","1200.4145099399611","","","","0.214392","","minimize","","0","53","","1728","2118","0","2688","0.044904","628","12096","600","","1199.765743","","605","","960","1205","54686","complete","11173883","0","1758","5657","","","results_container","","","","488229"
