"configuration","problem","model","data_file","status","time","paths","restarts","unifiedVariables","evaluatedHalfReifiedConstraints","propagators","peakDepth","run","flatBoolConstraints","flatBoolVars","flatIntConstraints","initTime","objective","flatTime","intVariables","flatIntVars","method","extractedViews","propagations","solveTime","nSolutions","failures","blockType","oracleDecisions","userDecisions"
"Huub_user_decomp","","../filters/filter.mzn","../filters/ar_1_2.dzn","OPTIMAL_SOLUTION","0.5416699023917317","0","0","0","600","631","705","results_filter","180","600","635","0.012123","18","0.202398","29","49","minimize","4","327254","0.086924","5","3058","complete","3338","5364"
"Huub_free_m+s","","../filters/filter.mzn","../filters/fir16_1_3.dzn","OPTIMAL_SOLUTION","0.4868744183331728","0","9","0","","35","168","results_filter","","","36","0.005743","18","0.167032","51","52","minimize","1","14400","0.082901","16","386","complete","1528","1189"
"Huub_free_diffn","","../filters/filter.mzn","../filters/dfq_1_1.dzn","OPTIMAL_SOLUTION","0.9711226299405098","0","0","0","","11","20","results_filter","","","14","0.004708","4","0.244722","18","26","minimize","3","95","0.0035","1","7","complete","0","32"
"Huub_free_m+s","","../filters/filter.mzn","../filters/ewf_2_1.dzn","OPTIMAL_SOLUTION","0.8366659171879292","0","0","0","","49","54","results_filter","","","57","0.007269","21","0.175166","35","69","minimize","8","885","0.009904","2","5","complete","0","110"
"Huub_free_basic","","../filters/filter.mzn","../filters/ar_1_2.dzn","OPTIMAL_SOLUTION","0.6385686034336686","0","151","0","","33","37","results_filter","","","37","0.005924","18","0.169142","29","49","minimize","4","99789","0.233686","4","5528","complete","2641","12417"
"Huub_user_diffn","","../filters/filter.mzn","../filters/dct_2_3.dzn","SATISFIED","1200.41072191298","0","0","0","","67","76","results_filter","","","75","0.008927","16","0.17166","65","105","minimize","8","71059895","1199.823906","2","9563410","complete","0","13632396"
"Huub_user_m+o","","../filters/filter.mzn","../filters/dct_3_3.dzn","SATISFIED","1200.8576514143497","0","0","0","","67","83","results_filter","","","75","0.01098","14","0.221521","97","105","minimize","8","90323883","1199.771788","2","6742904","complete","0","22098033"
"Huub_user_diffn","","../filters/filter.mzn","../filters/ar_1_3.dzn","OPTIMAL_SOLUTION","0.5762287070974708","0","0","0","","33","42","results_filter","","","37","0.006779","16","0.179321","45","49","minimize","4","28585","0.066539","3","1333","complete","0","5504"
"Huub_free_diffn","","../filters/filter.mzn","../filters/dct_1_3.dzn","OPTIMAL_SOLUTION","81.69354292843491","0","30615","0","","67","108","results_filter","","","75","0.007578","32","0.194353","65","73","minimize","8","14209353","81.016015","1","600807","complete","467732","839271"
"Huub_user_basic","","../filters/filter.mzn","../filters/dct_2_2.dzn","SATISFIED","1200.3886015200987","0","0","0","","67","75","results_filter","","","75","0.007523","18","0.15491","49","105","minimize","8","58983091","1199.84987","4","7642762","complete","0","9349840"
"Huub_free_basic","","../filters/filter.mzn","../filters/ar_1_1.dzn","OPTIMAL_SOLUTION","1.305071915499866","0","373","0","","33","40","results_filter","","","37","0.005419","34","0.201311","29","33","minimize","4","200479","0.625459","1","16189","complete","9792","11322"
"Huub_free_no_gen_bounds","","../filters/filter.mzn","../filters/dfq_1_2.dzn","OPTIMAL_SOLUTION","0.4243985144421458","0","0","0","","11","20","results_filter","","","14","0.004599","6","0.184355","18","26","minimize","3","135","0.003708","1","14","complete","0","44"
"Huub_user_no_gen_bounds","","../filters/filter.mzn","../filters/dct_3_3.dzn","SATISFIED","1200.2944132005796","0","0","0","","67","83","results_filter","","","75","0.008629","14","0.425827","97","105","minimize","8","92974716","1199.565358","2","7062197","complete","0","23072383"
"Huub_free_m+s","","../filters/filter.mzn","../filters/fir16_1_2.dzn","OPTIMAL_SOLUTION","0.7760590324178338","0","7","0","","35","119","results_filter","","","36","0.007913","19","0.172391","34","52","minimize","1","17352","0.074292","10","389","complete","682","2181"
"Huub_free_no_gen_bounds","","../filters/filter.mzn","../filters/ar_1_2.dzn","OPTIMAL_SOLUTION","0.626732655800879","0","107","0","","33","114","results_filter","","","37","0.005843","18","0.172683","29","49","minimize","4","85465","0.21784","3","5194","complete","2316","11458"
"Huub_free_diffn","","../filters/filter.mzn","../filters/ewf_4_3.dzn","OPTIMAL_SOLUTION","0.41784415673464537","0","0","0","","49","67","results_filter","","","57","0.006281","17","0.168751","69","77","minimize","8","772","0.010992","2","19","complete","0","180"
"Huub_free_basic","","../filters/filter.mzn","../filters/dct_3_3.dzn","OPTIMAL_SOLUTION","574.8730691829696","0","128606","0","","67","201","results_filter","","","75","0.008781","14","0.255131","97","105","minimize","8","66211839","573.694393","2","4785756","complete","4095127","9469270"
"Huub_user_m+s","","../filters/filter.mzn","../filters/fir_1_2.dzn","OPTIMAL_SOLUTION","0.5644339891150594","0","0","0","","25","27","results_filter","","","26","0.006839","15","0.181978","24","33","minimize","1","6016","0.020977","3","621","complete","0","724"
"Huub_user_diffn","","../filters/filter.mzn","../filters/dct_4_4.dzn","SATISFIED","1200.4427559198812","0","0","0","","67","87","results_filter","","","75","0.007825","10","0.180476","97","105","minimize","8","87607882","1199.816509","4","8097195","complete","0","31756849"
"Huub_free_m+s","","../filters/filter.mzn","../filters/fir_1_3.dzn","OPTIMAL_SOLUTION","0.45681541599333286","0","40","0","","25","33","results_filter","","","26","0.006641","15","0.171187","32","33","minimize","1","8298","0.024396","3","746","complete","274","824"
"Huub_free_m+o","","../filters/filter.mzn","../filters/ewf_1_2.dzn","OPTIMAL_SOLUTION","0.6480293506756425","0","248","0","","49","40","results_filter","","","57","0.006147","28","0.174346","35","51","minimize","8","88051","0.227395","1","4925","complete","3570","5316"
"Huub_free_diffn","","../filters/filter.mzn","../filters/fir16_1_3.dzn","OPTIMAL_SOLUTION","0.4487702501937747","0","5","0","","35","127","results_filter","","","36","0.005668","18","0.16917","51","52","minimize","1","9147","0.044552","6","322","complete","562","1137"
"Huub_free_basic","","../filters/filter.mzn","../filters/dfq_1_1.dzn","OPTIMAL_SOLUTION","0.9709130357950926","0","0","0","","11","20","results_filter","","","14","0.004704","4","0.244797","18","26","minimize","3","95","0.003547","1","7","complete","0","32"
"Huub_user_no_gen_bounds","","../filters/filter.mzn","../filters/ewf_4_3.dzn","OPTIMAL_SOLUTION","0.4719978701323271","0","0","0","","49","67","results_filter","","","57","0.007183","17","0.173225","69","77","minimize","8","806","0.011426","2","19","complete","0","180"
"Huub_free_no_gen_bounds","","../filters/filter.mzn","../filters/fir_1_3.dzn","OPTIMAL_SOLUTION","0.46138032618910074","0","36","0","","25","33","results_filter","","","26","0.005592","15","0.164441","32","33","minimize","1","7922","0.025666","3","717","complete","224","798"
"Huub_user_m+s","","../filters/filter.mzn","../filters/ar_1_3.dzn","OPTIMAL_SOLUTION","0.5608768872916698","0","0","0","","33","42","results_filter","","","37","0.007245","16","0.212383","45","49","minimize","4","25409","0.062426","3","1130","complete","0","4792"
"Huub_user_decomp","","../filters/filter.mzn","../filters/ar_1_3.dzn","OPTIMAL_SOLUTION","0.5077989343553782","0","0","0","600","631","723","results_filter","180","600","635","0.013463","16","0.203712","45","49","minimize","4","156917","0.036381","4","615","complete","2722","2451"
"Huub_free_m+s","","../filters/filter.mzn","../filters/dct_1_3.dzn","OPTIMAL_SOLUTION","98.87889495119452","0","27955","0","","67","123","results_filter","","","75","0.007027","32","0.187516","65","73","minimize","8","15344144","98.41137","1","730500","complete","607633","865695"
"Huub_user_m+s","","../filters/filter.mzn","../filters/dct_4_4.dzn","SATISFIED","1200.282138466835","0","0","0","","67","87","results_filter","","","75","0.007944","10","0.170795","97","105","minimize","8","89791742","1199.821466","3","7056240","complete","0","31596106"
"Huub_user_m+o","","../filters/filter.mzn","../filters/fir16_1_2.dzn","OPTIMAL_SOLUTION","8.488023512996733","0","0","0","","35","43","results_filter","","","36","0.007548","19","0.172665","34","52","minimize","1","2474323","8.041852","12","90998","complete","0","540687"
"Huub_free_no_gen_bounds","","../filters/filter.mzn","../filters/dct_1_3.dzn","OPTIMAL_SOLUTION","90.67056598328054","0","27783","0","","67","147","results_filter","","","75","0.007386","32","0.18006","65","73","minimize","8","14459314","89.764203","1","634836","complete","489083","845133"
"Huub_user_decomp","","../filters/filter.mzn","../filters/fir_1_1.dzn","OPTIMAL_SOLUTION","1.0535802710801363","0","0","0","254","277","278","results_filter","127","254","278","0.008057","18","0.291162","24","25","minimize","1","163269","0.045482","1","1859","complete","254","1891"
"Huub_user_basic","","../filters/filter.mzn","../filters/ewf_1_2.dzn","OPTIMAL_SOLUTION","0.5272196717560291","0","0","0","","49","40","results_filter","","","57","0.006173","28","0.176288","35","51","minimize","8","24744","0.10108","1","2738","complete","0","2955"
"Huub_user_diffn","","../filters/filter.mzn","../filters/fir_1_2.dzn","OPTIMAL_SOLUTION","0.4621014231815934","0","0","0","","25","27","results_filter","","","26","0.006155","15","0.162966","24","33","minimize","1","6016","0.020496","3","621","complete","0","724"
"Huub_user_decomp","","../filters/filter.mzn","../filters/fir_1_4.dzn","OPTIMAL_SOLUTION","0.46742497850209475","0","0","0","310","333","362","results_filter","127","310","334","0.009378","15","0.200503","32","33","minimize","1","56917","0.022244","3","623","complete","990","738"
"Huub_free_basic","","../filters/filter.mzn","../filters/dct_2_3.dzn","OPTIMAL_SOLUTION","55.68262077309191","0","21195","0","","67","180","results_filter","","","75","0.008638","16","0.170756","65","105","minimize","8","10757625","55.226739","3","773252","complete","488503","1112006"
"Huub_user_decomp","","../filters/filter.mzn","../filters/ewf_2_1.dzn","OPTIMAL_SOLUTION","0.5254277465865016","0","0","0","1288","1335","1582","results_filter","336","1288","1343","0.0214","21","0.24063","35","69","minimize","8","16265","0.010911","2","5","complete","3056","110"
"Huub_user_no_gen_bounds","","../filters/filter.mzn","../filters/dct_2_3.dzn","SATISFIED","1200.2352581555024","0","0","0","","67","76","results_filter","","","75","0.007754","16","0.169423","65","105","minimize","8","70850270","1199.826367","2","9483518","complete","0","13637570"
"Huub_user_diffn","","../filters/filter.mzn","../filters/ewf_2_2.dzn","OPTIMAL_SOLUTION","0.5896156961098313","0","0","0","","49","57","results_filter","","","57","0.005845","18","0.195329","35","77","minimize","8","3168","0.025557","3","123","complete","0","954"
"Huub_user_decomp","","../filters/filter.mzn","../filters/ar_2_3.dzn","OPTIMAL_SOLUTION","0.5086507759988308","0","0","0","720","751","911","results_filter","180","720","755","0.014639","15","0.20129","45","61","minimize","4","213467","0.040531","2","1202","complete","1697","5143"
"Huub_free_m+o","","../filters/filter.mzn","../filters/dct_1_1.dzn","SATISFIED","1200.2548882598057","0","122454","0","","67","125","results_filter","","","75","0.007078","34","0.168259","49","57","minimize","8","65257457","1199.841926","1","3389096","complete","2656909","3416614"
"Huub_user_no_gen_bounds","","../filters/filter.mzn","../filters/fir_1_1.dzn","OPTIMAL_SOLUTION","0.6039214488118887","0","0","0","","25","24","results_filter","","","26","0.005086","18","0.196767","24","25","minimize","1","18179","0.055378","1","2016","complete","0","2046"
"Huub_free_m+s","","../filters/filter.mzn","../filters/fir_1_1.dzn","OPTIMAL_SOLUTION","0.5865494087338448","0","34","0","","25","24","results_filter","","","26","0.005172","18","0.198346","24","25","minimize","1","10778","0.028052","1","920","complete","246","819"
"Huub_user_decomp","","../filters/filter.mzn","../filters/dct_1_3.dzn","OPTIMAL_SOLUTION","49.007796788588166","0","0","0","1456","1521","1616","results_filter","608","1456","1529","0.025667","32","0.273664","65","73","minimize","8","49698618","48.029246","1","333554","complete","1556","337451"
"Huub_free_diffn","","../filters/filter.mzn","../filters/dct_3_3.dzn","OPTIMAL_SOLUTION","584.7882173899561","0","158296","0","","67","195","results_filter","","","75","0.008023","14","0.187113","97","105","minimize","8","69667598","584.222589","1","4953170","complete","4621497","8930413"
"Huub_free_no_gen_bounds","","../filters/filter.mzn","../filters/dct_4_4.dzn","OPTIMAL_SOLUTION","25.749366216361523","0","7561","0","","67","226","results_filter","","","75","0.007762","10","0.166741","97","105","minimize","8","3881839","25.345253","7","331302","complete","287747","585775"
"Huub_free_no_gen_bounds","","../filters/filter.mzn","../filters/ewf_1_2.dzn","OPTIMAL_SOLUTION","0.5767422122880816","0","55","0","","49","40","results_filter","","","57","0.006144","28","0.172686","35","51","minimize","8","41759","0.159856","1","3400","complete","1580","3058"
"Huub_user_no_gen_bounds","","../filters/filter.mzn","../filters/dct_4_4.dzn","SATISFIED","1200.2648783065379","0","0","0","","67","87","results_filter","","","75","0.008271","10","0.181899","97","105","minimize","8","87863198","1199.813809","4","8059728","complete","0","31783285"
"Huub_user_m+s","","../filters/filter.mzn","../filters/dfq_1_2.dzn","OPTIMAL_SOLUTION","0.8763547278940678","0","0","0","","11","20","results_filter","","","14","0.005694","6","0.172696","18","26","minimize","3","134","0.003734","1","14","complete","0","44"
"Huub_free_m+s","","../filters/filter.mzn","../filters/dct_1_1.dzn","SATISFIED","1200.315816476941","0","114752","0","","67","107","results_filter","","","75","0.007713","34","0.186647","49","57","minimize","8","65245060","1199.823593","1","3508625","complete","2680128","3392134"
"Huub_free_diffn","","../filters/filter.mzn","../filters/fir_2_3.dzn","OPTIMAL_SOLUTION","0.9181682225316763","0","1","0","","25","129","results_filter","","","26","0.005558","10","0.169693","32","48","minimize","1","4666","0.022328","4","228","complete","224","1016"
"Huub_free_basic","","../filters/filter.mzn","../filters/ar_2_3.dzn","OPTIMAL_SOLUTION","0.8633339386433363","0","5","0","","33","52","results_filter","","","37","0.007159","15","0.369467","45","61","minimize","4","11449","0.038069","2","830","complete","260","3083"
"Huub_free_basic","","../filters/filter.mzn","../filters/dct_1_2.dzn","OPTIMAL_SOLUTION","94.53713431116194","0","28523","0","","67","110","results_filter","","","75","0.008085","32","0.356727","49","73","minimize","8","15210514","91.715055","1","668140","complete","514911","902204"
"Huub_free_basic","","../filters/filter.mzn","../filters/fir_1_2.dzn","OPTIMAL_SOLUTION","0.48616601154208183","0","40","0","","25","27","results_filter","","","26","0.005688","15","0.219251","24","33","minimize","1","8272","0.022721","3","746","complete","266","809"
"Huub_free_no_gen_bounds","","../filters/filter.mzn","../filters/fir_1_4.dzn","OPTIMAL_SOLUTION","0.8488891180604696","0","36","0","","25","41","results_filter","","","26","0.005468","15","0.173994","32","33","minimize","1","7930","0.025352","3","717","complete","232","798"
"Huub_user_m+o","","../filters/filter.mzn","../filters/fir_1_1.dzn","OPTIMAL_SOLUTION","0.6170081403106451","0","0","0","","25","24","results_filter","","","26","0.00511","18","0.196967","24","25","minimize","1","20606","0.054463","1","2354","complete","0","2385"
"Huub_free_diffn","","../filters/filter.mzn","../filters/fir_1_3.dzn","OPTIMAL_SOLUTION","0.5116401165723801","0","40","0","","25","33","results_filter","","","26","0.006421","15","0.202063","32","33","minimize","1","8301","0.023343","3","746","complete","274","824"
"Huub_user_m+o","","../filters/filter.mzn","../filters/dct_4_4.dzn","SATISFIED","1200.2416983600706","0","0","0","","67","87","results_filter","","","75","0.008094","10","0.167699","97","105","minimize","8","84606552","1199.825601","4","7829104","complete","0","30774914"
"Huub_free_m+o","","../filters/filter.mzn","../filters/ewf_2_1.dzn","OPTIMAL_SOLUTION","0.8107690867036581","0","0","0","","49","54","results_filter","","","57","0.006487","21","0.176095","35","69","minimize","8","856","0.009964","2","5","complete","0","110"
"Huub_user_decomp","","../filters/filter.mzn","../filters/fir_2_3.dzn","OPTIMAL_SOLUTION","0.4567378433421254","0","0","0","508","531","634","results_filter","127","508","532","0.010874","10","0.184265","32","48","minimize","1","68965","0.02573","3","366","complete","1790","1800"
"Huub_user_decomp","","../filters/filter.mzn","../filters/dct_2_3.dzn","OPTIMAL_SOLUTION","32.91810226161033","0","0","0","2432","2497","2954","results_filter","608","2432","2505","0.034371","16","0.255464","65","105","minimize","8","68742315","32.348669","3","603321","complete","3720","660975"
"Huub_user_diffn","","../filters/filter.mzn","../filters/ar_2_4.dzn","OPTIMAL_SOLUTION","0.6583873741328716","0","0","0","","33","47","results_filter","","","37","0.006754","11","0.186363","45","61","minimize","4","20165","0.125896","2","5589","complete","0","8602"
"Huub_user_diffn","","../filters/filter.mzn","../filters/ewf_2_1.dzn","OPTIMAL_SOLUTION","0.7382298167794943","0","0","0","","49","54","results_filter","","","57","0.006671","21","0.264355","35","69","minimize","8","856","0.009673","2","5","complete","0","110"
"Huub_free_m+o","","../filters/filter.mzn","../filters/fir16_1_2.dzn","OPTIMAL_SOLUTION","0.46690401155501604","0","5","0","","35","123","results_filter","","","36","0.007748","19","0.169048","34","52","minimize","1","13776","0.061648","10","291","complete","719","1260"
"Huub_free_diffn","","../filters/filter.mzn","../filters/dct_4_4.dzn","OPTIMAL_SOLUTION","21.758113594725728","0","6033","0","","67","196","results_filter","","","75","0.007575","10","0.218901","97","105","minimize","8","3570111","21.125089","3","301161","complete","247469","548536"
"Huub_user_basic","","../filters/filter.mzn","../filters/ar_1_2.dzn","OPTIMAL_SOLUTION","0.775169768370688","0","0","0","","33","37","results_filter","","","37","0.005905","18","0.169385","29","49","minimize","4","212303","0.371558","4","10626","complete","0","35153"
"Huub_user_no_gen_bounds","","../filters/filter.mzn","../filters/dfq_1_2.dzn","OPTIMAL_SOLUTION","0.6373250028118491","0","0","0","","11","20","results_filter","","","14","0.004717","6","0.337686","18","26","minimize","3","135","0.003823","1","14","complete","0","44"
"Huub_user_diffn","","../filters/filter.mzn","../filters/ewf_4_3.dzn","OPTIMAL_SOLUTION","0.4150230847299099","0","0","0","","49","67","results_filter","","","57","0.00619","17","0.169108","69","77","minimize","8","772","0.01102","2","19","complete","0","180"
"Huub_user_basic","","../filters/filter.mzn","../filters/ewf_2_1.dzn","OPTIMAL_SOLUTION","0.6398823568597436","0","0","0","","49","54","results_filter","","","57","0.007453","21","0.196202","35","69","minimize","8","885","0.010123","2","5","complete","0","110"
"Huub_free_no_gen_bounds","","../filters/filter.mzn","../filters/dct_3_3.dzn","OPTIMAL_SOLUTION","1094.2519368855283","0","277617","0","","67","222","results_filter","","","75","0.008651","14","0.253973","97","105","minimize","8","106653364","1093.145936","4","7206172","complete","5994720","14954036"
"Huub_user_no_gen_bounds","","../filters/filter.mzn","../filters/ewf_2_2.dzn","OPTIMAL_SOLUTION","0.5814159223809838","0","0","0","","49","57","results_filter","","","57","0.005842","18","0.195249","35","77","minimize","8","3261","0.02634","3","123","complete","0","954"
"Huub_user_no_gen_bounds","","../filters/filter.mzn","../filters/fir16_1_2.dzn","OPTIMAL_SOLUTION","9.780351027846336","0","0","0","","35","43","results_filter","","","36","0.005665","19","0.167746","34","52","minimize","1","2711878","9.378074","12","90998","complete","0","540687"
"Huub_user_no_gen_bounds","","../filters/filter.mzn","../filters/dct_1_2.dzn","OPTIMAL_SOLUTION","45.443613030947745","0","0","0","","67","55","results_filter","","","75","0.008207","32","0.355012","49","73","minimize","8","2232610","42.433571","1","332297","complete","0","336966"
"Huub_user_no_gen_bounds","","../filters/filter.mzn","../filters/ewf_2_1.dzn","OPTIMAL_SOLUTION","0.4941059397533536","0","0","0","","49","54","results_filter","","","57","0.00622","21","0.19734","35","69","minimize","8","896","0.010139","2","5","complete","0","110"
"Huub_user_decomp","","../filters/filter.mzn","../filters/dct_2_2.dzn","SATISFIED","1200.943053709343","0","0","0","2432","2497","2943","results_filter","608","2432","2505","0.035347","18","0.257695","49","105","minimize","8","656456711","1199.722992","5","5581471","complete","6997","6266134"
"Huub_user_diffn","","../filters/filter.mzn","../filters/fir16_1_1.dzn","OPTIMAL_SOLUTION","53.18408847413957","0","0","0","","35","34","results_filter","","","36","0.006664","35","0.172139","34","35","minimize","1","1567429","52.739583","6","237797","complete","0","238341"
"Huub_free_m+s","","../filters/filter.mzn","../filters/ar_1_1.dzn","OPTIMAL_SOLUTION","1.0810307143256068","0","241","0","","33","39","results_filter","","","37","0.005465","34","0.197489","29","33","minimize","4","156335","0.51496","1","13631","complete","6053","11011"
"Huub_user_basic","","../filters/filter.mzn","../filters/dct_1_3.dzn","OPTIMAL_SOLUTION","44.39510034862906","0","0","0","","67","60","results_filter","","","75","0.007134","32","0.202858","65","73","minimize","8","2260729","43.657448","1","334746","complete","0","338625"
"Huub_free_basic","","../filters/filter.mzn","../filters/fir_1_4.dzn","OPTIMAL_SOLUTION","0.8564242860302329","0","40","0","","25","41","results_filter","","","26","0.006865","15","0.174546","32","33","minimize","1","8306","0.022311","3","746","complete","282","824"
"Huub_user_diffn","","../filters/filter.mzn","../filters/ar_2_3.dzn","OPTIMAL_SOLUTION","0.7968789273872972","0","0","0","","33","52","results_filter","","","37","0.006336","15","0.168748","45","61","minimize","4","80839","0.193894","2","5400","complete","0","23934"
"Huub_user_basic","","../filters/filter.mzn","../filters/ewf_2_2.dzn","OPTIMAL_SOLUTION","0.7266781609505415","0","0","0","","49","57","results_filter","","","57","0.006276","18","0.200964","35","77","minimize","8","3055","0.024283","3","113","complete","0","903"
"Huub_free_basic","","../filters/filter.mzn","../filters/fir_1_3.dzn","OPTIMAL_SOLUTION","0.4761667922139168","0","40","0","","25","33","results_filter","","","26","0.005694","15","0.170046","32","33","minimize","1","8298","0.022477","3","746","complete","274","824"
"Huub_user_m+s","","../filters/filter.mzn","../filters/dfq_1_1.dzn","OPTIMAL_SOLUTION","0.9015938173979521","0","0","0","","11","20","results_filter","","","14","0.004654","4","0.16582","18","26","minimize","3","95","0.003505","1","7","complete","0","32"
"Huub_user_m+o","","../filters/filter.mzn","../filters/dct_1_2.dzn","OPTIMAL_SOLUTION","49.30426138732582","0","0","0","","67","55","results_filter","","","75","0.008069","32","0.35567","49","73","minimize","8","2266676","46.294595","1","332378","complete","0","337078"
"Huub_free_m+s","","../filters/filter.mzn","../filters/dfq_1_1.dzn","OPTIMAL_SOLUTION","0.9227456748485565","0","0","0","","11","20","results_filter","","","14","0.004764","4","0.2303","18","26","minimize","3","95","0.003515","1","7","complete","0","32"
"Huub_user_diffn","","../filters/filter.mzn","../filters/ar_1_1.dzn","OPTIMAL_SOLUTION","1.096549404785037","0","0","0","","33","29","results_filter","","","37","0.005458","34","0.198956","29","33","minimize","4","114599","0.528785","1","12257","complete","0","12610"
"Huub_user_m+o","","../filters/filter.mzn","../filters/ar_2_3.dzn","OPTIMAL_SOLUTION","0.6353085851296782","0","0","0","","33","52","results_filter","","","37","0.005962","15","0.169741","45","61","minimize","4","80839","0.185382","2","5400","complete","0","23934"
"Huub_free_basic","","../filters/filter.mzn","../filters/dct_3_4.dzn","OPTIMAL_SOLUTION","36.779867311008275","0","13989","0","","67","172","results_filter","","","75","0.007924","11","0.205514","97","105","minimize","8","6519364","35.564422","2","481406","complete","419528","942006"
"Huub_user_diffn","","../filters/filter.mzn","../filters/fir16_1_2.dzn","OPTIMAL_SOLUTION","8.517136439681053","0","0","0","","35","43","results_filter","","","36","0.006821","19","0.170175","34","52","minimize","1","2474323","7.939577","12","90998","complete","0","540687"
"Huub_user_m+o","","../filters/filter.mzn","../filters/dct_3_4.dzn","SATISFIED","1200.427897320129","0","0","0","","67","83","results_filter","","","75","0.007454","11","0.216519","97","105","minimize","8","87181340","1199.778689","3","8254821","complete","0","28417966"
"Huub_user_m+o","","../filters/filter.mzn","../filters/fir_2_2.dzn","OPTIMAL_SOLUTION","0.4889584491029382","0","0","0","","25","39","results_filter","","","26","0.00735","11","0.171887","24","48","minimize","1","6068","0.029428","3","363","complete","0","2199"
"Huub_free_no_gen_bounds","","../filters/filter.mzn","../filters/dct_1_2.dzn","OPTIMAL_SOLUTION","94.80558716971427","0","32467","0","","67","105","results_filter","","","75","0.008124","32","0.355787","49","73","minimize","8","15266839","91.976452","1","624609","complete","532797","859112"
"Huub_user_decomp","","../filters/filter.mzn","../filters/fir_2_2.dzn","OPTIMAL_SOLUTION","0.4714390682056546","0","0","0","508","531","631","results_filter","127","508","532","0.010339","11","0.186315","24","48","minimize","1","55307","0.025821","5","245","complete","2961","1338"
"Huub_user_m+s","","../filters/filter.mzn","../filters/fir16_1_2.dzn","OPTIMAL_SOLUTION","21.901377273723483","0","0","0","","35","43","results_filter","","","36","0.007754","19","0.174848","34","52","minimize","1","6373808","21.187393","13","227190","complete","0","1397497"
"Huub_user_basic","","../filters/filter.mzn","../filters/dct_2_3.dzn","SATISFIED","1200.2331334762275","0","0","0","","67","76","results_filter","","","75","0.007684","16","0.168315","65","105","minimize","8","68157993","1199.826576","2","10091294","complete","0","12600267"
"Huub_user_m+s","","../filters/filter.mzn","../filters/fir_1_1.dzn","OPTIMAL_SOLUTION","0.606067169457674","0","0","0","","25","24","results_filter","","","26","0.005961","18","0.197334","24","25","minimize","1","16751","0.042215","1","1738","complete","0","1764"
"Huub_user_m+o","","../filters/filter.mzn","../filters/dct_2_3.dzn","SATISFIED","1200.243405229412","0","0","0","","67","76","results_filter","","","75","0.008804","16","0.168513","65","105","minimize","8","68387319","1199.82541","2","9202772","complete","0","13142358"
"Huub_free_no_gen_bounds","","../filters/filter.mzn","../filters/fir16_1_2.dzn","OPTIMAL_SOLUTION","0.47674606647342443","0","7","0","","35","128","results_filter","","","36","0.00612","19","0.171546","34","52","minimize","1","15471","0.069267","8","327","complete","620","1393"
"Huub_free_no_gen_bounds","","../filters/filter.mzn","../filters/ar_1_3.dzn","OPTIMAL_SOLUTION","0.4872501492500305","0","3","0","","33","136","results_filter","","","37","0.005825","16","0.193011","45","49","minimize","4","20157","0.051041","3","745","complete","375","2750"
"Huub_free_no_gen_bounds","","../filters/filter.mzn","../filters/fir_2_2.dzn","OPTIMAL_SOLUTION","0.46953704860061407","0","0","0","","25","39","results_filter","","","26","0.005859","11","0.185842","24","48","minimize","1","6222","0.030413","3","363","complete","0","2199"
"Huub_free_basic","","../filters/filter.mzn","../filters/fir_2_2.dzn","OPTIMAL_SOLUTION","0.4726388696581125","0","0","0","","25","39","results_filter","","","26","0.005873","11","0.185996","24","48","minimize","1","6778","0.032985","4","389","complete","0","2436"
"Huub_free_no_gen_bounds","","../filters/filter.mzn","../filters/ar_1_1.dzn","OPTIMAL_SOLUTION","1.0846250671893358","0","689","0","","33","50","results_filter","","","37","0.005431","34","0.210338","29","33","minimize","4","177947","0.48695","1","11972","complete","8283","11964"
"Huub_user_m+s","","../filters/filter.mzn","../filters/fir_1_3.dzn","OPTIMAL_SOLUTION","0.4667695686221123","0","0","0","","25","32","results_filter","","","26","0.006312","15","0.172187","32","33","minimize","1","6034","0.020509","3","621","complete","0","739"
"Huub_free_basic","","../filters/filter.mzn","../filters/fir16_1_1.dzn","OPTIMAL_SOLUTION","115.51629782374948","0","16808","0","","35","102","results_filter","","","36","0.006457","35","0.170653","34","35","minimize","1","4897221","115.059311","6","449043","complete","324120","337182"
"Huub_free_basic","","../filters/filter.mzn","../filters/fir_1_1.dzn","OPTIMAL_SOLUTION","0.6920534055680037","0","29","0","","25","24","results_filter","","","26","0.005042","18","0.170603","24","25","minimize","1","8290","0.019223","1","562","complete","302","401"
"Huub_free_m+s","","../filters/filter.mzn","../filters/dct_2_3.dzn","OPTIMAL_SOLUTION","60.592858525924385","0","22787","0","","67","180","results_filter","","","75","0.007746","16","0.179631","65","105","minimize","8","11056583","60.132197","3","717702","complete","483309","1212338"
"Huub_free_diffn","","../filters/filter.mzn","../filters/fir16_1_1.dzn","OPTIMAL_SOLUTION","131.58669821359217","0","17380","0","","35","82","results_filter","","","36","0.006061","35","0.170935","34","35","minimize","1","5300534","131.161445","6","480401","complete","330010","364862"
"Huub_free_basic","","../filters/filter.mzn","../filters/fir16_1_2.dzn","OPTIMAL_SOLUTION","0.47046974301338196","0","7","0","","35","116","results_filter","","","36","0.005839","19","0.167499","34","52","minimize","1","17365","0.069204","10","411","complete","655","2210"
"Huub_user_m+s","","../filters/filter.mzn","../filters/dct_3_3.dzn","SATISFIED","1200.2499181553721","0","0","0","","67","83","results_filter","","","75","0.007434","14","0.168374","97","105","minimize","8","78069282","1199.829519","3","6566162","complete","0","19172357"
"Huub_free_diffn","","../filters/filter.mzn","../filters/ewf_1_2.dzn","OPTIMAL_SOLUTION","0.6427258988842368","0","248","0","","49","40","results_filter","","","57","0.005843","28","0.172936","35","51","minimize","8","88051","0.223298","1","4925","complete","3570","5316"
"Huub_user_m+s","","../filters/filter.mzn","../filters/dct_2_2.dzn","SATISFIED","1200.6113404063508","0","0","0","","67","75","results_filter","","","75","0.007598","18","0.179764","49","105","minimize","8","56002442","1199.826801","4","7269311","complete","0","8987291"
"Huub_user_m+o","","../filters/filter.mzn","../filters/dct_2_2.dzn","SATISFIED","1200.4418413629755","0","0","0","","67","74","results_filter","","","75","0.007532","18","0.180232","49","105","minimize","8","57439495","1199.814422","5","7804651","complete","0","9520967"
"Huub_free_m+o","","../filters/filter.mzn","../filters/dct_2_3.dzn","OPTIMAL_SOLUTION","53.20889420527965","0","21691","0","","67","183","results_filter","","","75","0.007708","16","0.168103","65","105","minimize","8","10103875","52.80106","3","664403","complete","465727","1036025"
"Huub_user_decomp","","../filters/filter.mzn","../filters/dct_3_4.dzn","OPTIMAL_SOLUTION","154.70810542814434","0","0","0","2432","2497","3060","results_filter","608","2432","2505","0.034394","11","0.257994","97","105","minimize","8","322700971","154.137182","4","1851577","complete","4527","3067341"
"Huub_user_basic","","../filters/filter.mzn","../filters/ewf_4_3.dzn","OPTIMAL_SOLUTION","0.4241835977882147","0","0","0","","49","67","results_filter","","","57","0.006504","17","0.169987","69","77","minimize","8","772","0.010769","2","19","complete","0","180"
"Huub_user_m+s","","../filters/filter.mzn","../filters/ewf_4_3.dzn","OPTIMAL_SOLUTION","0.42983389273285866","0","0","0","","49","67","results_filter","","","57","0.006304","17","0.169671","69","77","minimize","8","772","0.011131","2","19","complete","0","180"
"Huub_free_basic","","../filters/filter.mzn","../filters/dfq_1_2.dzn","OPTIMAL_SOLUTION","0.9355191485956311","0","0","0","","11","20","results_filter","","","14","0.006329","6","0.477106","18","26","minimize","3","134","0.004074","1","14","complete","0","44"
"Huub_user_no_gen_bounds","","../filters/filter.mzn","../filters/ar_2_4.dzn","OPTIMAL_SOLUTION","0.6362378345802426","0","0","0","","33","47","results_filter","","","37","0.006043","11","0.185849","45","61","minimize","4","20277","0.127182","2","5589","complete","0","8602"
"Huub_free_diffn","","../filters/filter.mzn","../filters/fir_2_2.dzn","OPTIMAL_SOLUTION","0.6339117977768183","0","0","0","","25","39","results_filter","","","26","0.006767","11","0.169745","24","48","minimize","1","6068","0.029355","3","363","complete","0","2199"
"Huub_user_decomp","","../filters/filter.mzn","../filters/ewf_4_3.dzn","OPTIMAL_SOLUTION","0.8472525030374527","0","0","0","1344","1391","1780","results_filter","336","1344","1399","0.022967","17","0.224156","69","77","minimize","8","18688","0.010774","2","19","complete","3432","179"
"Huub_user_m+s","","../filters/filter.mzn","../filters/ewf_1_1.dzn","OPTIMAL_SOLUTION","0.9163942206650972","0","0","0","","49","35","results_filter","","","57","0.007","28","0.172408","35","43","minimize","8","28811","0.129659","1","3231","complete","0","3351"
"Huub_free_m+o","","../filters/filter.mzn","../filters/fir16_1_3.dzn","OPTIMAL_SOLUTION","0.7564421286806464","0","5","0","","35","127","results_filter","","","36","0.006452","18","0.173749","51","52","minimize","1","9147","0.045204","6","322","complete","562","1137"
"Huub_free_no_gen_bounds","","../filters/filter.mzn","../filters/ar_2_4.dzn","OPTIMAL_SOLUTION","0.5597050543874502","0","37","0","","33","47","results_filter","","","37","0.005669","11","0.186039","45","61","minimize","4","8163","0.048498","3","1553","complete","387","2400"
"Huub_user_decomp","","../filters/filter.mzn","../filters/dct_1_1.dzn","SATISFIED","1200.360094071366","0","0","0","1216","1281","1265","results_filter","608","1216","1289","0.021511","34","0.270545","49","57","minimize","8","1082330751","1199.724612","1","4841664","complete","1216","4913132"
"Huub_user_diffn","","../filters/filter.mzn","../filters/fir_1_1.dzn","OPTIMAL_SOLUTION","0.6028916938230395","0","0","0","","25","24","results_filter","","","26","0.005097","18","0.193385","24","25","minimize","1","20606","0.05451","1","2354","complete","0","2385"
"Huub_free_m+o","","../filters/filter.mzn","../filters/dfq_1_2.dzn","OPTIMAL_SOLUTION","0.7087020678445697","0","0","0","","11","20","results_filter","","","14","0.004659","6","0.171166","18","26","minimize","3","134","0.003945","1","14","complete","0","44"
"Huub_free_m+s","","../filters/filter.mzn","../filters/ar_1_3.dzn","OPTIMAL_SOLUTION","0.529524801298976","0","1","0","","33","147","results_filter","","","37","0.006848","16","0.222179","45","49","minimize","4","6803","0.02713","4","191","complete","406","542"
"Huub_user_no_gen_bounds","","../filters/filter.mzn","../filters/ewf_1_1.dzn","OPTIMAL_SOLUTION","0.6119077512994409","0","0","0","","49","35","results_filter","","","57","0.0061","28","0.168388","35","43","minimize","8","28808","0.14169","1","3614","complete","0","3773"
"Huub_free_diffn","","../filters/filter.mzn","../filters/ar_1_1.dzn","OPTIMAL_SOLUTION","1.5458208192139864","0","900","0","","33","75","results_filter","","","37","0.00538","34","0.206798","29","33","minimize","4","267857","0.976202","1","23339","complete","14356","16968"
"Huub_free_diffn","","../filters/filter.mzn","../filters/dfq_1_2.dzn","OPTIMAL_SOLUTION","0.7036874685436487","0","0","0","","11","20","results_filter","","","14","0.005487","6","0.173646","18","26","minimize","3","134","0.003835","1","14","complete","0","44"
"Huub_free_no_gen_bounds","","../filters/filter.mzn","../filters/fir_1_1.dzn","OPTIMAL_SOLUTION","0.5562203014269471","0","16","0","","25","24","results_filter","","","26","0.005109","18","0.18622","24","25","minimize","1","12424","0.037441","1","1245","complete","145","1194"
"Huub_user_diffn","","../filters/filter.mzn","../filters/dct_3_3.dzn","SATISFIED","1200.850634736009","0","0","0","","67","83","results_filter","","","75","0.007722","14","0.221452","97","105","minimize","8","92219101","1199.775056","2","6907313","complete","0","22519366"
"Huub_user_m+o","","../filters/filter.mzn","../filters/dct_1_3.dzn","OPTIMAL_SOLUTION","49.41784651763737","0","0","0","","67","60","results_filter","","","75","0.007468","32","0.234851","65","73","minimize","8","2260729","48.44125","1","334746","complete","0","338625"
"Huub_free_m+s","","../filters/filter.mzn","../filters/fir_1_4.dzn","OPTIMAL_SOLUTION","1.0562432957813144","0","40","0","","25","41","results_filter","","","26","0.00659","15","0.43911","32","33","minimize","1","8306","0.023831","3","746","complete","282","824"
"Huub_free_diffn","","../filters/filter.mzn","../filters/ewf_2_2.dzn","OPTIMAL_SOLUTION","0.5911039328202605","0","0","0","","49","57","results_filter","","","57","0.005878","18","0.196362","35","77","minimize","8","3168","0.025413","3","123","complete","0","954"
"Huub_free_m+o","","../filters/filter.mzn","../filters/ar_1_2.dzn","OPTIMAL_SOLUTION","0.622023138217628","0","145","0","","33","113","results_filter","","","37","0.007463","18","0.168789","29","49","minimize","4","82713","0.214977","3","4421","complete","3683","7275"
"Huub_free_m+o","","../filters/filter.mzn","../filters/fir_1_4.dzn","OPTIMAL_SOLUTION","0.5105432560667396","0","40","0","","25","41","results_filter","","","26","0.005576","15","0.173381","32","33","minimize","1","8309","0.022682","3","746","complete","282","824"
"Huub_free_m+o","","../filters/filter.mzn","../filters/ar_1_3.dzn","OPTIMAL_SOLUTION","0.5325659457594156","0","7","0","","33","136","results_filter","","","37","0.005867","16","0.196737","45","49","minimize","4","15083","0.041313","4","539","complete","517","1774"
"Huub_user_basic","","../filters/filter.mzn","../filters/fir16_1_1.dzn","OPTIMAL_SOLUTION","22.2532792147249","0","0","0","","35","34","results_filter","","","36","0.006378","35","0.172351","34","35","minimize","1","1480120","21.793995","6","215678","complete","0","216154"
"Huub_free_basic","","../filters/filter.mzn","../filters/fir16_1_3.dzn","OPTIMAL_SOLUTION","0.5590583560988307","0","5","0","","35","160","results_filter","","","36","0.005641","18","0.167751","51","52","minimize","1","26020","0.159411","17","3172","complete","1587","6745"
"Huub_free_m+o","","../filters/filter.mzn","../filters/dct_3_3.dzn","OPTIMAL_SOLUTION","815.8174294801429","0","215278","0","","67","195","results_filter","","","75","0.007855","14","0.17162","97","105","minimize","8","86917453","814.899802","1","6238777","complete","5104955","12301421"
"Huub_user_basic","","../filters/filter.mzn","../filters/fir_1_1.dzn","OPTIMAL_SOLUTION","0.7634820472449064","0","0","0","","25","24","results_filter","","","26","0.005591","18","0.203621","24","25","minimize","1","16532","0.040082","1","1725","complete","0","1751"
"Huub_user_decomp","","../filters/filter.mzn","../filters/ewf_1_2.dzn","OPTIMAL_SOLUTION","0.5647372854873538","0","0","0","728","775","786","results_filter","336","728","783","0.015652","28","0.217592","35","51","minimize","8","376721","0.089511","1","2677","complete","746","2868"
"Huub_user_m+o","","../filters/filter.mzn","../filters/fir_1_4.dzn","OPTIMAL_SOLUTION","0.746088296175003","0","0","0","","25","32","results_filter","","","26","0.005581","15","0.173779","32","33","minimize","1","6034","0.01994","3","621","complete","0","739"
"Huub_free_m+s","","../filters/filter.mzn","../filters/dfq_1_2.dzn","OPTIMAL_SOLUTION","0.9589288244023919","0","0","0","","11","20","results_filter","","","14","0.005724","6","0.173716","18","26","minimize","3","134","0.00375","1","14","complete","0","44"
"Huub_user_m+s","","../filters/filter.mzn","../filters/dct_1_2.dzn","OPTIMAL_SOLUTION","46.86754078324884","0","0","0","","67","55","results_filter","","","75","0.008202","32","0.357022","49","73","minimize","8","2291620","43.857788","1","337027","complete","0","341529"
"Huub_free_basic","","../filters/filter.mzn","../filters/dct_2_2.dzn","OPTIMAL_SOLUTION","365.61783252377063","0","126301","0","","67","175","results_filter","","","75","0.007681","18","0.194906","49","105","minimize","8","36538097","364.910041","3","2368436","complete","1961698","3163634"
"Huub_user_m+s","","../filters/filter.mzn","../filters/dct_3_4.dzn","SATISFIED","1200.4230291359127","0","0","0","","67","83","results_filter","","","75","0.007425","11","0.21514","97","105","minimize","8","92255258","1199.777831","3","8344581","complete","0","29037372"
"Huub_free_m+o","","../filters/filter.mzn","../filters/fir16_1_1.dzn","OPTIMAL_SOLUTION","138.62472628895193","0","17380","0","","35","82","results_filter","","","36","0.006723","35","0.197918","34","35","minimize","1","5300534","137.846794","6","480401","complete","330010","364862"
"Huub_user_m+s","","../filters/filter.mzn","../filters/ar_1_2.dzn","OPTIMAL_SOLUTION","1.1386167732998729","0","0","0","","33","37","results_filter","","","37","0.008233","18","0.174772","29","49","minimize","4","208208","0.40287","4","10265","complete","0","34498"
"Huub_user_basic","","../filters/filter.mzn","../filters/dfq_1_2.dzn","OPTIMAL_SOLUTION","0.8375254133716226","0","0","0","","11","20","results_filter","","","14","0.006146","6","0.410302","18","26","minimize","3","134","0.003766","1","14","complete","0","44"
"Huub_free_m+o","","../filters/filter.mzn","../filters/fir_1_2.dzn","OPTIMAL_SOLUTION","0.48904899414628744","0","40","0","","25","27","results_filter","","","26","0.005615","15","0.18139","24","33","minimize","1","8275","0.023227","3","746","complete","266","809"
"Huub_free_no_gen_bounds","","../filters/filter.mzn","../filters/dfq_1_1.dzn","OPTIMAL_SOLUTION","0.9709973866119981","0","0","0","","11","20","results_filter","","","14","0.004738","4","0.244992","18","26","minimize","3","96","0.003467","1","7","complete","0","32"
"Huub_user_diffn","","../filters/filter.mzn","../filters/ar_1_2.dzn","OPTIMAL_SOLUTION","0.9767880402505398","0","0","0","","33","37","results_filter","","","37","0.007126","18","0.171873","29","49","minimize","4","197210","0.374123","4","9982","complete","0","32278"
"Huub_free_diffn","","../filters/filter.mzn","../filters/fir16_1_2.dzn","OPTIMAL_SOLUTION","0.6826121285557747","0","5","0","","35","123","results_filter","","","36","0.007447","19","0.171553","34","52","minimize","1","13776","0.060528","10","291","complete","719","1260"
"Huub_free_m+s","","../filters/filter.mzn","../filters/fir_2_2.dzn","OPTIMAL_SOLUTION","0.7942778626456857","0","0","0","","25","39","results_filter","","","26","0.007599","11","0.172741","24","48","minimize","1","6778","0.0344","4","389","complete","0","2436"
"Huub_free_basic","","../filters/filter.mzn","../filters/dct_4_4.dzn","OPTIMAL_SOLUTION","26.1656661266461","0","6432","0","","67","237","results_filter","","","75","0.009195","10","0.217175","97","105","minimize","8","4352164","25.521597","4","391695","complete","299074","704091"
"Huub_user_m+s","","../filters/filter.mzn","../filters/dct_2_3.dzn","SATISFIED","1200.59618275892","0","0","0","","67","76","results_filter","","","75","0.009518","16","0.175139","65","105","minimize","8","64403279","1199.819328","2","9574001","complete","0","11951909"
"Huub_user_diffn","","../filters/filter.mzn","../filters/dfq_1_2.dzn","OPTIMAL_SOLUTION","0.8172909775748849","0","0","0","","11","20","results_filter","","","14","0.005211","6","0.239298","18","26","minimize","3","134","0.003717","1","14","complete","0","44"
"Huub_free_m+o","","../filters/filter.mzn","../filters/dct_4_4.dzn","OPTIMAL_SOLUTION","39.949434941634536","0","13725","0","","67","196","results_filter","","","75","0.008489","10","0.171212","97","105","minimize","8","5932494","39.165326","3","484568","complete","409660","896189"
"Huub_user_diffn","","../filters/filter.mzn","../filters/ewf_1_2.dzn","OPTIMAL_SOLUTION","0.5183409443125129","0","0","0","","49","40","results_filter","","","57","0.006229","28","0.173886","35","51","minimize","8","24744","0.101902","1","2738","complete","0","2955"
"Huub_free_m+o","","../filters/filter.mzn","../filters/fir_2_2.dzn","OPTIMAL_SOLUTION","0.44301382452249527","0","0","0","","25","39","results_filter","","","26","0.007138","11","0.167456","24","48","minimize","1","6068","0.029394","3","363","complete","0","2199"
"Huub_user_basic","","../filters/filter.mzn","../filters/dct_1_1.dzn","OPTIMAL_SOLUTION","870.0004513682798","0","0","0","","67","49","results_filter","","","75","0.009324","34","0.170996","49","57","minimize","8","32762569","869.410605","1","3236028","complete","0","3338082"
"Huub_free_diffn","","../filters/filter.mzn","../filters/ar_2_4.dzn","OPTIMAL_SOLUTION","0.5638286294415593","0","37","0","","33","47","results_filter","","","37","0.006647","11","0.227779","45","61","minimize","4","8092","0.048352","3","1553","complete","387","2400"
"Huub_free_m+s","","../filters/filter.mzn","../filters/dct_3_3.dzn","OPTIMAL_SOLUTION","1022.6118326373398","0","250609","0","","67","201","results_filter","","","75","0.007288","14","0.166928","97","105","minimize","8","95617097","1022.194839","2","6816315","complete","5439870","13948018"
"Huub_free_basic","","../filters/filter.mzn","../filters/fir_2_3.dzn","OPTIMAL_SOLUTION","0.9139967812225223","0","1","0","","25","126","results_filter","","","26","0.005545","10","0.170242","32","48","minimize","1","4666","0.021635","4","228","complete","216","1016"
"Huub_user_decomp","","../filters/filter.mzn","../filters/fir_1_3.dzn","OPTIMAL_SOLUTION","0.45211427100002766","0","0","0","310","333","362","results_filter","127","310","334","0.010055","15","0.183861","32","33","minimize","1","56917","0.022171","3","623","complete","990","738"
"Huub_user_basic","","../filters/filter.mzn","../filters/fir_2_3.dzn","OPTIMAL_SOLUTION","0.8880535727366805","0","0","0","","25","39","results_filter","","","26","0.005608","10","0.168322","32","48","minimize","1","5751","0.030024","3","489","complete","0","2302"
"Huub_free_basic","","../filters/filter.mzn","../filters/ewf_1_1.dzn","OPTIMAL_SOLUTION","1.0102883912622929","0","339","0","","49","35","results_filter","","","57","0.007606","28","0.182299","35","43","minimize","8","102870","0.2625","1","5601","complete","3922","6419"
"Huub_user_m+o","","../filters/filter.mzn","../filters/ar_2_4.dzn","OPTIMAL_SOLUTION","0.5301498118788004","0","0","0","","33","47","results_filter","","","37","0.005978","11","0.165707","45","61","minimize","4","20165","0.12497","2","5589","complete","0","8602"
"Huub_free_m+o","","../filters/filter.mzn","../filters/fir_1_3.dzn","OPTIMAL_SOLUTION","0.47401250898838043","0","40","0","","25","33","results_filter","","","26","0.005571","15","0.17606","32","33","minimize","1","8301","0.022936","3","746","complete","274","824"
"Huub_user_no_gen_bounds","","../filters/filter.mzn","../filters/ar_2_3.dzn","OPTIMAL_SOLUTION","0.8924025855958462","0","0","0","","33","52","results_filter","","","37","0.0058","15","0.430987","45","61","minimize","4","81296","0.19396","2","5400","complete","0","23934"
"Huub_free_no_gen_bounds","","../filters/filter.mzn","../filters/fir16_1_3.dzn","OPTIMAL_SOLUTION","0.5036770440638065","0","3","0","","35","130","results_filter","","","36","0.007321","18","0.16998","51","52","minimize","1","10104","0.051365","6","292","complete","550","1103"
"Huub_free_m+s","","../filters/filter.mzn","../filters/dct_2_2.dzn","OPTIMAL_SOLUTION","480.2315979655832","0","126153","0","","67","169","results_filter","","","75","0.007269","18","0.16614","49","105","minimize","8","41089142","479.188612","4","2764680","complete","2122302","3635660"
"Huub_user_decomp","","../filters/filter.mzn","../filters/dct_4_4.dzn","OPTIMAL_SOLUTION","498.03698344156146","0","0","0","2432","2497","3106","results_filter","608","2432","2505","0.035304","10","0.257985","97","105","minimize","8","1005331490","497.445719","3","4031256","complete","4198","9178347"
"Huub_free_basic","","../filters/filter.mzn","../filters/ewf_1_2.dzn","OPTIMAL_SOLUTION","0.5750234555453062","0","61","0","","49","40","results_filter","","","57","0.006048","28","0.172339","35","51","minimize","8","52345","0.155164","1","3848","complete","2230","3029"
"Huub_free_no_gen_bounds","","../filters/filter.mzn","../filters/fir_1_2.dzn","OPTIMAL_SOLUTION","0.5023195073008537","0","36","0","","25","27","results_filter","","","26","0.005641","15","0.182075","24","33","minimize","1","7896","0.025649","3","717","complete","216","783"
"Huub_user_m+o","","../filters/filter.mzn","../filters/ewf_2_2.dzn","OPTIMAL_SOLUTION","0.6221609264612198","0","0","0","","49","57","results_filter","","","57","0.005842","18","0.207997","35","77","minimize","8","3168","0.025939","3","123","complete","0","954"
"Huub_free_m+s","","../filters/filter.mzn","../filters/ar_2_4.dzn","OPTIMAL_SOLUTION","0.5381556320935488","0","58","0","","33","47","results_filter","","","37","0.007015","11","0.167383","45","61","minimize","4","15071","0.092727","3","3616","complete","543","5164"
"Huub_user_m+o","","../filters/filter.mzn","../filters/ar_1_1.dzn","OPTIMAL_SOLUTION","1.106371596455574","0","0","0","","33","29","results_filter","","","37","0.005507","34","0.198781","29","33","minimize","4","114599","0.539634","1","12257","complete","0","12610"
"Huub_user_no_gen_bounds","","../filters/filter.mzn","../filters/fir16_1_3.dzn","OPTIMAL_SOLUTION","4.590920216403902","0","0","0","","35","46","results_filter","","","36","0.006963","18","0.169273","51","52","minimize","1","922309","4.136493","8","63263","complete","0","250746"
"Huub_free_diffn","","../filters/filter.mzn","../filters/dct_1_1.dzn","SATISFIED","1200.2842905996367","0","122491","0","","67","125","results_filter","","","75","0.007538","34","0.169491","49","57","minimize","8","66580331","1199.842217","1","3524593","complete","2719976","3495484"
"Huub_free_m+s","","../filters/filter.mzn","../filters/dct_3_4.dzn","OPTIMAL_SOLUTION","26.80791749432683","0","6211","0","","67","209","results_filter","","","75","0.00866","11","0.20464","97","105","minimize","8","4333852","25.593295","3","340182","complete","280015","675644"
"Huub_user_basic","","../filters/filter.mzn","../filters/ar_2_3.dzn","OPTIMAL_SOLUTION","1.086959844455123","0","0","0","","33","52","results_filter","","","37","0.007174","15","0.332391","45","61","minimize","4","77759","0.172332","2","5147","complete","0","22850"
"Huub_free_diffn","","../filters/filter.mzn","../filters/ewf_2_1.dzn","OPTIMAL_SOLUTION","0.6810443513095379","0","0","0","","49","54","results_filter","","","57","0.006827","21","0.179087","35","69","minimize","8","856","0.009787","2","5","complete","0","110"
"Huub_user_basic","","../filters/filter.mzn","../filters/dct_4_4.dzn","SATISFIED","1200.7299501886591","0","0","0","","67","87","results_filter","","","75","0.008074","10","0.16921","97","105","minimize","8","98638619","1199.826203","4","7831801","complete","0","35019140"
"Huub_user_diffn","","../filters/filter.mzn","../filters/dct_1_1.dzn","SATISFIED","1200.2852050885558","0","0","0","","67","49","results_filter","","","75","0.00827","34","0.542902","49","57","minimize","8","48388728","1199.463157","1","4583956","complete","0","4680065"
"Huub_user_no_gen_bounds","","../filters/filter.mzn","../filters/dct_3_4.dzn","SATISFIED","1200.4987246384844","0","0","0","","67","83","results_filter","","","75","0.007194","11","0.164894","97","105","minimize","8","90742694","1199.83392","3","8566549","complete","0","29158506"
"Huub_user_diffn","","../filters/filter.mzn","../filters/ewf_1_1.dzn","OPTIMAL_SOLUTION","0.8444337230175734","0","0","0","","49","35","results_filter","","","57","0.006574","28","0.278222","35","43","minimize","8","29004","0.125832","1","3364","complete","0","3491"
"Huub_user_basic","","../filters/filter.mzn","../filters/fir_1_3.dzn","OPTIMAL_SOLUTION","0.4402087116613984","0","0","0","","25","32","results_filter","","","26","0.00571","15","0.173106","32","33","minimize","1","6034","0.01968","3","621","complete","0","739"
"Huub_free_no_gen_bounds","","../filters/filter.mzn","../filters/fir_2_3.dzn","OPTIMAL_SOLUTION","0.9177507953718305","0","1","0","","25","129","results_filter","","","26","0.005575","10","0.170134","32","48","minimize","1","5016","0.024062","4","228","complete","224","1016"
"Huub_user_basic","","../filters/filter.mzn","../filters/ewf_1_1.dzn","OPTIMAL_SOLUTION","0.9616172723472118","0","0","0","","49","35","results_filter","","","57","0.007871","28","0.171376","35","43","minimize","8","28811","0.123848","1","3231","complete","0","3351"
"Huub_free_m+s","","../filters/filter.mzn","../filters/fir16_1_1.dzn","OPTIMAL_SOLUTION","124.24260670877993","0","13390","0","","35","74","results_filter","","","36","0.005942","35","0.169032","34","35","minimize","1","5083199","123.833094","6","478772","complete","287648","364381"
"Huub_user_m+o","","../filters/filter.mzn","../filters/ewf_4_3.dzn","OPTIMAL_SOLUTION","0.729153904132545","0","0","0","","49","67","results_filter","","","57","0.007069","17","0.17417","69","77","minimize","8","772","0.010993","2","19","complete","0","180"
"Huub_free_m+o","","../filters/filter.mzn","../filters/dct_2_2.dzn","OPTIMAL_SOLUTION","518.7057704590261","0","126687","0","","67","141","results_filter","","","75","0.007197","18","0.165862","49","105","minimize","8","40611544","517.991055","4","2752314","complete","2291447","3404404"
"Huub_user_no_gen_bounds","","../filters/filter.mzn","../filters/ar_1_3.dzn","OPTIMAL_SOLUTION","0.5634289039298892","0","0","0","","33","42","results_filter","","","37","0.005474","16","0.181145","45","49","minimize","4","29575","0.072704","3","1331","complete","0","5504"
"Huub_free_m+s","","../filters/filter.mzn","../filters/ar_1_2.dzn","OPTIMAL_SOLUTION","1.0061148637905717","0","109","0","","33","37","results_filter","","","37","0.007591","18","0.173364","29","49","minimize","4","109230","0.274018","4","5578","complete","3316","12746"
"Huub_user_m+o","","../filters/filter.mzn","../filters/ewf_1_2.dzn","OPTIMAL_SOLUTION","0.5260879881680012","0","0","0","","49","40","results_filter","","","57","0.00609","28","0.174399","35","51","minimize","8","24744","0.105161","1","2738","complete","0","2955"
"Huub_free_no_gen_bounds","","../filters/filter.mzn","../filters/dct_2_2.dzn","OPTIMAL_SOLUTION","502.78122714255005","0","115685","0","","67","143","results_filter","","","75","0.00766","18","0.165516","49","105","minimize","8","38480910","502.10134","4","2744519","complete","2182942","3339368"
"Huub_user_decomp","","../filters/filter.mzn","../filters/dct_3_3.dzn","SATISFIED","1200.5947288740426","0","0","0","2432","2497","3057","results_filter","608","2432","2505","0.036029","14","0.260104","97","105","minimize","8","746828123","1199.704877","3","8074072","complete","6468","8516563"
"Huub_user_m+s","","../filters/filter.mzn","../filters/ewf_2_1.dzn","OPTIMAL_SOLUTION","1.210041519254446","0","0","0","","49","54","results_filter","","","57","0.007527","21","0.498608","35","69","minimize","8","885","0.010383","2","5","complete","0","110"
"Huub_user_decomp","","../filters/filter.mzn","../filters/ar_1_1.dzn","OPTIMAL_SOLUTION","1.3779937159270048","0","0","0","360","391","389","results_filter","180","360","395","0.009583","34","0.319001","29","33","minimize","4","912180","0.32915","1","10350","complete","360","10665"
"Huub_free_m+o","","../filters/filter.mzn","../filters/fir_1_1.dzn","OPTIMAL_SOLUTION","0.6097910022363067","0","32","0","","25","24","results_filter","","","26","0.005116","18","0.196328","24","25","minimize","1","21452","0.049887","1","2210","complete","239","2159"
"Huub_user_m+s","","../filters/filter.mzn","../filters/ewf_1_2.dzn","OPTIMAL_SOLUTION","1.3202508287504315","0","0","0","","49","40","results_filter","","","57","0.007391","28","0.193181","35","51","minimize","8","24744","0.108421","1","2738","complete","0","2955"
"Huub_free_diffn","","../filters/filter.mzn","../filters/dct_1_2.dzn","OPTIMAL_SOLUTION","86.87109122611582","0","29057","0","","67","82","results_filter","","","75","0.008157","32","0.357724","49","73","minimize","8","14040781","84.037456","1","608652","complete","482351","823189"
"Huub_user_no_gen_bounds","","../filters/filter.mzn","../filters/fir16_1_1.dzn","OPTIMAL_SOLUTION","14.184010154567659","0","0","0","","35","34","results_filter","","","36","0.00686","35","0.174231","34","35","minimize","1","1334002","13.705951","6","150350","complete","0","150914"
"Huub_user_basic","","../filters/filter.mzn","../filters/ar_1_3.dzn","OPTIMAL_SOLUTION","0.5124762365594506","0","0","0","","33","42","results_filter","","","37","0.006019","16","0.220566","45","49","minimize","4","25624","0.056603","3","1124","complete","0","4827"
"Huub_free_diffn","","../filters/filter.mzn","../filters/ar_2_3.dzn","OPTIMAL_SOLUTION","0.7437523473054171","0","9","0","","33","55","results_filter","","","37","0.006536","15","0.175573","45","61","minimize","4","11833","0.040856","2","862","complete","363","2884"
"Huub_user_m+s","","../filters/filter.mzn","../filters/ar_2_4.dzn","OPTIMAL_SOLUTION","0.6573381079360843","0","0","0","","33","47","results_filter","","","37","0.007191","11","0.189209","45","61","minimize","4","21998","0.136195","2","6056","complete","0","9348"
"Huub_user_basic","","../filters/filter.mzn","../filters/ar_1_1.dzn","OPTIMAL_SOLUTION","1.0841779299080372","0","0","0","","33","29","results_filter","","","37","0.005566","34","0.212041","29","33","minimize","4","101701","0.351809","1","10642","complete","0","10973"
"Huub_user_decomp","","../filters/filter.mzn","../filters/ar_2_4.dzn","OPTIMAL_SOLUTION","0.5089425696060061","0","0","0","720","751","916","results_filter","180","720","755","0.014686","11","0.217169","45","61","minimize","4","133191","0.037861","2","1185","complete","1737","3558"
"Huub_user_basic","","../filters/filter.mzn","../filters/dfq_1_1.dzn","OPTIMAL_SOLUTION","0.922452449798584","0","0","0","","11","20","results_filter","","","14","0.004737","4","0.231577","18","26","minimize","3","95","0.003505","1","7","complete","0","32"
"Huub_free_m+o","","../filters/filter.mzn","../filters/dct_1_2.dzn","OPTIMAL_SOLUTION","91.06730496697128","0","29057","0","","67","82","results_filter","","","75","0.008013","32","0.358235","49","73","minimize","8","14040781","88.236891","1","608652","complete","482351","823189"
"Huub_user_m+s","","../filters/filter.mzn","../filters/fir16_1_1.dzn","OPTIMAL_SOLUTION","22.63480754941702","0","0","0","","35","34","results_filter","","","36","0.006974","35","0.183894","34","35","minimize","1","1476525","22.11523","6","217283","complete","0","217764"
"Huub_user_basic","","../filters/filter.mzn","../filters/fir_1_4.dzn","OPTIMAL_SOLUTION","0.6074137855321169","0","0","0","","25","32","results_filter","","","26","0.006899","15","0.170411","32","33","minimize","1","6034","0.020105","3","621","complete","0","739"
"Huub_user_m+s","","../filters/filter.mzn","../filters/fir_1_4.dzn","OPTIMAL_SOLUTION","0.5082568787038326","0","0","0","","25","32","results_filter","","","26","0.005416","15","0.174068","32","33","minimize","1","6034","0.020856","3","621","complete","0","739"
"Huub_user_no_gen_bounds","","../filters/filter.mzn","../filters/fir_1_2.dzn","OPTIMAL_SOLUTION","0.4691223846748471","0","0","0","","25","27","results_filter","","","26","0.005518","15","0.173216","24","33","minimize","1","5773","0.022178","3","621","complete","0","724"
"Huub_free_basic","","../filters/filter.mzn","../filters/ewf_4_3.dzn","OPTIMAL_SOLUTION","0.41685828287154436","0","0","0","","49","67","results_filter","","","57","0.006301","17","0.16934","69","77","minimize","8","772","0.01096","2","19","complete","0","180"
"Huub_free_m+s","","../filters/filter.mzn","../filters/ewf_1_1.dzn","OPTIMAL_SOLUTION","1.1232245862483978","0","339","0","","49","35","results_filter","","","57","0.006919","28","0.206028","35","43","minimize","8","102870","0.282883","1","5601","complete","3922","6419"
"Huub_user_no_gen_bounds","","../filters/filter.mzn","../filters/dct_2_2.dzn","SATISFIED","1200.313434031792","0","0","0","","67","74","results_filter","","","75","0.00754","18","0.182492","49","105","minimize","8","57920081","1199.818845","5","7753626","complete","0","9488408"
"Huub_user_basic","","../filters/filter.mzn","../filters/dct_3_3.dzn","SATISFIED","1200.4672125196084","0","0","0","","67","83","results_filter","","","75","0.007347","14","0.226765","97","105","minimize","8","80856661","1199.773799","2","6835457","complete","0","20207831"
"Huub_user_decomp","","../filters/filter.mzn","../filters/ewf_1_1.dzn","OPTIMAL_SOLUTION","0.5951015204191208","0","0","0","672","719","707","results_filter","336","672","727","0.014117","28","0.221093","35","43","minimize","8","463341","0.112559","1","3490","complete","672","3639"
"Huub_free_diffn","","../filters/filter.mzn","../filters/dct_2_3.dzn","OPTIMAL_SOLUTION","57.85398024599999","0","21725","0","","67","183","results_filter","","","75","0.007768","16","0.18063","65","105","minimize","8","10576241","57.347006","3","736316","complete","497428","1120096"
"Huub_user_no_gen_bounds","","../filters/filter.mzn","../filters/fir_2_2.dzn","OPTIMAL_SOLUTION","0.4403993273153901","0","0","0","","25","39","results_filter","","","26","0.005656","11","0.172902","24","48","minimize","1","6222","0.030169","3","363","complete","0","2199"
"Huub_user_diffn","","../filters/filter.mzn","../filters/fir16_1_3.dzn","OPTIMAL_SOLUTION","4.27414973732084","0","0","0","","35","46","results_filter","","","36","0.005693","18","0.171239","51","52","minimize","1","880336","3.8624","8","63263","complete","0","250746"
"Huub_free_no_gen_bounds","","../filters/filter.mzn","../filters/ewf_2_1.dzn","OPTIMAL_SOLUTION","0.6467085648328066","0","0","0","","49","54","results_filter","","","57","0.006257","21","0.174665","35","69","minimize","8","896","0.010334","2","5","complete","0","110"
"Huub_user_basic","","../filters/filter.mzn","../filters/fir_1_2.dzn","OPTIMAL_SOLUTION","0.47674009669572115","0","0","0","","25","27","results_filter","","","26","0.005626","15","0.182477","24","33","minimize","1","6016","0.020093","3","621","complete","0","724"
"Huub_free_basic","","../filters/filter.mzn","../filters/ewf_2_1.dzn","OPTIMAL_SOLUTION","0.6488888468593359","0","0","0","","49","54","results_filter","","","57","0.008019","21","0.174366","35","69","minimize","8","885","0.009776","2","5","complete","0","110"
"Huub_user_m+o","","../filters/filter.mzn","../filters/fir_1_2.dzn","OPTIMAL_SOLUTION","0.4655038472265005","0","0","0","","25","27","results_filter","","","26","0.005584","15","0.169275","24","33","minimize","1","6016","0.020338","3","621","complete","0","724"
"Huub_user_diffn","","../filters/filter.mzn","../filters/fir_1_3.dzn","OPTIMAL_SOLUTION","0.43852389696985483","0","0","0","","25","32","results_filter","","","26","0.005561","15","0.172948","32","33","minimize","1","6034","0.02025","3","621","complete","0","739"
"Huub_user_decomp","","../filters/filter.mzn","../filters/fir_1_2.dzn","OPTIMAL_SOLUTION","0.46413851249963045","0","0","0","310","333","357","results_filter","127","310","334","0.009798","15","0.198919","24","33","minimize","1","56842","0.022096","3","623","complete","990","723"
"Huub_user_m+o","","../filters/filter.mzn","../filters/fir_1_3.dzn","OPTIMAL_SOLUTION","0.4380949642509222","0","0","0","","25","32","results_filter","","","26","0.005588","15","0.172701","32","33","minimize","1","6034","0.020086","3","621","complete","0","739"
"Huub_user_m+o","","../filters/filter.mzn","../filters/ar_1_3.dzn","OPTIMAL_SOLUTION","0.544617828913033","0","0","0","","33","42","results_filter","","","37","0.005898","16","0.186717","45","49","minimize","4","28585","0.065661","3","1333","complete","0","5504"
"Huub_user_m+s","","../filters/filter.mzn","../filters/ar_1_1.dzn","OPTIMAL_SOLUTION","0.9709061002358794","0","0","0","","33","29","results_filter","","","37","0.005456","34","0.208929","29","33","minimize","4","100748","0.367556","1","10625","complete","0","10921"
"Huub_user_diffn","","../filters/filter.mzn","../filters/fir_2_2.dzn","OPTIMAL_SOLUTION","0.6719591245055199","0","0","0","","25","39","results_filter","","","26","0.007539","11","0.173724","24","48","minimize","1","6068","0.029346","3","363","complete","0","2199"
"Huub_user_m+o","","../filters/filter.mzn","../filters/ewf_1_1.dzn","OPTIMAL_SOLUTION","0.7524176985025406","0","0","0","","49","35","results_filter","","","57","0.006089","28","0.171895","35","43","minimize","8","29004","0.130946","1","3364","complete","0","3491"
"Huub_user_m+o","","../filters/filter.mzn","../filters/dfq_1_2.dzn","OPTIMAL_SOLUTION","0.4483717093244195","0","0","0","","11","20","results_filter","","","14","0.004717","6","0.168374","18","26","minimize","3","134","0.003791","1","14","complete","0","44"
"Huub_user_m+s","","../filters/filter.mzn","../filters/dct_1_1.dzn","OPTIMAL_SOLUTION","841.3007366554812","0","0","0","","67","49","results_filter","","","75","0.008717","34","0.179786","49","57","minimize","8","31563291","840.425304","1","3130523","complete","0","3228345"
"Huub_free_diffn","","../filters/filter.mzn","../filters/ar_1_3.dzn","OPTIMAL_SOLUTION","0.5778600499033928","0","7","0","","33","136","results_filter","","","37","0.006709","16","0.239825","45","49","minimize","4","15083","0.04142","4","539","complete","517","1774"
"Huub_free_basic","","../filters/filter.mzn","../filters/ewf_2_2.dzn","OPTIMAL_SOLUTION","0.7039772868156433","0","0","0","","49","57","results_filter","","","57","0.0059","18","0.197586","35","77","minimize","8","3055","0.02437","3","113","complete","0","903"
"Huub_free_m+s","","../filters/filter.mzn","../filters/fir_2_3.dzn","OPTIMAL_SOLUTION","0.8808267815038562","0","1","0","","25","126","results_filter","","","26","0.005606","10","0.166556","32","48","minimize","1","4666","0.022707","4","228","complete","216","1016"
"Huub_user_decomp","","../filters/filter.mzn","../filters/ewf_2_2.dzn","OPTIMAL_SOLUTION","1.0634306278079748","0","0","0","1344","1391","1663","results_filter","336","1344","1399","0.020796","18","0.317466","35","77","minimize","8","47060","0.017201","3","55","complete","4796","493"
"Huub_user_m+s","","../filters/filter.mzn","../filters/ar_2_3.dzn","OPTIMAL_SOLUTION","1.0492254849523306","0","0","0","","33","52","results_filter","","","37","0.0072","15","0.174824","45","61","minimize","4","82333","0.202774","2","5399","complete","0","24144"
"Huub_user_no_gen_bounds","","../filters/filter.mzn","../filters/fir_1_4.dzn","OPTIMAL_SOLUTION","0.5471635404974222","0","0","0","","25","32","results_filter","","","26","0.00553","15","0.17325","32","33","minimize","1","5791","0.022024","3","621","complete","0","739"
"Huub_free_diffn","","../filters/filter.mzn","../filters/dct_3_4.dzn","OPTIMAL_SOLUTION","25.639339054003358","0","7079","0","","67","195","results_filter","","","75","0.007961","11","0.205403","97","105","minimize","8","4372926","24.428769","5","345904","complete","312124","645930"
"Huub_free_basic","","../filters/filter.mzn","../filters/ar_1_3.dzn","OPTIMAL_SOLUTION","0.5500691803172231","0","1","0","","33","147","results_filter","","","37","0.006869","16","0.23973","45","49","minimize","4","6803","0.026031","4","191","complete","406","542"
"Huub_user_basic","","../filters/filter.mzn","../filters/fir16_1_3.dzn","OPTIMAL_SOLUTION","4.205655531026423","0","0","0","","35","46","results_filter","","","36","0.0061","18","0.16765","51","52","minimize","1","940149","3.80179","7","67794","complete","0","267235"
"Huub_user_m+s","","../filters/filter.mzn","../filters/fir16_1_3.dzn","OPTIMAL_SOLUTION","4.364973792806268","0","0","0","","35","46","results_filter","","","36","0.006141","18","0.169144","51","52","minimize","1","904168","3.952716","5","66081","complete","0","257161"
"Huub_free_m+o","","../filters/filter.mzn","../filters/ar_2_3.dzn","OPTIMAL_SOLUTION","0.7353006331250072","0","9","0","","33","55","results_filter","","","37","0.005881","15","0.430514","45","61","minimize","4","11833","0.040024","2","862","complete","363","2884"
"Huub_user_basic","","../filters/filter.mzn","../filters/dct_1_2.dzn","OPTIMAL_SOLUTION","45.18362771347165","0","0","0","","67","55","results_filter","","","75","0.008104","32","0.35792","49","73","minimize","8","2291620","42.17333","1","337027","complete","0","341529"
"Huub_user_diffn","","../filters/filter.mzn","../filters/dct_1_3.dzn","OPTIMAL_SOLUTION","45.08393838722259","0","0","0","","67","60","results_filter","","","75","0.007114","32","0.202609","65","73","minimize","8","2260729","44.346934","1","334746","complete","0","338625"
"Huub_free_basic","","../filters/filter.mzn","../filters/dct_1_3.dzn","OPTIMAL_SOLUTION","94.82469808869064","0","27955","0","","67","123","results_filter","","","75","0.007581","32","0.182486","65","73","minimize","8","15344144","94.246985","1","730500","complete","607633","865695"
"Huub_user_decomp","","../filters/filter.mzn","../filters/dfq_1_2.dzn","OPTIMAL_SOLUTION","0.4417746579274535","0","0","0","80","89","111","results_filter","20","80","92","0.006151","6","0.173299","18","26","minimize","3","728","0.00377","1","13","complete","91","43"
"Huub_free_no_gen_bounds","","../filters/filter.mzn","../filters/ewf_1_1.dzn","OPTIMAL_SOLUTION","1.1745743360370398","0","517","0","","49","36","results_filter","","","57","0.006027","28","0.170148","35","43","minimize","8","151587","0.448379","1","7517","complete","7055","8066"
"Huub_free_no_gen_bounds","","../filters/filter.mzn","../filters/ewf_2_2.dzn","OPTIMAL_SOLUTION","0.5919323395937681","0","0","0","","49","57","results_filter","","","57","0.005863","18","0.194612","35","77","minimize","8","3261","0.026194","3","123","complete","0","954"
"Huub_user_basic","","../filters/filter.mzn","../filters/fir16_1_2.dzn","OPTIMAL_SOLUTION","20.878018068149686","0","0","0","","35","43","results_filter","","","36","0.005662","19","0.166503","34","52","minimize","1","6721052","20.48296","11","240105","complete","0","1477291"
"Huub_free_m+o","","../filters/filter.mzn","../filters/ewf_4_3.dzn","OPTIMAL_SOLUTION","0.7194025302305818","0","0","0","","49","67","results_filter","","","57","0.007366","17","0.171991","69","77","minimize","8","772","0.011069","2","19","complete","0","180"
"Huub_user_diffn","","../filters/filter.mzn","../filters/dct_3_4.dzn","SATISFIED","1200.5350427515805","0","0","0","","67","83","results_filter","","","75","0.007247","11","0.214728","97","105","minimize","8","91108579","1199.77741","3","8643669","complete","0","29620811"
"Huub_free_m+s","","../filters/filter.mzn","../filters/ar_2_3.dzn","OPTIMAL_SOLUTION","0.9342370172962546","0","5","0","","33","52","results_filter","","","37","0.007236","15","0.178617","45","61","minimize","4","11959","0.043446","2","859","complete","277","3211"
"Huub_user_m+o","","../filters/filter.mzn","../filters/dfq_1_1.dzn","OPTIMAL_SOLUTION","0.6237739017233253","0","0","0","","11","20","results_filter","","","14","0.004589","4","0.161814","18","26","minimize","3","95","0.00352","1","7","complete","0","32"
"Huub_user_m+o","","../filters/filter.mzn","../filters/fir16_1_1.dzn","OPTIMAL_SOLUTION","58.899462757632136","0","0","0","","35","34","results_filter","","","36","0.00575","35","0.184067","34","35","minimize","1","1567429","58.3843","6","237797","complete","0","238341"
"Huub_free_basic","","../filters/filter.mzn","../filters/dct_1_1.dzn","SATISFIED","1200.283838489093","0","117205","0","","67","89","results_filter","","","75","0.008297","34","0.17047","49","57","minimize","8","66399001","1199.832634","1","3632051","complete","2893462","3342749"
"Huub_user_m+o","","../filters/filter.mzn","../filters/ar_1_2.dzn","OPTIMAL_SOLUTION","0.7834780924022198","0","0","0","","33","37","results_filter","","","37","0.007243","18","0.168912","29","49","minimize","4","197210","0.36755","4","9982","complete","0","32278"
"Huub_free_no_gen_bounds","","../filters/filter.mzn","../filters/fir16_1_1.dzn","OPTIMAL_SOLUTION","110.25162214972079","0","14058","0","","35","72","results_filter","","","36","0.006351","35","0.172231","34","35","minimize","1","4985046","109.788496","6","439316","complete","287024","305884"
"Huub_user_no_gen_bounds","","../filters/filter.mzn","../filters/ar_1_2.dzn","OPTIMAL_SOLUTION","0.8202511724084616","0","0","0","","33","37","results_filter","","","37","0.006007","18","0.16777","29","49","minimize","4","205355","0.405241","4","10028","complete","0","33582"
"Huub_user_decomp","","../filters/filter.mzn","../filters/dfq_1_1.dzn","OPTIMAL_SOLUTION","0.7828997550532222","0","0","0","80","89","111","results_filter","20","80","92","0.007329","4","0.179278","18","26","minimize","3","607","0.004116","1","7","complete","91","32"
"Huub_user_m+s","","../filters/filter.mzn","../filters/dct_1_3.dzn","OPTIMAL_SOLUTION","46.15084661450237","0","0","0","","67","60","results_filter","","","75","0.007464","32","0.234668","65","73","minimize","8","2260729","45.174223","1","334746","complete","0","338625"
"Huub_user_m+s","","../filters/filter.mzn","../filters/fir_2_3.dzn","OPTIMAL_SOLUTION","0.7054975451901555","0","0","0","","25","39","results_filter","","","26","0.005584","10","0.191184","32","48","minimize","1","5746","0.032526","3","486","complete","0","2299"
"Huub_free_no_gen_bounds","","../filters/filter.mzn","../filters/ar_2_3.dzn","OPTIMAL_SOLUTION","0.8857217831537127","0","15","0","","33","68","results_filter","","","37","0.005883","15","0.170404","45","61","minimize","4","12179","0.042028","2","840","complete","436","2759"
"Huub_user_decomp","","../filters/filter.mzn","../filters/fir16_1_2.dzn","OPTIMAL_SOLUTION","0.7146079353988171","0","0","0","754","787","130","results_filter","241","754","788","0.013752","19","0.205167","34","52","minimize","1","1114072","0.260871","12","5794","complete","1041","16831"
"Huub_free_diffn","","../filters/filter.mzn","../filters/fir_1_2.dzn","OPTIMAL_SOLUTION","0.5193597804754972","0","40","0","","25","27","results_filter","","","26","0.006294","15","0.210305","24","33","minimize","1","8275","0.023513","3","746","complete","266","809"
"Huub_user_no_gen_bounds","","../filters/filter.mzn","../filters/ewf_1_2.dzn","OPTIMAL_SOLUTION","0.5376131944358349","0","0","0","","49","40","results_filter","","","57","0.006192","28","0.176212","35","51","minimize","8","22782","0.110348","1","2760","complete","0","2954"
"Huub_free_diffn","","../filters/filter.mzn","../filters/ar_1_2.dzn","OPTIMAL_SOLUTION","0.8228892525658011","0","145","0","","33","113","results_filter","","","37","0.006914","18","0.175445","29","49","minimize","4","84361","0.223513","3","4725","complete","3982","7275"
"Huub_user_m+o","","../filters/filter.mzn","../filters/fir16_1_3.dzn","OPTIMAL_SOLUTION","4.607513218186796","0","0","0","","35","46","results_filter","","","36","0.006426","18","0.172509","51","52","minimize","1","880336","3.903972","8","63263","complete","0","250746"
"Huub_user_m+s","","../filters/filter.mzn","../filters/ewf_2_2.dzn","OPTIMAL_SOLUTION","1.0473004942759871","0","0","0","","49","57","results_filter","","","57","0.005923","18","0.205775","35","77","minimize","8","3055","0.025893","3","113","complete","0","903"
"Huub_free_m+s","","../filters/filter.mzn","../filters/dct_1_2.dzn","OPTIMAL_SOLUTION","100.10283237695694","0","28523","0","","67","110","results_filter","","","75","0.008095","32","0.357082","49","73","minimize","8","15210530","97.269918","1","668140","complete","514911","902204"
"Huub_user_m+s","","../filters/filter.mzn","../filters/fir_2_2.dzn","OPTIMAL_SOLUTION","0.7964182775467634","0","0","0","","25","39","results_filter","","","26","0.007524","11","0.17422","24","48","minimize","1","6778","0.034717","4","389","complete","0","2436"
"Huub_free_no_gen_bounds","","../filters/filter.mzn","../filters/dct_1_1.dzn","SATISFIED","1200.297943122685","0","121343","0","","67","104","results_filter","","","75","0.007506","34","0.178255","49","57","minimize","8","69610213","1199.835814","1","3598698","complete","2597101","3654367"
"Huub_user_m+o","","../filters/filter.mzn","../filters/dct_1_1.dzn","SATISFIED","1200.6040853522718","0","0","0","","67","49","results_filter","","","75","0.007491","34","0.174539","49","57","minimize","8","46528751","1199.876879","1","4417507","complete","0","4511001"
"Huub_user_no_gen_bounds","","../filters/filter.mzn","../filters/fir_2_3.dzn","OPTIMAL_SOLUTION","0.891962168738246","0","0","0","","25","39","results_filter","","","26","0.005618","10","0.167221","32","48","minimize","1","6013","0.03298","3","529","complete","0","2371"
"Huub_user_diffn","","../filters/filter.mzn","../filters/fir_1_4.dzn","OPTIMAL_SOLUTION","0.7465482763946056","0","0","0","","25","32","results_filter","","","26","0.006049","15","0.173981","32","33","minimize","1","6034","0.020182","3","621","complete","0","739"
"Huub_user_no_gen_bounds","","../filters/filter.mzn","../filters/dfq_1_1.dzn","OPTIMAL_SOLUTION","0.9228073842823505","0","0","0","","11","20","results_filter","","","14","0.004775","4","0.231247","18","26","minimize","3","96","0.003432","1","7","complete","0","32"
"Huub_user_m+o","","../filters/filter.mzn","../filters/ewf_2_1.dzn","OPTIMAL_SOLUTION","0.640201386064291","0","0","0","","49","54","results_filter","","","57","0.006303","21","0.19773","35","69","minimize","8","856","0.009635","2","5","complete","0","110"
"Huub_free_basic","","../filters/filter.mzn","../filters/ar_2_4.dzn","OPTIMAL_SOLUTION","0.5678844526410103","0","43","0","","33","49","results_filter","","","37","0.006695","11","0.230273","45","61","minimize","4","9709","0.050368","3","1842","complete","529","2686"
"Huub_free_m+o","","../filters/filter.mzn","../filters/ar_1_1.dzn","OPTIMAL_SOLUTION","1.5598571728914976","0","900","0","","33","75","results_filter","","","37","0.005529","34","0.194428","29","33","minimize","4","267857","0.988021","1","23339","complete","14356","16968"
"Huub_free_m+o","","../filters/filter.mzn","../filters/dct_3_4.dzn","OPTIMAL_SOLUTION","49.72895302530378","0","15561","0","","67","195","results_filter","","","75","0.007861","11","0.205488","97","105","minimize","8","8215846","48.512932","5","575879","complete","481631","1460488"
"Huub_user_no_gen_bounds","","../filters/filter.mzn","../filters/dct_1_3.dzn","OPTIMAL_SOLUTION","44.16371448803693","0","0","0","","67","60","results_filter","","","75","0.007095","32","0.202563","65","73","minimize","8","2259406","43.425923","1","333057","complete","0","337150"
"Huub_user_m+o","","../filters/filter.mzn","../filters/fir_2_3.dzn","OPTIMAL_SOLUTION","0.7054092204198241","0","0","0","","25","39","results_filter","","","26","0.005616","10","0.191338","32","48","minimize","1","5874","0.032663","3","529","complete","0","2371"
"Huub_user_no_gen_bounds","","../filters/filter.mzn","../filters/fir_1_3.dzn","OPTIMAL_SOLUTION","0.4381237309426069","0","0","0","","25","32","results_filter","","","26","0.005516","15","0.172662","32","33","minimize","1","5791","0.022248","3","621","complete","0","739"
"Huub_user_diffn","","../filters/filter.mzn","../filters/dct_1_2.dzn","OPTIMAL_SOLUTION","45.13653937075287","0","0","0","","67","55","results_filter","","","75","0.008128","32","0.358347","49","73","minimize","8","2266676","42.126595","1","332378","complete","0","337078"
"Huub_free_m+o","","../filters/filter.mzn","../filters/dct_1_3.dzn","OPTIMAL_SOLUTION","85.69492581114173","0","30615","0","","67","108","results_filter","","","75","0.007075","32","0.18768","65","73","minimize","8","14209353","85.060802","1","600807","complete","467732","839271"
"Huub_free_m+o","","../filters/filter.mzn","../filters/ar_2_4.dzn","OPTIMAL_SOLUTION","0.5423055095598102","0","37","0","","33","47","results_filter","","","37","0.005951","11","0.183292","45","61","minimize","4","8092","0.047909","3","1553","complete","387","2400"
"Huub_user_diffn","","../filters/filter.mzn","../filters/dfq_1_1.dzn","OPTIMAL_SOLUTION","0.9228873811662197","0","0","0","","11","20","results_filter","","","14","0.004758","4","0.230896","18","26","minimize","3","95","0.003449","1","7","complete","0","32"
"Huub_free_m+s","","../filters/filter.mzn","../filters/ewf_2_2.dzn","OPTIMAL_SOLUTION","0.5799255724996328","0","0","0","","49","57","results_filter","","","57","0.005844","18","0.196229","35","77","minimize","8","3055","0.025794","3","113","complete","0","903"
"Huub_free_no_gen_bounds","","../filters/filter.mzn","../filters/dct_3_4.dzn","OPTIMAL_SOLUTION","50.37621310260147","0","19017","0","","67","197","results_filter","","","75","0.007912","11","0.204733","97","105","minimize","8","8041834","49.139563","3","612371","complete","544333","1326151"
"Huub_free_m+s","","../filters/filter.mzn","../filters/ewf_4_3.dzn","OPTIMAL_SOLUTION","0.41227603424340487","0","0","0","","49","67","results_filter","","","57","0.005919","17","0.167885","69","77","minimize","8","772","0.01115","2","19","complete","0","180"
"Huub_user_basic","","../filters/filter.mzn","../filters/ar_2_4.dzn","OPTIMAL_SOLUTION","0.5740045430138707","0","0","0","","33","47","results_filter","","","37","0.006476","11","0.164397","45","61","minimize","4","21818","0.125296","2","6036","complete","0","9297"
"Huub_user_decomp","","../filters/filter.mzn","../filters/fir16_1_3.dzn","OPTIMAL_SOLUTION","1.2528428873047233","0","0","0","754","787","175","results_filter","241","754","788","0.015516","18","0.226363","51","52","minimize","1","1353296","0.396175","8","8086","complete","1037","26912"
"Huub_free_diffn","","../filters/filter.mzn","../filters/fir_1_1.dzn","OPTIMAL_SOLUTION","0.6134907118976116","0","32","0","","25","24","results_filter","","","26","0.005501","18","0.197477","24","25","minimize","1","21452","0.049452","1","2210","complete","239","2159"
"Huub_user_no_gen_bounds","","../filters/filter.mzn","../filters/ar_1_1.dzn","OPTIMAL_SOLUTION","0.7494651963934302","0","0","0","","33","29","results_filter","","","37","0.005447","34","0.19616","29","33","minimize","4","59851","0.186127","1","6371","complete","0","6841"
"Huub_free_m+o","","../filters/filter.mzn","../filters/dfq_1_1.dzn","OPTIMAL_SOLUTION","0.8647913709282875","0","0","0","","11","20","results_filter","","","14","0.004729","4","0.231333","18","26","minimize","3","95","0.003474","1","7","complete","0","32"
"Huub_user_decomp","","../filters/filter.mzn","../filters/dct_1_2.dzn","OPTIMAL_SOLUTION","48.29428737424314","0","0","0","1456","1521","1585","results_filter","608","1456","1529","0.026745","32","0.257645","49","73","minimize","8","49052721","47.444617","1","328893","complete","1530","333227"
"Huub_free_m+s","","../filters/filter.mzn","../filters/dct_4_4.dzn","OPTIMAL_SOLUTION","18.849292121827602","0","5857","0","","67","237","results_filter","","","75","0.007764","10","0.174038","97","105","minimize","8","2987668","18.24211","4","250792","complete","215113","444384"
"Huub_user_no_gen_bounds","","../filters/filter.mzn","../filters/dct_1_1.dzn","SATISFIED","1200.316429543309","0","0","0","","67","49","results_filter","","","75","0.0077","34","0.186647","49","57","minimize","8","50039636","1199.821893","1","4617179","complete","0","4708867"
"Huub_free_m+o","","../filters/filter.mzn","../filters/ewf_1_1.dzn","OPTIMAL_SOLUTION","1.0677818302065134","0","669","0","","49","35","results_filter","","","57","0.006046","28","0.392082","35","43","minimize","8","173863","0.442425","1","8524","complete","8479","9372"
"Huub_user_decomp","","../filters/filter.mzn","../filters/fir16_1_1.dzn","OPTIMAL_SOLUTION","21.127123932354152","0","0","0","482","515","516","results_filter","241","482","516","0.012635","35","0.212704","34","35","minimize","1","18741349","20.644473","6","207915","complete","2892","208358"
"Huub_free_no_gen_bounds","","../filters/filter.mzn","../filters/dct_2_3.dzn","OPTIMAL_SOLUTION","58.50728096626699","0","20285","0","","67","183","results_filter","","","75","0.008295","16","0.178977","65","105","minimize","8","10628635","58.036349","3","755090","complete","509844","1112231"
"Huub_user_diffn","","../filters/filter.mzn","../filters/dct_2_2.dzn","SATISFIED","1200.3824786338955","0","0","0","","67","74","results_filter","","","75","0.007542","18","0.157786","49","105","minimize","8","60132150","1199.840725","5","8145569","complete","0","9974983"
"Huub_user_basic","","../filters/filter.mzn","../filters/dct_3_4.dzn","SATISFIED","1200.3793321624398","0","0","0","","67","83","results_filter","","","75","0.007422","11","0.168836","97","105","minimize","8","100186312","1199.822678","3","8858592","complete","0","30633756"
"Huub_free_m+s","","../filters/filter.mzn","../filters/fir_1_2.dzn","OPTIMAL_SOLUTION","0.4864550391212106","0","40","0","","25","27","results_filter","","","26","0.006671","15","0.16753","24","33","minimize","1","8272","0.023997","3","746","complete","266","809"
"Huub_free_m+o","","../filters/filter.mzn","../filters/fir_2_3.dzn","OPTIMAL_SOLUTION","0.47983821388334036","0","1","0","","25","129","results_filter","","","26","0.00556","10","0.1624","32","48","minimize","1","4666","0.023032","4","228","complete","224","1016"
"Huub_user_diffn","","../filters/filter.mzn","../filters/fir_2_3.dzn","OPTIMAL_SOLUTION","0.7958184769377112","0","0","0","","25","39","results_filter","","","26","0.005517","10","0.34762","32","48","minimize","1","5874","0.032478","3","529","complete","0","2371"
"Huub_user_basic","","../filters/filter.mzn","../filters/fir_2_2.dzn","OPTIMAL_SOLUTION","0.4459367226809263","0","0","0","","25","39","results_filter","","","26","0.005682","11","0.169542","24","48","minimize","1","6778","0.032563","4","389","complete","0","2436"
"Huub_free_diffn","","../filters/filter.mzn","../filters/fir_1_4.dzn","OPTIMAL_SOLUTION","0.8634173013269901","0","40","0","","25","41","results_filter","","","26","0.005993","15","0.176648","32","33","minimize","1","8309","0.023096","3","746","complete","282","824"
"Huub_free_no_gen_bounds","","../filters/filter.mzn","../filters/ewf_4_3.dzn","OPTIMAL_SOLUTION","0.4677785253152251","0","0","0","","49","67","results_filter","","","57","0.007426","17","0.169256","69","77","minimize","8","806","0.012583","2","19","complete","0","180"
"Huub_free_m+o","","../filters/filter.mzn","../filters/ewf_2_2.dzn","OPTIMAL_SOLUTION","0.5888274405151606","0","0","0","","49","57","results_filter","","","57","0.005957","18","0.196286","35","77","minimize","8","3168","0.026076","3","123","complete","0","954"
"Huub_free_diffn","","../filters/filter.mzn","../filters/dct_2_2.dzn","OPTIMAL_SOLUTION","429.3542211866006","0","121483","0","","67","141","results_filter","","","75","0.007427","18","0.186414","49","105","minimize","8","38328745","428.760829","4","2597664","complete","2102132","3297878"
"Huub_free_diffn","","../filters/filter.mzn","../filters/ewf_1_1.dzn","OPTIMAL_SOLUTION","1.129217422567308","0","669","0","","49","35","results_filter","","","57","0.006519","28","0.169802","35","43","minimize","8","173863","0.435861","1","8524","complete","8479","9372"
"Huub_free_m+s","","../filters/filter.mzn","../filters/ewf_1_2.dzn","OPTIMAL_SOLUTION","0.612548591569066","0","61","0","","49","40","results_filter","","","57","0.007337","28","0.174107","35","51","minimize","8","52345","0.169417","1","3848","complete","2230","3029"
