"configuration","problem","model","data_file","status","time","flatIntConstraints","flatIntVars","restarts","backjumps","nSolutions","nogoods","blockType","flatTime","optTime","userDecisions","randomSeed","evaluatedHalfReifiedConstraints","boolVariables","baseMem","flatBoolConstraints","initTime","objective","nodes","intVars","objectiveBound","unifiedVariables","trailMem","intVariables","peakMem","failures","oracleDecisions","propagators","flatBoolVars","peakDepth","run","variables","propagations","method","paths","extractedViews","evaluatedReifiedConstraints","solutions","solveTime"
"gecode","","../container-loading/container-loading.mzn","../container-loading/cl01.dzn","UNKNOWN","1200.9352933000773","30098","605","0","","0","","","1.65939","","","","29700","","","4950","0.264755","","3242090","","","","","","","1620988","","35048","29700","157","results_container","30305","3298405116","minimize","0","","","0","1198.34"
"Huub_vsids_basic","","../container-loading/container-loading.mzn","../container-loading/cl08.dzn","SATISFIED","1200.6545592490584","1140","785","4593","","53","","complete","0.255325","","0","","","","","620","0.032748","4590","","","","0","","395","","430316","1381933","1370","1116","2100","results_container","","52732395","minimize","0","390","1736","","1199.726763"
"Huub_vsids_m+o","","../container-loading/container-loading.mzn","../container-loading/cl09.dzn","SATISFIED","1200.577615821734","1758","1205","547","","53","","complete","0.265356","","0","","","","","960","0.044656","12789","","","","0","","605","","39738","421455","2118","1728","3670","results_container","","9720387","minimize","0","600","2688","","1199.697623"
"Huub_vsids_basic","","../container-loading/container-loading.mzn","../container-loading/cl02.dzn","SATISFIED","1200.5831629233435","1758","1205","1222","","33","","complete","0.253533","","0","","","","","960","0.041198","7140","","","","0","","605","","145968","682099","2118","1728","3191","results_container","","23335003","minimize","0","600","2688","","1199.713478"
"Huub_vsids_s+o","","../container-loading/container-loading.mzn","../container-loading/cl11.dzn","SATISFIED","1200.6262056734413","870","605","6369","","42","","complete","0.215481","","0","","","","","470","0.028694","5040","","","","0","","305","","616845","1852033","1040","846","2319","results_container","","68340256","minimize","0","300","1316","","1199.778161"
"Huub_vsids_s+o","","../container-loading/container-loading.mzn","../container-loading/cl12.dzn","SATISFIED","1200.5975752407685","1050","725","5189","","45","","complete","0.225543","","0","","","","","570","0.031586","5880","","","","0","","365","","395029","1582592","1260","1026","1782","results_container","","58087501","minimize","0","360","1596","","1199.763762"
"Huub_free_basic","","../container-loading/container-loading.mzn","../container-loading/cl08.dzn","SATISFIED","1200.1717952350155","1140","785","4636","","53","","complete","0.134982","","0","","","","","620","0.028249","4590","","","","0","","395","","443028","1405283","1370","1116","2100","results_container","","54341381","minimize","0","390","1736","","1199.860788"
"chuffed","","../container-loading/container-loading.mzn","../container-loading/cl01.dzn","SATISFIED","1201.2095099417493","30740","899","64","1662717","64","2310951","","1.6936","1104.989","","406766617","","79494","0.0","5415","0.414","4320","4000888","899","","","0.63","","0.0","2310951","","61089","30234","598","results_container","80395","5248885202","minimize","0","","30327","","1198.303"
"Huub_vsids_no_gen_bounds","","../container-loading/container-loading.mzn","../container-loading/cl08.dzn","SATISFIED","1200.6499903937802","1140","785","3022","","47","","complete","0.257913","","0","","","","","620","0.035331","4752","","","","0","","395","","211456","895401","1370","1116","2032","results_container","","33663429","minimize","0","390","1736","","1199.714192"
"Huub_vsids_decomp","","../container-loading/container-loading.mzn","../container-loading/cl01.dzn","SATISFIED","1201.0449921246618","30529","605","56779","","37","","complete","1.73329","","0","","29666","","","5415","0.360732","3870","","","","0","","305","","1361847","15703713","30694","30503","37434","results_container","","7272493412","minimize","0","300","1302","","1197.929435"
"gecode","","../container-loading/container-loading.mzn","../container-loading/cl14.dzn","UNKNOWN","1201.2381032695994","43319","725","0","","0","","","2.45243","","","","42840","","","7140","0.378543","","1788124","","","","","","","893968","","50459","42840","238","results_container","43565","2822282211","minimize","0","","","0","1197.55"
"Huub_vsids_decomp","","../container-loading/container-loading.mzn","../container-loading/cl13.dzn","SATISFIED","1201.2531761052087","51443","785","33369","","53","","complete","2.75826","","0","","50310","","","9000","0.583661","7560","","","","0","","395","","814048","13225852","51668","51417","63414","results_container","","7138425549","minimize","0","390","1722","","1196.703084"
"Huub_vsids_m+o","","../container-loading/container-loading.mzn","../container-loading/cl06.dzn","SATISFIED","1200.5881951441988","1758","1205","801","","34","","complete","0.253809","","0","","","","","960","0.042455","11025","","","","0","","605","","54988","374133","2118","1728","2682","results_container","","15189350","minimize","0","600","2688","","1199.719196"
"Huub_vsids_no_gen_bounds","","../container-loading/container-loading.mzn","../container-loading/cl05.dzn","SATISFIED","1200.597661120817","1050","725","3458","","40","","complete","0.216544","","0","","","","","570","0.033652","4774","","","","0","","365","","235379","1005979","1260","1026","1916","results_container","","35158229","minimize","0","360","1596","","1199.76204"
"Huub_free_m+s","","../container-loading/container-loading.mzn","../container-loading/cl10.dzn","SATISFIED","1200.3093394692987","2208","1505","264","","47","","complete","0.212126","","0","","","","","1210","0.058943","17664","","","","0","","755","","16632","430123","2668","2178","6714","results_container","","5637260","minimize","0","750","3388","","1199.735453"
"Huub_free_m+o","","../container-loading/container-loading.mzn","../container-loading/cl09.dzn","SATISFIED","1200.275049623102","1758","1205","545","","53","","complete","0.160235","","0","","","","","960","0.045611","13041","","","","0","","605","","33165","446375","2118","1728","4066","results_container","","7742832","minimize","0","600","2688","","1199.831792"
"Huub_free_basic","","../container-loading/container-loading.mzn","../container-loading/cl02.dzn","SATISFIED","1200.1640443941578","1758","1205","1265","","33","","complete","0.156057","","0","","","","","960","0.04002","7140","","","","0","","605","","147655","694255","2118","1728","3191","results_container","","23732231","minimize","0","600","2688","","1199.815536"
"Huub_free_no_gen_bounds","","../container-loading/container-loading.mzn","../container-loading/cl10.dzn","SATISFIED","1200.224242203869","2208","1505","147","","28","","complete","0.190921","","0","","","","","1210","0.057476","26730","","","","0","","755","","7208","200366","2668","2178","6991","results_container","","2660270","minimize","0","750","3388","","1199.799713"
"Huub_vsids_m+o","","../container-loading/container-loading.mzn","../container-loading/cl12.dzn","SATISFIED","1200.6150973699987","1050","725","2905","","43","","complete","0.22138","","0","","","","","570","0.034412","6048","","","","0","","365","","240032","936048","1260","1026","1809","results_container","","33052420","minimize","0","360","1596","","1199.777143"
"Huub_vsids_s+o","","../container-loading/container-loading.mzn","../container-loading/cl15.dzn","SATISFIED","1200.6456092214212","2196","1505","679","","48","","complete","0.306768","","0","","","","","1200","0.061288","18816","","","","0","","755","","76733","679363","2646","2160","6881","results_container","","20613430","minimize","0","750","3360","","1199.65732"
"Huub_free_decomp","","../container-loading/container-loading.mzn","../container-loading/cl10.dzn","SATISFIED","1203.8227090826258","188957","1505","5776","","57","","complete","10.4597","","0","","186750","","","32335","2.233858","16896","","","","0","","755","","235666","17676482","189417","188928","247767","results_container","","5731152747","minimize","0","750","3388","","1187.464969"
"Huub_free_m+s","","../container-loading/container-loading.mzn","../container-loading/cl05.dzn","SATISFIED","1200.171918076463","1050","725","2788","","32","","complete","0.13043","","0","","","","","570","0.025661","4788","","","","0","","365","","306443","838870","1260","1026","2360","results_container","","25784821","minimize","0","360","1596","","1199.865355"
"gecode","","../container-loading/container-loading.mzn","../container-loading/cl07.dzn","UNKNOWN","1203.2422772189602","120197","1205","","","0","","","6.77161","","","","119400","","","19900","","","","","","","","","","","","","119400","","results_container","","","minimize","0","","","",""
"Huub_vsids_m+s","","../container-loading/container-loading.mzn","../container-loading/cl07.dzn","SATISFIED","1200.6812464008108","1758","1205","799","","40","","complete","0.282108","","0","","","","","960","0.048677","10368","","","","0","","605","","79177","363379","2118","1728","2502","results_container","","13064657","minimize","0","600","2688","","1199.708551"
"Huub_free_no_gen_bounds","","../container-loading/container-loading.mzn","../container-loading/cl05.dzn","SATISFIED","1200.351222367026","1050","725","1632","","31","","complete","0.131436","","0","","","","","570","0.025351","4968","","","","0","","365","","140480","553659","1260","1026","1945","results_container","","16029503","minimize","0","360","1596","","1199.860459"
"gecode","","../container-loading/container-loading.mzn","../container-loading/cl06.dzn","UNKNOWN","1203.2096378868446","120197","1205","","","0","","","6.8954","","","","119400","","","19900","","","","","","","","","","","","","119400","","results_container","","","minimize","0","","","",""
"Huub_vsids_m+o","","../container-loading/container-loading.mzn","../container-loading/cl10.dzn","SATISFIED","1200.6262332713231","2208","1505","369","","46","","complete","0.282391","","0","","","","","1210","0.059443","17664","","","","0","","755","","20268","418817","2668","2178","6529","results_container","","8094978","minimize","0","750","3388","","1199.701016"
"Huub_vsids_no_gen_bounds","","../container-loading/container-loading.mzn","../container-loading/cl10.dzn","SATISFIED","1200.624729739502","2208","1505","465","","40","","complete","0.281383","","0","","","","","1210","0.059094","18144","","","","0","","755","","28178","391753","2668","2178","4580","results_container","","8413247","minimize","0","750","3388","","1199.693934"
"chuffed","","../container-loading/container-loading.mzn","../container-loading/cl06.dzn","SATISFIED","1203.2096496773884","121559","1799","","","19","","","7.05901","","","","","","","20860","","20520","","","","","","","","","","","120552","","results_container","","","minimize","0","","120744","",""
"chuffed","","../container-loading/container-loading.mzn","../container-loading/cl12.dzn","SATISFIED","1201.5455704750493","44129","1079","33","995957","33","1698524","","2.47921","148.63","","2089319340","","109099","0.0","7710","0.572","10800","2713883","1079","","","0.94","","0.0","1698524","","87786","43524","711","results_container","110180","8948878249","minimize","0","","43638","","1197.517"
"Huub_free_m+s","","../container-loading/container-loading.mzn","../container-loading/cl03.dzn","SATISFIED","1200.212992908433","1758","1205","525","","53","","complete","0.158957","","0","","","","","960","0.042475","7488","","","","0","","605","","31136","407614","2118","1728","5479","results_container","","7908710","minimize","0","600","2688","","1199.855076"
"gecode","","../container-loading/container-loading.mzn","../container-loading/cl05.dzn","UNKNOWN","1201.26806762442","43319","725","0","","0","","","2.48097","","","","42840","","","7140","0.388401","","1750436","","","","","","","875140","","50459","42840","209","results_container","43565","2906352221","minimize","0","","","0","1197.52"
"Huub_vsids_basic","","../container-loading/container-loading.mzn","../container-loading/cl09.dzn","SATISFIED","1200.6101695373654","1758","1205","1467","","35","","complete","0.263494","","0","","","","","960","0.044822","12240","","","","0","","605","","147058","743538","2118","1728","3389","results_container","","23716135","minimize","0","600","2688","","1199.734745"
"Huub_vsids_decomp","","../container-loading/container-loading.mzn","../container-loading/cl05.dzn","SATISFIED","1201.014969916083","43877","725","39754","","39","","complete","2.46799","","0","","42828","","","7710","0.489266","4810","","","","0","","365","","999295","16099554","44087","43854","56489","results_container","","7402298171","minimize","0","360","1596","","1197.078742"
"Huub_free_s+o","","../container-loading/container-loading.mzn","../container-loading/cl11.dzn","SATISFIED","1200.1650929320604","870","605","5438","","31","","complete","0.114373","","0","","","","","470","0.022366","4960","","","","0","","305","","662419","1736316","1040","846","1540","results_container","","52171453","minimize","0","300","1316","","1199.887142"
"Huub_free_no_gen_bounds","","../container-loading/container-loading.mzn","../container-loading/cl09.dzn","SATISFIED","1200.428687363863","1758","1205","245","","48","","complete","0.190752","","0","","","","","960","0.043026","13398","","","","0","","605","","20471","308103","2118","1728","3734","results_container","","4313912","minimize","0","600","2688","","1199.860423"
"Huub_vsids_s+o","","../container-loading/container-loading.mzn","../container-loading/cl02.dzn","SATISFIED","1200.5916359340772","1758","1205","1384","","30","","complete","0.25101","","0","","","","","960","0.041078","7560","","","","0","","605","","107980","721942","2118","1728","3554","results_container","","21990265","minimize","0","600","2688","","1199.723664"
"Huub_vsids_no_gen_bounds","","../container-loading/container-loading.mzn","../container-loading/cl14.dzn","SATISFIED","1200.54394548852","1050","725","3700","","58","","complete","0.212244","","0","","","","","570","0.03449","5168","","","","0","","365","","261082","972993","1260","1026","2526","results_container","","40878722","minimize","0","360","1596","","1199.7931"
"cp-sat","","../container-loading/container-loading.mzn","../container-loading/cl09.dzn","SATISFIED","1202.1916411770508","120965","1205","","","1","","","6.93572","","","","119400","119554","","20860","","12852","","","225","","","","","478","","","120552","","results_container","","2170267","minimize","0","","1344","","52.2656"
"Huub_free_s+o","","../container-loading/container-loading.mzn","../container-loading/cl12.dzn","SATISFIED","1200.151817101054","1050","725","4955","","30","","complete","0.122282","","0","","","","","570","0.026178","6090","","","","0","","365","","400158","1511874","1260","1026","1565","results_container","","44196611","minimize","0","360","1596","","1199.858381"
"Huub_vsids_no_gen_bounds","","../container-loading/container-loading.mzn","../container-loading/cl09.dzn","SATISFIED","1200.58141334448","1758","1205","695","","53","","complete","0.263133","","0","","","","","960","0.044428","13104","","","","0","","605","","36613","484874","2118","1728","3594","results_container","","11705568","minimize","0","600","2688","","1199.705192"
"Huub_vsids_m+s","","../container-loading/container-loading.mzn","../container-loading/cl05.dzn","SATISFIED","1200.5921519538388","1050","725","3345","","26","","complete","0.215801","","0","","","","","570","0.034614","4680","","","","0","","365","","292816","894756","1260","1026","1928","results_container","","35187575","minimize","0","360","1596","","1199.753796"
"Huub_free_basic","","../container-loading/container-loading.mzn","../container-loading/cl01.dzn","SATISFIED","1200.3241624813527","864","605","6119","","55","","complete","0.128715","","0","","","","","465","0.021911","3762","","","","0","","305","","741505","1639701","1029","837","2707","results_container","","71627827","minimize","0","300","1302","","1199.860316"
"gecode","","../container-loading/container-loading.mzn","../container-loading/cl13.dzn","UNKNOWN","1201.4101639678702","50828","785","0","","0","","","2.84269","","","","50310","","","8385","0.447469","","1200849","","","","","","","600360","","59213","50310","221","results_container","51095","2227377846","minimize","0","","","0","1197.16"
"cp-sat","","../container-loading/container-loading.mzn","../container-loading/cl12.dzn","SATISFIED","1200.9560134988278","43775","725","","","4","","","2.40248","","","","42840","42958","","7710","","5376","","","96","","","","","434","","","43524","","results_container","","4627548","minimize","0","","798","","26.8674"
"Huub_free_basic","","../container-loading/container-loading.mzn","../container-loading/cl07.dzn","SATISFIED","1200.178344424814","1758","1205","1527","","49","","complete","0.157505","","0","","","","","960","0.041596","9975","","","","0","","605","","163095","681057","2118","1728","3356","results_container","","24605124","minimize","0","600","2688","","1199.825506"
"Huub_free_s+o","","../container-loading/container-loading.mzn","../container-loading/cl06.dzn","SATISFIED","1200.420832335949","1758","1205","1241","","29","","complete","0.196834","","0","","","","","960","0.043868","10875","","","","0","","605","","124755","648174","2118","1728","2491","results_container","","18044729","minimize","0","600","2688","","1199.78936"
"chuffed","","../container-loading/container-loading.mzn","../container-loading/cl11.dzn","SATISFIED","1201.1613120194525","30769","899","39","972470","39","2430934","","1.76106","199.543","","-1679086100","","81998","0.0","5420","0.414","6240","3422353","899","","","0.63","","0.0","2430934","","61146","30264","646","results_container","82899","4723924273","minimize","0","","30358","","1198.236"
"Huub_vsids_s+o","","../container-loading/container-loading.mzn","../container-loading/cl14.dzn","SATISFIED","1200.6590906148776","1050","725","4696","","55","","complete","0.252514","","0","","","","","570","0.031509","5320","","","","0","","365","","595859","1457789","1260","1026","1649","results_container","","68223121","minimize","0","360","1596","","1199.734067"
"Huub_vsids_m+o","","../container-loading/container-loading.mzn","../container-loading/cl07.dzn","SATISFIED","1200.6649894230068","1758","1205","791","","34","","complete","0.279921","","0","","","","","960","0.047122","11172","","","","0","","605","","59845","367330","2118","1728","2626","results_container","","11509978","minimize","0","600","2688","","1199.70109"
"Huub_vsids_m+s","","../container-loading/container-loading.mzn","../container-loading/cl09.dzn","SATISFIED","1200.581261483021","1758","1205","626","","53","","complete","0.261148","","0","","","","","960","0.044558","12096","","","","0","","605","","51800","484216","2118","1728","5657","results_container","","10852259","minimize","0","600","2688","","1199.704483"
"Huub_vsids_m+s","","../container-loading/container-loading.mzn","../container-loading/cl13.dzn","SATISFIED","1200.6075012525544","1134","785","2447","","52","","complete","0.205674","","0","","","","","615","0.035658","7488","","","","0","","395","","240702","708224","1359","1107","2403","results_container","","29267872","minimize","0","390","1722","","1199.777165"
"Huub_vsids_decomp","","../container-loading/container-loading.mzn","../container-loading/cl04.dzn","SATISFIED","1200.985455300659","30563","605","38196","","60","","complete","1.67991","","0","","29700","","","5415","0.346777","3168","","","","0","","305","","1105039","15270619","30728","30537","36022","results_container","","5636244047","minimize","0","300","1302","","1198.005471"
"Huub_free_s+o","","../container-loading/container-loading.mzn","../container-loading/cl15.dzn","UNKNOWN","1200.5551373725757","2196","1505","42","","0","","complete","0.218596","","0","","","","","1200","0.061719","","","","","0","","755","","353135","431543","2646","2160","10276","results_container","","7873974","minimize","0","750","3360","","1199.835393"
"Huub_free_decomp","","../container-loading/container-loading.mzn","../container-loading/cl07.dzn","SATISFIED","1202.5510742682964","121157","1205","12502","","42","","complete","6.57016","","0","","119400","","","20860","1.461128","10488","","","","0","","605","","330808","13704970","121517","121128","156576","results_container","","6447290638","minimize","0","600","2688","","1192.06599"
"Huub_vsids_decomp","","../container-loading/container-loading.mzn","../container-loading/cl15.dzn","SATISFIED","1204.1862843940035","188896","1505","5646","","62","","complete","10.4374","","0","","186701","","","32325","2.250117","18228","","","","0","","755","","192689","19159159","189346","188861","244915","results_container","","5574492268","minimize","0","750","3360","","1187.50889"
"Huub_free_m+s","","../container-loading/container-loading.mzn","../container-loading/cl08.dzn","SATISFIED","1200.1539938244969","1140","785","2486","","31","","complete","0.124788","","0","","","","","620","0.027854","4680","","","","0","","395","","222245","781590","1370","1116","1991","results_container","","23002841","minimize","0","390","1736","","1199.859239"
"Huub_free_decomp","","../container-loading/container-loading.mzn","../container-loading/cl12.dzn","SATISFIED","1201.1685726605356","43889","725","29081","","51","","complete","2.33413","","0","","42840","","","7710","0.506498","5568","","","","0","","365","","816519","15854231","44099","43866","53326","results_container","","6526371038","minimize","0","360","1596","","1197.198008"
"Huub_free_basic","","../container-loading/container-loading.mzn","../container-loading/cl10.dzn","SATISFIED","1200.2029120689258","2208","1505","568","","43","","complete","0.181724","","0","","","","","1210","0.058513","15960","","","","0","","755","","94253","636924","2668","2178","8491","results_container","","16262079","minimize","0","750","3388","","1199.791833"
"Huub_free_m+s","","../container-loading/container-loading.mzn","../container-loading/cl02.dzn","SATISFIED","1200.4140901882201","1758","1205","482","","29","","complete","0.185456","","0","","","","","960","0.040297","7740","","","","0","","605","","53970","313569","2118","1728","5823","results_container","","7498951","minimize","0","600","2688","","1199.786011"
"Huub_vsids_decomp","","../container-loading/container-loading.mzn","../container-loading/cl02.dzn","SATISFIED","1202.8063512379304","121135","1205","10663","","29","","complete","6.55506","","0","","119378","","","20860","1.45656","7590","","","","0","","605","","348179","12126879","121495","121106","155193","results_container","","5750331918","minimize","0","600","2688","","1192.125806"
"Huub_vsids_basic","","../container-loading/container-loading.mzn","../container-loading/cl01.dzn","SATISFIED","1200.6936108842492","864","605","6120","","55","","complete","0.214184","","0","","","","","465","0.027002","3762","","","","0","","305","","742954","1641317","1029","837","2707","results_container","","71682129","minimize","0","300","1302","","1199.774077"
"Huub_free_basic","","../container-loading/container-loading.mzn","../container-loading/cl12.dzn","SATISFIED","1200.3091147942469","1050","725","4693","","42","","complete","0.122466","","0","","","","","570","0.026548","5824","","","","0","","365","","475217","1448101","1260","1026","1647","results_container","","53225094","minimize","0","360","1596","","1199.899657"
"Huub_free_no_gen_bounds","","../container-loading/container-loading.mzn","../container-loading/cl01.dzn","SATISFIED","1200.2556280493736","864","605","2402","","2","","complete","0.121046","","0","","","","","465","0.025193","3960","","","","0","","305","","324968","659328","1029","837","1149","results_container","","19005290","minimize","0","300","1302","","1199.874969"
"chuffed","","../container-loading/container-loading.mzn","../container-loading/cl08.dzn","SATISFIED","1201.7771074920893","51709","1169","23","617224","23","1599676","","2.84711","497.87","","-1567562393","","121829","0.0","9005","0.675","16200","2232131","1169","","","1.41","","0.0","1599676","","102906","51054","791","results_container","123000","7895690690","minimize","0","","51178","","1197.151"
"Huub_vsids_m+o","","../container-loading/container-loading.mzn","../container-loading/cl15.dzn","SATISFIED","1200.759069497697","2196","1505","229","","58","","complete","0.304711","","0","","","","","1200","0.062585","18360","","","","0","","755","","8168","423850","2646","2160","7480","results_container","","5576891","minimize","0","750","3360","","1199.763461"
"Huub_free_s+o","","../container-loading/container-loading.mzn","../container-loading/cl13.dzn","SATISFIED","1200.1626192154363","1134","785","4103","","45","","complete","0.139131","","0","","","","","615","0.028379","7714","","","","0","","395","","460146","1266405","1359","1107","2038","results_container","","42783642","minimize","0","390","1722","","1199.840851"
"Huub_free_no_gen_bounds","","../container-loading/container-loading.mzn","../container-loading/cl15.dzn","SATISFIED","1200.3037282871082","2196","1505","63","","19","","complete","0.175967","","0","","","","","1200","0.059248","34992","","","","0","","755","","4373","183568","2646","2160","5722","results_container","","1783429","minimize","0","750","3360","","1199.790072"
"Huub_free_no_gen_bounds","","../container-loading/container-loading.mzn","../container-loading/cl08.dzn","SATISFIED","1200.1770495604724","1140","785","1456","","38","","complete","0.127087","","0","","","","","620","0.027727","4914","","","","0","","395","","117896","518658","1370","1116","2734","results_container","","14593544","minimize","0","390","1736","","1199.870334"
"Huub_free_s+o","","../container-loading/container-loading.mzn","../container-loading/cl04.dzn","SATISFIED","1200.3589133433998","864","605","6118","","46","","complete","0.119885","","0","","","","","465","0.023091","3276","","","","0","","305","","646460","1864281","1029","837","2373","results_container","","56010323","minimize","0","300","1302","","1199.875049"
"Huub_vsids_m+s","","../container-loading/container-loading.mzn","../container-loading/cl08.dzn","SATISFIED","1200.6604849444702","1140","785","2187","","48","","complete","0.261417","","0","","","","","620","0.035746","4680","","","","0","","395","","286870","790767","1370","1116","2381","results_container","","32494124","minimize","0","390","1736","","1199.730138"
"Huub_free_basic","","../container-loading/container-loading.mzn","../container-loading/cl04.dzn","SATISFIED","1200.1804840127006","864","605","7868","","46","","complete","0.122302","","0","","","","","465","0.022266","3312","","","","0","","305","","529540","1837937","1029","837","2555","results_container","","60121654","minimize","0","300","1302","","1199.886045"
"Huub_free_basic","","../container-loading/container-loading.mzn","../container-loading/cl03.dzn","SATISFIED","1200.3245029225945","1758","1205","1309","","45","","complete","0.162286","","0","","","","","960","0.042995","7315","","","","0","","605","","128132","723448","2118","1728","6358","results_container","","22702190","minimize","0","600","2688","","1199.840031"
"chuffed","","../container-loading/container-loading.mzn","../container-loading/cl07.dzn","UNKNOWN","1203.2329791830853","121559","1799","","","0","","","7.03916","","","","","","","20860","","","","","","","","","","","","","120552","","results_container","","","minimize","0","","120744","",""
"Huub_vsids_s+o","","../container-loading/container-loading.mzn","../container-loading/cl08.dzn","SATISFIED","1200.6645372891799","1140","785","5051","","53","","complete","0.255349","","0","","","","","620","0.032441","4374","","","","0","","395","","370919","1398406","1370","1116","1835","results_container","","56402319","minimize","0","390","1736","","1199.734454"
"gecode","","../container-loading/container-loading.mzn","../container-loading/cl02.dzn","UNKNOWN","1203.269948859699","120197","1205","","","0","","","6.89239","","","","119400","","","19900","","","","","","","","","","","","","119400","","results_container","","","minimize","0","","","",""
"cp-sat","","../container-loading/container-loading.mzn","../container-loading/cl06.dzn","SATISFIED","1202.192246175371","120965","1205","","","2","","","6.89914","","","","119400","119543","","20860","","9975","","","180","","","","","843","","","120552","","results_container","","7253091","minimize","0","","1344","","85.0851"
"gecode","","../container-loading/container-loading.mzn","../container-loading/cl09.dzn","UNKNOWN","1203.1850745268166","120197","1205","","","0","","","6.91725","","","","119400","","","19900","","","","","","","","","","","","","119400","","results_container","","","minimize","0","","","",""
"gecode","","../container-loading/container-loading.mzn","../container-loading/cl12.dzn","UNKNOWN","1201.3662195708603","43319","725","0","","0","","","2.44965","","","","42840","","","7140","0.391168","","1401195","","","","","","","700524","","50459","42840","209","results_container","43565","1645927352","minimize","0","","","0","1197.55"
"Huub_vsids_s+o","","../container-loading/container-loading.mzn","../container-loading/cl04.dzn","SATISFIED","1200.6282749203965","864","605","8101","","56","","complete","0.19484","","0","","","","","465","0.03303","3328","","","","0","","305","","450994","2007996","1029","837","1328","results_container","","68381698","minimize","0","300","1302","","1199.791797"
"Huub_free_no_gen_bounds","","../container-loading/container-loading.mzn","../container-loading/cl13.dzn","SATISFIED","1200.1888611409813","1134","785","1495","","34","","complete","0.124079","","0","","","","","615","0.0273","8100","","","","0","","395","","107312","450661","1359","1107","1728","results_container","","13489851","minimize","0","390","1722","","1199.895507"
"Huub_free_m+s","","../container-loading/container-loading.mzn","../container-loading/cl15.dzn","SATISFIED","1200.3468237258494","2196","1505","229","","53","","complete","0.194672","","0","","","","","1200","0.060366","20979","","","","0","","755","","18514","432129","2646","2160","10392","results_container","","5334281","minimize","0","750","3360","","1199.759465"
"Huub_vsids_decomp","","../container-loading/container-loading.mzn","../container-loading/cl12.dzn","SATISFIED","1201.1747355991974","43889","725","29146","","51","","complete","2.3315","","0","","42840","","","7710","0.506487","5568","","","","0","","365","","817570","15883525","44099","43866","53326","results_container","","6539463464","minimize","0","360","1596","","1197.199416"
"Huub_vsids_no_gen_bounds","","../container-loading/container-loading.mzn","../container-loading/cl11.dzn","SATISFIED","1200.6343100760132","870","605","5127","","53","","complete","0.210633","","0","","","","","470","0.028942","4896","","","","0","","305","","418590","1378762","1040","846","1263","results_container","","51048233","minimize","0","300","1316","","1199.787246"
"Huub_vsids_m+s","","../container-loading/container-loading.mzn","../container-loading/cl02.dzn","SATISFIED","1200.6143269026652","1758","1205","668","","31","","complete","0.261125","","0","","","","","960","0.041248","7392","","","","0","","605","","37538","373839","2118","1728","3372","results_container","","9142496","minimize","0","600","2688","","1199.714428"
"gecode","","../container-loading/container-loading.mzn","../container-loading/cl15.dzn","UNKNOWN","1204.4974208241329","187745","1505","","","0","","","11.1583","","","","186750","","","31125","","","","","","","","","","","","","186750","","results_container","","","minimize","0","","","",""
"Huub_vsids_basic","","../container-loading/container-loading.mzn","../container-loading/cl14.dzn","SATISFIED","1200.6749176094308","1050","725","5231","","51","","complete","0.253013","","0","","","","","570","0.032212","5236","","","","0","","365","","591490","1417166","1260","1026","2408","results_container","","62447920","minimize","0","360","1596","","1199.743787"
"Huub_free_no_gen_bounds","","../container-loading/container-loading.mzn","../container-loading/cl03.dzn","SATISFIED","1200.2714033927768","1758","1205","259","","49","","complete","0.163518","","0","","","","","960","0.043473","7866","","","","0","","605","","14389","288342","2118","1728","5569","results_container","","4905624","minimize","0","600","2688","","1199.827926"
"Huub_vsids_m+o","","../container-loading/container-loading.mzn","../container-loading/cl08.dzn","SATISFIED","1200.6506523527205","1140","785","3121","","54","","complete","0.260033","","0","","","","","620","0.03388","4560","","","","0","","395","","184581","927733","1370","1116","2441","results_container","","32583452","minimize","0","390","1736","","1199.720835"
"Huub_vsids_s+o","","../container-loading/container-loading.mzn","../container-loading/cl10.dzn","SATISFIED","1200.6581917703152","2208","1505","759","","37","","complete","0.300609","","0","","","","","1210","0.059421","18144","","","","0","","755","","81499","633983","2668","2178","4442","results_container","","16413049","minimize","0","750","3388","","1199.673559"
"Huub_free_m+o","","../container-loading/container-loading.mzn","../container-loading/cl15.dzn","SATISFIED","1200.2413407601416","2196","1505","193","","51","","complete","0.179939","","0","","","","","1200","0.060532","18711","","","","0","","755","","8393","375296","2646","2160","7073","results_container","","4679365","minimize","0","750","3360","","1199.826957"
"Huub_vsids_m+s","","../container-loading/container-loading.mzn","../container-loading/cl01.dzn","SATISFIED","1200.6130269197747","864","605","4584","","48","","complete","0.21448","","0","","","","","465","0.028813","3978","","","","0","","305","","440854","1175591","1029","837","3039","results_container","","42658899","minimize","0","300","1302","","1199.763914"
"chuffed","","../container-loading/container-loading.mzn","../container-loading/cl09.dzn","UNKNOWN","1203.3713928209618","121559","1799","","","0","","","7.13778","","","","","","","20860","","","","","","","","","","","","","120552","","results_container","","","minimize","0","","120744","",""
"Huub_vsids_basic","","../container-loading/container-loading.mzn","../container-loading/cl11.dzn","SATISFIED","1200.640580650419","870","605","6129","","41","","complete","0.213243","","0","","","","","470","0.028026","4785","","","","0","","305","","777125","1770305","1040","846","1312","results_container","","69361610","minimize","0","300","1316","","1199.786196"
"Huub_free_decomp","","../container-loading/container-loading.mzn","../container-loading/cl11.dzn","SATISFIED","1200.8066318286583","30569","605","43673","","42","","complete","1.66954","","0","","29700","","","5420","0.35248","4872","","","","0","","305","","1183596","15618679","30739","30546","32104","results_container","","6442172001","minimize","0","300","1316","","1198.00832"
"Huub_free_decomp","","../container-loading/container-loading.mzn","../container-loading/cl01.dzn","SATISFIED","1200.833842373453","30529","605","56249","","37","","complete","1.73849","","0","","29666","","","5415","0.360785","3870","","","","0","","305","","1357245","15585216","30694","30503","37434","results_container","","7211005220","minimize","0","300","1302","","1197.918673"
"Huub_vsids_decomp","","../container-loading/container-loading.mzn","../container-loading/cl08.dzn","SATISFIED","1201.4054830428213","51449","785","33855","","59","","complete","2.80996","","0","","50310","","","9005","0.565113","4590","","","","0","","395","","727051","12298654","51679","51426","54505","results_container","","7650073935","minimize","0","390","1736","","1196.679644"
"chuffed","","../container-loading/container-loading.mzn","../container-loading/cl03.dzn","SATISFIED","1203.1708169775084","121559","1799","","","9","","","7.00769","","","","","","","20860","","35910","","","","","","","","","","","120552","","results_container","","","minimize","0","","120744","",""
"Huub_vsids_m+s","","../container-loading/container-loading.mzn","../container-loading/cl14.dzn","SATISFIED","1200.6499847555533","1050","725","4033","","42","","complete","0.254292","","0","","","","","570","0.035093","5120","","","","0","","365","","328664","899043","1260","1026","2299","results_container","","37793266","minimize","0","360","1596","","1199.716523"
"Huub_free_basic","","../container-loading/container-loading.mzn","../container-loading/cl06.dzn","SATISFIED","1200.1939067840576","1758","1205","1565","","39","","complete","0.1583","","0","","","","","960","0.041123","10260","","","","0","","605","","152140","656847","2118","1728","2599","results_container","","23478061","minimize","0","600","2688","","1199.832362"
"Huub_vsids_basic","","../container-loading/container-loading.mzn","../container-loading/cl10.dzn","SATISFIED","1200.6427876474336","2208","1505","550","","43","","complete","0.302836","","0","","","","","1210","0.06003","15960","","","","0","","755","","93502","630056","2668","2178","8491","results_container","","16031031","minimize","0","750","3388","","1199.658095"
"Huub_free_m+o","","../container-loading/container-loading.mzn","../container-loading/cl04.dzn","SATISFIED","1200.2900751773268","864","605","4147","","42","","complete","0.114386","","0","","","","","465","0.022726","3360","","","","0","","305","","272526","1158198","1029","837","1723","results_container","","33000417","minimize","0","300","1302","","1199.911529"
"Huub_free_m+o","","../container-loading/container-loading.mzn","../container-loading/cl07.dzn","SATISFIED","1200.4064335636795","1758","1205","637","","38","","complete","0.162332","","0","","","","","960","0.043815","11250","","","","0","","605","","38415","311513","2118","1728","2626","results_container","","7937865","minimize","0","600","2688","","1199.806981"
"Huub_vsids_no_gen_bounds","","../container-loading/container-loading.mzn","../container-loading/cl15.dzn","SATISFIED","1200.647204306908","2196","1505","250","","58","","complete","0.303973","","0","","","","","1200","0.061219","19425","","","","0","","755","","10162","438717","2646","2160","7480","results_container","","6315220","minimize","0","750","3360","","1199.648628"
"Huub_free_no_gen_bounds","","../container-loading/container-loading.mzn","../container-loading/cl02.dzn","SATISFIED","1200.188738306053","1758","1205","269","","29","","complete","0.157667","","0","","","","","960","0.039552","8160","","","","0","","605","","19334","258777","2118","1728","4048","results_container","","4630457","minimize","0","600","2688","","1199.83545"
"Huub_vsids_m+s","","../container-loading/container-loading.mzn","../container-loading/cl03.dzn","SATISFIED","1200.7750247269869","1758","1205","696","","51","","complete","0.290385","","0","","","","","960","0.043077","7448","","","","0","","605","","53344","459929","2118","1728","7942","results_container","","11810918","minimize","0","600","2688","","1199.814225"
"Huub_vsids_decomp","","../container-loading/container-loading.mzn","../container-loading/cl06.dzn","SATISFIED","1202.6514201518148","121157","1205","10888","","33","","complete","6.60328","","0","","119400","","","20860","1.473707","10868","","","","0","","605","","363871","12126798","121517","121128","156024","results_container","","5740356097","minimize","0","600","2688","","1192.050495"
"gecode","","../container-loading/container-loading.mzn","../container-loading/cl03.dzn","UNKNOWN","1203.1527636591345","120197","1205","","","0","","","6.81761","","","","119400","","","19900","","","","","","","","","","","","","119400","","results_container","","","minimize","0","","","",""
"Huub_vsids_s+o","","../container-loading/container-loading.mzn","../container-loading/cl13.dzn","SATISFIED","1200.5889528384432","1134","785","4317","","45","","complete","0.208426","","0","","","","","615","0.035056","7812","","","","0","","395","","368959","1285907","1359","1107","2137","results_container","","51258551","minimize","0","390","1722","","1199.761403"
"Huub_free_basic","","../container-loading/container-loading.mzn","../container-loading/cl11.dzn","SATISFIED","1200.1465874686837","870","605","6178","","41","","complete","0.112744","","0","","","","","470","0.022542","4785","","","","0","","305","","825441","1823250","1040","846","1312","results_container","","71288569","minimize","0","300","1316","","1199.868872"
"Huub_vsids_no_gen_bounds","","../container-loading/container-loading.mzn","../container-loading/cl04.dzn","SATISFIED","1200.6278969002888","864","605","5426","","46","","complete","0.191685","","0","","","","","465","0.032781","3360","","","","0","","305","","297273","1357843","1029","837","1826","results_container","","44859647","minimize","0","300","1302","","1199.789444"
"Huub_vsids_decomp","","../container-loading/container-loading.mzn","../container-loading/cl11.dzn","SATISFIED","1200.7344911582768","30569","605","42956","","42","","complete","1.77163","","0","","29700","","","5420","0.350393","4872","","","","0","","305","","1177316","15405602","30739","30546","32104","results_container","","6344963458","minimize","0","300","1316","","1197.916066"
"Huub_vsids_m+o","","../container-loading/container-loading.mzn","../container-loading/cl05.dzn","SATISFIED","1200.5974810384214","1050","725","3355","","45","","complete","0.217365","","0","","","","","570","0.031792","5083","","","","0","","365","","209265","1006391","1260","1026","1916","results_container","","33831218","minimize","0","360","1596","","1199.760851"
"Huub_vsids_basic","","../container-loading/container-loading.mzn","../container-loading/cl05.dzn","SATISFIED","1200.6142490264028","1050","725","5310","","34","","complete","0.21288","","0","","","","","570","0.032592","4600","","","","0","","365","","516360","1456172","1260","1026","1524","results_container","","57209935","minimize","0","360","1596","","1199.766102"
"Huub_vsids_basic","","../container-loading/container-loading.mzn","../container-loading/cl07.dzn","SATISFIED","1200.6475407322869","1758","1205","1489","","49","","complete","0.280254","","0","","","","","960","0.042856","9975","","","","0","","605","","158354","669105","2118","1728","3356","results_container","","24171364","minimize","0","600","2688","","1199.699374"
"Huub_free_m+o","","../container-loading/container-loading.mzn","../container-loading/cl10.dzn","SATISFIED","1200.3945810496807","2208","1505","517","","40","","complete","0.17857","","0","","","","","1210","0.058698","20832","","","","0","","755","","41057","381510","2668","2178","4429","results_container","","6559014","minimize","0","750","3388","","1199.99484"
"cp-sat","","../container-loading/container-loading.mzn","../container-loading/cl04.dzn","SATISFIED","1200.7494443897158","30470","605","","","2","","","1.74756","","","","29700","30122","","5415","","5568","","","90","","","","","328","","","30258","","results_container","","2660720","minimize","0","","651","","11.54"
"Huub_free_decomp","","../container-loading/container-loading.mzn","../container-loading/cl14.dzn","SATISFIED","1200.9285679757595","43884","725","39653","","46","","complete","2.24534","","0","","42835","","","7710","0.494573","5400","","","","0","","365","","1165339","14187612","44094","43861","56102","results_container","","7523129070","minimize","0","360","1596","","1197.292611"
"Huub_vsids_m+o","","../container-loading/container-loading.mzn","../container-loading/cl03.dzn","SATISFIED","1200.6821137899533","1758","1205","650","","41","","complete","0.290915","","0","","","","","960","0.043511","7980","","","","0","","605","","35270","452564","2118","1728","4249","results_container","","10796610","minimize","0","600","2688","","1199.718881"
"chuffed","","../container-loading/container-loading.mzn","../container-loading/cl02.dzn","SATISFIED","1203.1560658710077","121559","1799","","","11","","","7.00478","","","","","","","20860","","15225","","","","","","","","","","","120552","","results_container","","","minimize","0","","120744","",""
"Huub_free_decomp","","../container-loading/container-loading.mzn","../container-loading/cl08.dzn","SATISFIED","1201.3843473680317","51449","785","34040","","59","","complete","2.79606","","0","","50310","","","9005","0.568257","4590","","","","0","","395","","729375","12350488","51679","51426","54505","results_container","","7687862445","minimize","0","390","1736","","1196.6854"
"Huub_free_m+s","","../container-loading/container-loading.mzn","../container-loading/cl06.dzn","SATISFIED","1200.4117422653362","1758","1205","692","","35","","complete","0.172972","","0","","","","","960","0.041628","10200","","","","0","","605","","67389","321299","2118","1728","2451","results_container","","8338272","minimize","0","600","2688","","1199.847059"
"Huub_free_basic","","../container-loading/container-loading.mzn","../container-loading/cl09.dzn","SATISFIED","1200.1874557677656","1758","1205","1493","","35","","complete","0.157452","","0","","","","","960","0.043733","12240","","","","0","","605","","150719","756338","2118","1728","3389","results_container","","24190658","minimize","0","600","2688","","1199.83142"
"Huub_free_s+o","","../container-loading/container-loading.mzn","../container-loading/cl14.dzn","SATISFIED","1200.1678178710863","1050","725","4133","","43","","complete","0.13193","","0","","","","","570","0.026519","5148","","","","0","","365","","705918","1420481","1260","1026","1815","results_container","","49953804","minimize","0","360","1596","","1199.85718"
"Huub_free_no_gen_bounds","","../container-loading/container-loading.mzn","../container-loading/cl07.dzn","SATISFIED","1200.480628198944","1758","1205","325","","39","","complete","0.164773","","0","","","","","960","0.040934","11020","","","","0","","605","","20150","192488","2118","1728","3983","results_container","","4607033","minimize","0","600","2688","","1199.94461"
"Huub_vsids_basic","","../container-loading/container-loading.mzn","../container-loading/cl06.dzn","SATISFIED","1200.6139537328854","1758","1205","1528","","39","","complete","0.252272","","0","","","","","960","0.042352","10260","","","","0","","605","","148267","644402","2118","1728","2599","results_container","","22741273","minimize","0","600","2688","","1199.731696"
"Huub_free_m+s","","../container-loading/container-loading.mzn","../container-loading/cl13.dzn","SATISFIED","1200.266576464288","1134","785","2171","","43","","complete","0.128542","","0","","","","","615","0.02858","7776","","","","0","","395","","233434","642655","1359","1107","2638","results_container","","19839747","minimize","0","390","1722","","1199.852037"
"Huub_free_m+s","","../container-loading/container-loading.mzn","../container-loading/cl12.dzn","SATISFIED","1200.2324766563252","1050","725","2818","","34","","complete","0.127071","","0","","","","","570","0.026577","5880","","","","0","","365","","247919","818963","1260","1026","1592","results_container","","23830737","minimize","0","360","1596","","1199.857345"
"chuffed","","../container-loading/container-loading.mzn","../container-loading/cl14.dzn","SATISFIED","1201.7590227648616","44129","1079","30","763150","30","1376562","","2.47217","1197.498","","-178313657","","110547","0.0","7710","0.581","14256","2158970","1079","","","0.94","","0.0","1376562","","87786","43524","1175","results_container","111628","7504928285","minimize","0","","43638","","1197.576"
"Huub_free_no_gen_bounds","","../container-loading/container-loading.mzn","../container-loading/cl11.dzn","SATISFIED","1200.4569636313245","870","605","2640","","32","","complete","0.151291","","0","","","","","470","0.022396","5100","","","","0","","305","","192622","754764","1040","846","1397","results_container","","20016976","minimize","0","300","1316","","1199.847929"
"gecode","","../container-loading/container-loading.mzn","../container-loading/cl04.dzn","UNKNOWN","1200.9354376271367","30098","605","0","","0","","","1.65924","","","","29700","","","4950","0.266571","","2304440","","","","","","","1152152","","35048","29700","247","results_container","30305","3269932593","minimize","0","","","0","1198.34"
"Huub_free_s+o","","../container-loading/container-loading.mzn","../container-loading/cl09.dzn","SATISFIED","1200.1840712549165","1758","1205","1175","","56","","complete","0.157463","","0","","","","","960","0.04352","13398","","","","0","","605","","135978","781487","2118","1728","3640","results_container","","19100693","minimize","0","600","2688","","1199.829868"
"cp-sat","","../container-loading/container-loading.mzn","../container-loading/cl02.dzn","SATISFIED","1202.1807896010578","120965","1205","","","1","","","7.04446","","","","119378","119546","","20860","","8775","","","144","","","","","507","","","120552","","results_container","","2292435","minimize","0","","1366","","52.9413"
"Huub_free_m+s","","../container-loading/container-loading.mzn","../container-loading/cl04.dzn","SATISFIED","1200.1555371116847","864","605","4189","","46","","complete","0.113801","","0","","","","","465","0.021474","3360","","","","0","","305","","344375","1091404","1029","837","2280","results_container","","29096433","minimize","0","300","1302","","1199.88097"
"Huub_vsids_no_gen_bounds","","../container-loading/container-loading.mzn","../container-loading/cl03.dzn","SATISFIED","1200.6739645665511","1758","1205","623","","46","","complete","0.290684","","0","","","","","960","0.04326","8100","","","","0","","605","","51377","480518","2118","1728","4249","results_container","","11998161","minimize","0","600","2688","","1199.713262"
"Huub_free_m+o","","../container-loading/container-loading.mzn","../container-loading/cl06.dzn","SATISFIED","1200.2181775169447","1758","1205","591","","33","","complete","0.169555","","0","","","","","960","0.041385","11250","","","","0","","605","","28718","306607","2118","1728","2598","results_container","","7456285","minimize","0","600","2688","","1199.850144"
"Huub_vsids_m+s","","../container-loading/container-loading.mzn","../container-loading/cl04.dzn","SATISFIED","1200.6276651155204","864","605","3248","","54","","complete","0.192179","","0","","","","","465","0.033329","3344","","","","0","","305","","342093","977193","1029","837","2380","results_container","","32213448","minimize","0","300","1302","","1199.79623"
"Huub_vsids_no_gen_bounds","","../container-loading/container-loading.mzn","../container-loading/cl06.dzn","SATISFIED","1200.6184321912006","1758","1205","773","","34","","complete","0.255108","","0","","","","","960","0.04225","10890","","","","0","","605","","55059","385464","2118","1728","2598","results_container","","11073965","minimize","0","600","2688","","1199.732042"
"Huub_free_s+o","","../container-loading/container-loading.mzn","../container-loading/cl08.dzn","SATISFIED","1200.3471026262268","1140","785","4234","","42","","complete","0.13608","","0","","","","","620","0.027983","4554","","","","0","","395","","420534","1310527","1370","1116","2364","results_container","","44274236","minimize","0","390","1736","","1199.853109"
"Huub_free_decomp","","../container-loading/container-loading.mzn","../container-loading/cl04.dzn","SATISFIED","1200.985655836761","30563","605","38906","","60","","complete","1.67064","","0","","29700","","","5415","0.343944","3168","","","","0","","305","","1109348","15461440","30728","30537","36022","results_container","","5722011929","minimize","0","300","1302","","1198.017407"
"Huub_free_no_gen_bounds","","../container-loading/container-loading.mzn","../container-loading/cl06.dzn","SATISFIED","1200.2754808794707","1758","1205","391","","34","","complete","0.158529","","0","","","","","960","0.040798","11160","","","","0","","605","","21225","187947","2118","1728","2598","results_container","","4906840","minimize","0","600","2688","","1199.804391"
"Huub_free_m+o","","../container-loading/container-loading.mzn","../container-loading/cl03.dzn","SATISFIED","1200.248832278885","1758","1205","583","","45","","complete","0.154656","","0","","","","","960","0.042234","7776","","","","0","","605","","34844","425399","2118","1728","4779","results_container","","8635072","minimize","0","600","2688","","1199.902102"
"Huub_vsids_m+o","","../container-loading/container-loading.mzn","../container-loading/cl11.dzn","SATISFIED","1200.62898975797","870","605","4929","","45","","complete","0.215475","","0","","","","","470","0.028705","5040","","","","0","","305","","396167","1310190","1040","846","1263","results_container","","47942642","minimize","0","300","1316","","1199.780529"
"Huub_vsids_decomp","","../container-loading/container-loading.mzn","../container-loading/cl10.dzn","SATISFIED","1204.1579014072195","188957","1505","5669","","57","","complete","11.5099","","0","","186750","","","32335","2.268705","16896","","","","0","","755","","207718","17553967","189417","188928","247767","results_container","","5584791762","minimize","0","750","3388","","1186.440846"
"Huub_free_m+o","","../container-loading/container-loading.mzn","../container-loading/cl01.dzn","SATISFIED","1200.1608120128512","864","605","4261","","47","","complete","0.119603","","0","","","","","465","0.022997","3900","","","","0","","305","","480479","1177546","1029","837","2137","results_container","","35664615","minimize","0","300","1302","","1199.867233"
"cp-sat","","../container-loading/container-loading.mzn","../container-loading/cl15.dzn","SATISFIED","1203.4141125483438","188705","1505","","","1","","","11.5457","","","","186749","188575","","32325","","20286","","","375","","","","","1093","","","188190","","results_container","","5129936","minimize","0","","1681","","116.01"
"Huub_vsids_m+s","","../container-loading/container-loading.mzn","../container-loading/cl12.dzn","SATISFIED","1200.5889063524082","1050","725","2950","","39","","complete","0.22195","","0","","","","","570","0.032252","5880","","","","0","","365","","268278","870778","1260","1026","2436","results_container","","32127840","minimize","0","360","1596","","1199.755043"
"Huub_vsids_m+s","","../container-loading/container-loading.mzn","../container-loading/cl10.dzn","SATISFIED","1200.7244617668912","2208","1505","347","","44","","complete","0.286119","","0","","","","","1210","0.058458","17250","","","","0","","755","","18697","414397","2668","2178","7571","results_container","","6958472","minimize","0","750","3388","","1199.796199"
"Huub_vsids_s+o","","../container-loading/container-loading.mzn","../container-loading/cl03.dzn","SATISFIED","1200.664244433865","1758","1205","1442","","39","","complete","0.287679","","0","","","","","960","0.043311","8460","","","","0","","605","","91960","775559","2118","1728","3705","results_container","","24134106","minimize","0","600","2688","","1199.699007"
"Huub_vsids_basic","","../container-loading/container-loading.mzn","../container-loading/cl13.dzn","SATISFIED","1200.6082485774532","1134","785","4452","","42","","complete","0.206906","","0","","","","","615","0.03387","7488","","","","0","","395","","444728","1197113","1359","1107","1709","results_container","","52865861","minimize","0","390","1722","","1199.779252"
"Huub_free_decomp","","../container-loading/container-loading.mzn","../container-loading/cl02.dzn","SATISFIED","1202.5017975959927","121135","1205","10862","","29","","complete","6.50266","","0","","119378","","","20860","1.461704","7590","","","","0","","605","","353531","12259658","121495","121106","155193","results_container","","5844774804","minimize","0","600","2688","","1192.166205"
"Huub_vsids_m+o","","../container-loading/container-loading.mzn","../container-loading/cl01.dzn","SATISFIED","1200.6418572757393","864","605","4591","","52","","complete","0.21297","","0","","","","","465","0.0284","3888","","","","0","","305","","438093","1255222","1029","837","2820","results_container","","48663329","minimize","0","300","1302","","1199.791924"
"Huub_vsids_m+s","","../container-loading/container-loading.mzn","../container-loading/cl11.dzn","SATISFIED","1200.6257025925443","870","605","3926","","36","","complete","0.214719","","0","","","","","470","0.029012","4950","","","","0","","305","","491231","1138336","1040","846","2297","results_container","","43589302","minimize","0","300","1316","","1199.777768"
"Huub_vsids_no_gen_bounds","","../container-loading/container-loading.mzn","../container-loading/cl13.dzn","SATISFIED","1200.6306101800874","1134","785","2805","","40","","complete","0.24361","","0","","","","","615","0.036352","7820","","","","0","","395","","235703","837014","1359","1107","2094","results_container","","31827012","minimize","0","390","1722","","1199.733896"
"Huub_vsids_basic","","../container-loading/container-loading.mzn","../container-loading/cl04.dzn","SATISFIED","1200.6271281018853","864","605","7535","","46","","complete","0.19583","","0","","","","","465","0.031612","3312","","","","0","","305","","517473","1776088","1029","837","2555","results_container","","58273094","minimize","0","300","1302","","1199.798878"
"Huub_vsids_decomp","","../container-loading/container-loading.mzn","../container-loading/cl03.dzn","SATISFIED","1202.5183855565265","121135","1205","8814","","56","","complete","6.56338","","0","","119378","","","20860","1.4639","7168","","","","0","","605","","322581","14338054","121495","121106","157457","results_container","","5791011067","minimize","0","600","2688","","1192.064205"
"Huub_vsids_no_gen_bounds","","../container-loading/container-loading.mzn","../container-loading/cl01.dzn","SATISFIED","1200.6143093695864","864","605","4754","","52","","complete","0.210899","","0","","","","","465","0.028632","3900","","","","0","","305","","457604","1285452","1029","837","2820","results_container","","47769146","minimize","0","300","1302","","1199.761867"
"Huub_vsids_s+o","","../container-loading/container-loading.mzn","../container-loading/cl09.dzn","SATISFIED","1200.5877876253799","1758","1205","1387","","45","","complete","0.263994","","0","","","","","960","0.044237","12474","","","","0","","605","","121188","813920","2118","1728","3716","results_container","","26957457","minimize","0","600","2688","","1199.710755"
"Huub_vsids_m+o","","../container-loading/container-loading.mzn","../container-loading/cl04.dzn","SATISFIED","1200.627561739646","864","605","4247","","45","","complete","0.193384","","0","","","","","465","0.0316","3432","","","","0","","305","","246565","1167650","1029","837","2315","results_container","","36966997","minimize","0","300","1302","","1199.794111"
"Huub_vsids_basic","","../container-loading/container-loading.mzn","../container-loading/cl12.dzn","SATISFIED","1200.6069585056975","1050","725","4553","","42","","complete","0.225012","","0","","","","","570","0.032144","5824","","","","0","","365","","466460","1418218","1260","1026","1647","results_container","","52204679","minimize","0","360","1596","","1199.768733"
"Huub_free_basic","","../container-loading/container-loading.mzn","../container-loading/cl14.dzn","SATISFIED","1200.3687264528126","1050","725","5320","","51","","complete","0.157628","","0","","","","","570","0.027255","5236","","","","0","","365","","596479","1432380","1260","1026","2408","results_container","","63152271","minimize","0","360","1596","","1199.8304"
"Huub_free_m+s","","../container-loading/container-loading.mzn","../container-loading/cl11.dzn","SATISFIED","1200.1677854517475","870","605","4150","","36","","complete","0.11418","","0","","","","","470","0.022385","4860","","","","0","","305","","426496","1119714","1040","846","1385","results_container","","32386439","minimize","0","300","1316","","1199.890526"
"Huub_free_basic","","../container-loading/container-loading.mzn","../container-loading/cl15.dzn","SATISFIED","1200.1895340494812","2196","1505","636","","60","","complete","0.178344","","0","","","","","1200","0.060328","17640","","","","0","","755","","55706","724729","2646","2160","8865","results_container","","15398581","minimize","0","750","3360","","1199.781791"
"chuffed","","../container-loading/container-loading.mzn","../container-loading/cl10.dzn","SATISFIED","1204.2273919554427","189459","2249","","","4","","","11.1042","","","","","","","32335","","62208","","","","","","","","","","","188202","","results_container","","","minimize","0","","188444","",""
"Huub_free_s+o","","../container-loading/container-loading.mzn","../container-loading/cl05.dzn","SATISFIED","1200.155600658618","1050","725","5066","","33","","complete","0.121824","","0","","","","","570","0.02558","4560","","","","0","","365","","491264","1486213","1260","1026","1713","results_container","","49067133","minimize","0","360","1596","","1199.863679"
"Huub_free_s+o","","../container-loading/container-loading.mzn","../container-loading/cl01.dzn","SATISFIED","1200.1919287117198","864","605","5101","","14","","complete","0.119766","","0","","","","","465","0.022825","3900","","","","0","","305","","758009","1519472","1029","837","1222","results_container","","57022085","minimize","0","300","1302","","1199.865533"
"Huub_free_decomp","","../container-loading/container-loading.mzn","../container-loading/cl03.dzn","SATISFIED","1202.459709466435","121135","1205","8948","","56","","complete","6.61573","","0","","119378","","","20860","1.470408","7168","","","","0","","605","","324844","14409409","121495","121106","157457","results_container","","5866258453","minimize","0","600","2688","","1192.014831"
"cp-sat","","../container-loading/container-loading.mzn","../container-loading/cl08.dzn","SATISFIED","1201.1022516097873","51325","785","","","4","","","2.93069","","","","50310","50983","","9005","","5940","","","81","","","","","48776","","","51054","","results_container","","73280731","minimize","0","","868","","849.009"
"Huub_free_basic","","../container-loading/container-loading.mzn","../container-loading/cl05.dzn","SATISFIED","1200.1617390364408","1050","725","5453","","34","","complete","0.127213","","0","","","","","570","0.025946","4600","","","","0","","365","","522556","1482194","1260","1026","1524","results_container","","58164098","minimize","0","360","1596","","1199.853755"
"Huub_vsids_basic","","../container-loading/container-loading.mzn","../container-loading/cl03.dzn","SATISFIED","1200.6938961492851","1758","1205","1309","","45","","complete","0.290827","","0","","","","","960","0.043449","7315","","","","0","","605","","123504","718192","2118","1728","6358","results_container","","22502849","minimize","0","600","2688","","1199.725271"
"Huub_vsids_basic","","../container-loading/container-loading.mzn","../container-loading/cl15.dzn","SATISFIED","1200.6873026965186","2196","1505","622","","60","","complete","0.304204","","0","","","","","1200","0.064096","17640","","","","0","","755","","55257","719848","2646","2160","8865","results_container","","15268514","minimize","0","750","3360","","1199.693886"
"Huub_vsids_m+o","","../container-loading/container-loading.mzn","../container-loading/cl13.dzn","SATISFIED","1200.5988439777866","1134","785","2595","","25","","complete","0.208433","","0","","","","","615","0.033949","7776","","","","0","","395","","191944","779561","1359","1107","1782","results_container","","29520999","minimize","0","390","1722","","1199.773779"
"Huub_vsids_s+o","","../container-loading/container-loading.mzn","../container-loading/cl05.dzn","SATISFIED","1200.6174623286352","1050","725","4990","","35","","complete","0.215693","","0","","","","","570","0.033687","4680","","","","0","","365","","521213","1488676","1260","1026","1691","results_container","","61356912","minimize","0","360","1596","","1199.77055"
"Huub_free_no_gen_bounds","","../container-loading/container-loading.mzn","../container-loading/cl14.dzn","SATISFIED","1200.1600074162707","1050","725","2106","","19","","complete","0.122282","","0","","","","","570","0.025819","5520","","","","0","","365","","132117","557647","1260","1026","1880","results_container","","18016588","minimize","0","360","1596","","1199.871034"
"cp-sat","","../container-loading/container-loading.mzn","../container-loading/cl07.dzn","SATISFIED","1202.342147231102","120965","1205","","","2","","","7.01885","","","","119400","119723","","20860","","12635","","","180","","","","","6924","","","120552","","results_container","","28503660","minimize","0","","1344","","194.102"
"cp-sat","","../container-loading/container-loading.mzn","../container-loading/cl10.dzn","SATISFIED","1203.2702752156183","188715","1505","","","2","","","11.3719","","","","186750","188503","","32335","","15120","","","225","","","","","2263","","","188202","","results_container","","16597943","minimize","0","","1694","","124.535"
"Huub_vsids_no_gen_bounds","","../container-loading/container-loading.mzn","../container-loading/cl12.dzn","SATISFIED","1200.59273258131","1050","725","3264","","40","","complete","0.223922","","0","","","","","570","0.031929","5880","","","","0","","365","","267062","991101","1260","1026","1809","results_container","","36720252","minimize","0","360","1596","","1199.759218"
"Huub_free_no_gen_bounds","","../container-loading/container-loading.mzn","../container-loading/cl04.dzn","SATISFIED","1200.183135299012","864","605","2422","","49","","complete","0.113597","","0","","","","","465","0.022094","3360","","","","0","","305","","174902","688788","1029","837","1552","results_container","","19653525","minimize","0","300","1302","","1199.900015"
"gecode","","../container-loading/container-loading.mzn","../container-loading/cl10.dzn","UNKNOWN","1204.2654647575691","187747","1505","","","0","","","10.8857","","","","186750","","","31125","","","","","","","","","","","","","186750","","results_container","","","minimize","0","","","",""
"cp-sat","","../container-loading/container-loading.mzn","../container-loading/cl11.dzn","SATISFIED","1200.769876821898","30475","605","","","5","","","1.72094","","","","29700","30865","","5420","","5445","","","150","","","","","12935","","","30264","","results_container","","14018301","minimize","0","","658","","91.3064"
"Huub_vsids_s+o","","../container-loading/container-loading.mzn","../container-loading/cl01.dzn","SATISFIED","1200.6411874499172","864","605","6088","","49","","complete","0.21504","","0","","","","","465","0.028306","3800","","","","0","","305","","851391","1847707","1029","837","1375","results_container","","71780452","minimize","0","300","1302","","1199.788797"
"gecode","","../container-loading/container-loading.mzn","../container-loading/cl11.dzn","UNKNOWN","1200.9783356096596","30099","605","0","","0","","","1.68146","","","","29700","","","4950","0.269279","","2611843","","","","","","","1305851","","35049","29700","248","results_container","30305","1486046208","minimize","0","","","0","1198.32"
"Huub_vsids_decomp","","../container-loading/container-loading.mzn","../container-loading/cl14.dzn","SATISFIED","1201.1652652695775","43884","725","39321","","46","","complete","2.31172","","0","","42835","","","7710","0.489371","5400","","","","0","","365","","1161847","14133880","44094","43861","56102","results_container","","7492814648","minimize","0","360","1596","","1197.228685"
"chuffed","","../container-loading/container-loading.mzn","../container-loading/cl13.dzn","SATISFIED","1201.8152056280524","51704","1169","50","1234685","50","1775765","","2.87232","473.841","","-189350259","","122852","0.0","9000","0.684","9180","3042047","1169","","","1.41","","0.0","1775765","","102897","51048","862","results_container","124023","7345065913","minimize","0","","51171","","1197.125"
"Huub_vsids_m+o","","../container-loading/container-loading.mzn","../container-loading/cl14.dzn","SATISFIED","1200.657446444966","1050","725","3860","","55","","complete","0.254461","","0","","","","","570","0.033468","5376","","","","0","","365","","273277","970421","1260","1026","2526","results_container","","42158525","minimize","0","360","1596","","1199.727779"
"Huub_free_m+s","","../container-loading/container-loading.mzn","../container-loading/cl01.dzn","SATISFIED","1200.3469191491604","864","605","4010","","41","","complete","0.132374","","0","","","","","465","0.023698","3952","","","","0","","305","","384155","1016966","1029","837","1334","results_container","","30384941","minimize","0","300","1302","","1199.879383"
"Huub_free_s+o","","../container-loading/container-loading.mzn","../container-loading/cl10.dzn","SATISFIED","1200.1901966948062","2208","1505","606","","36","","complete","0.179125","","0","","","","","1210","0.057845","18768","","","","0","","755","","65120","554389","2668","2178","4508","results_container","","14038270","minimize","0","750","3388","","1199.786082"
"chuffed","","../container-loading/container-loading.mzn","../container-loading/cl15.dzn","SATISFIED","1204.300901407376","189427","2249","","","9","","","10.9237","","","","","","","32325","","73206","","","","","","","","","","","188168","","results_container","","","minimize","0","","188408","",""
"cp-sat","","../container-loading/container-loading.mzn","../container-loading/cl05.dzn","SATISFIED","1200.966454334557","43775","725","","","1","","","2.48835","","","","42828","42740","","7710","","7410","","","150","","","","","247","","","43524","","results_container","","908925","minimize","0","","810","","10.3164"
"Huub_vsids_no_gen_bounds","","../container-loading/container-loading.mzn","../container-loading/cl02.dzn","SATISFIED","1200.6163808573037","1758","1205","584","","33","","complete","0.258405","","0","","","","","960","0.041495","8064","","","","0","","605","","38013","399278","2118","1728","6817","results_container","","9946342","minimize","0","600","2688","","1199.716308"
"Huub_free_basic","","../container-loading/container-loading.mzn","../container-loading/cl13.dzn","SATISFIED","1200.2987065911293","1134","785","4634","","43","","complete","0.154221","","0","","","","","615","0.028908","7452","","","","0","","395","","457069","1236570","1359","1107","1709","results_container","","54531931","minimize","0","390","1722","","1199.836896"
"Huub_free_decomp","","../container-loading/container-loading.mzn","../container-loading/cl13.dzn","SATISFIED","1201.0839780857787","51443","785","34064","","53","","complete","2.72668","","0","","50310","","","9000","0.575867","7560","","","","0","","395","","851377","13530893","51668","51417","63414","results_container","","7303355857","minimize","0","390","1722","","1196.74022"
"Huub_free_m+o","","../container-loading/container-loading.mzn","../container-loading/cl08.dzn","SATISFIED","1200.258562293835","1140","785","3032","","33","","complete","0.127346","","0","","","","","620","0.028486","4760","","","","0","","395","","196527","863970","1370","1116","1648","results_container","","27162048","minimize","0","390","1736","","1199.85563"
"cp-sat","","../container-loading/container-loading.mzn","../container-loading/cl01.dzn","SATISFIED","1200.7678298261017","30436","605","","","9","","","1.78181","","","","29666","32044","","5415","","6000","","","180","","","","","160717","","","30224","","results_container","","229945730","minimize","0","","651","","933.218"
"Huub_free_m+o","","../container-loading/container-loading.mzn","../container-loading/cl12.dzn","SATISFIED","1200.1551343072206","1050","725","2919","","36","","complete","0.119555","","0","","","","","570","0.026177","6048","","","","0","","365","","197481","950995","1260","1026","1735","results_container","","26447527","minimize","0","360","1596","","1199.870367"
"cp-sat","","../container-loading/container-loading.mzn","../container-loading/cl14.dzn","SATISFIED","1201.0413828985766","43775","725","","","2","","","2.41726","","","","42835","43066","","7710","","9216","","","180","","","","","523","","","43524","","results_container","","4039105","minimize","0","","803","","19.8905"
"Huub_free_decomp","","../container-loading/container-loading.mzn","../container-loading/cl09.dzn","SATISFIED","1202.6016603996977","121157","1205","9876","","38","","complete","6.43845","","0","","119400","","","20860","1.484485","12880","","","","0","","605","","318765","11625149","121517","121128","155453","results_container","","5907961403","minimize","0","600","2688","","1192.190805"
"Huub_free_m+o","","../container-loading/container-loading.mzn","../container-loading/cl05.dzn","SATISFIED","1200.3501934651285","1050","725","2522","","42","","complete","0.159781","","0","","","","","570","0.027868","4576","","","","0","","365","","263122","872829","1260","1026","2799","results_container","","28476141","minimize","0","360","1596","","1199.819221"
"Huub_free_m+o","","../container-loading/container-loading.mzn","../container-loading/cl13.dzn","SATISFIED","1200.3532449044287","1134","785","2660","","34","","complete","0.138779","","0","","","","","615","0.028536","7524","","","","0","","395","","220500","769009","1359","1107","1622","results_container","","25795012","minimize","0","390","1722","","1199.846729"
"Huub_free_s+o","","../container-loading/container-loading.mzn","../container-loading/cl02.dzn","SATISFIED","1200.2455225428566","1758","1205","1260","","29","","complete","0.160466","","0","","","","","960","0.041567","7540","","","","0","","605","","112812","685599","2118","1728","5758","results_container","","18540483","minimize","0","600","2688","","1199.813905"
"Huub_free_s+o","","../container-loading/container-loading.mzn","../container-loading/cl03.dzn","SATISFIED","1200.2831746945158","1758","1205","1043","","46","","complete","0.159696","","0","","","","","960","0.042389","7980","","","","0","","605","","112398","745135","2118","1728","5094","results_container","","17950914","minimize","0","600","2688","","1199.817652"
"Huub_free_decomp","","../container-loading/container-loading.mzn","../container-loading/cl06.dzn","SATISFIED","1202.6747737126425","121157","1205","10826","","33","","complete","6.64803","","0","","119400","","","20860","1.47857","10868","","","","0","","605","","362624","12091561","121517","121128","156024","results_container","","5711107361","minimize","0","600","2688","","1192.00333"
"Huub_vsids_no_gen_bounds","","../container-loading/container-loading.mzn","../container-loading/cl07.dzn","SATISFIED","1200.7526178937405","1758","1205","770","","36","","complete","0.280704","","0","","","","","960","0.042427","11016","","","","0","","605","","49693","364564","2118","1728","2626","results_container","","11435595","minimize","0","600","2688","","1199.813002"
"Huub_free_m+s","","../container-loading/container-loading.mzn","../container-loading/cl14.dzn","SATISFIED","1200.2603014847264","1050","725","3537","","47","","complete","0.123023","","0","","","","","570","0.026553","5280","","","","0","","365","","299743","891236","1260","1026","2676","results_container","","28904661","minimize","0","360","1596","","1199.860025"
"gecode","","../container-loading/container-loading.mzn","../container-loading/cl08.dzn","UNKNOWN","1201.4518393613398","50829","785","0","","0","","","2.87115","","","","50310","","","8385","0.461511","","1911137","","","","","","","955457","","59214","50310","273","results_container","51095","1661152046","minimize","0","","","0","1197.13"
"Huub_free_no_gen_bounds","","../container-loading/container-loading.mzn","../container-loading/cl12.dzn","SATISFIED","1200.1517388094217","1050","725","1500","","52","","complete","0.122276","","0","","","","","570","0.025929","6300","","","","0","","365","","116455","526022","1260","1026","1567","results_container","","14631988","minimize","0","360","1596","","1199.861061"
"Huub_free_m+o","","../container-loading/container-loading.mzn","../container-loading/cl02.dzn","SATISFIED","1200.1620820779353","1758","1205","618","","29","","complete","0.157482","","0","","","","","960","0.04006","8100","","","","0","","605","","32451","351058","2118","1728","3323","results_container","","8355689","minimize","0","600","2688","","1199.816355"
"Huub_free_decomp","","../container-loading/container-loading.mzn","../container-loading/cl05.dzn","SATISFIED","1200.9500775756314","43877","725","40408","","39","","complete","2.29624","","0","","42828","","","7710","0.49112","4810","","","","0","","365","","1008966","16282554","44087","43854","56489","results_container","","7508543871","minimize","0","360","1596","","1197.24187"
"Huub_vsids_decomp","","../container-loading/container-loading.mzn","../container-loading/cl09.dzn","SATISFIED","1202.5699796965346","121157","1205","9963","","38","","complete","6.36982","","0","","119400","","","20860","1.436168","12880","","","","0","","605","","319602","11668907","121517","121128","155453","results_container","","5951489003","minimize","0","600","2688","","1192.320678"
"Huub_vsids_m+o","","../container-loading/container-loading.mzn","../container-loading/cl02.dzn","SATISFIED","1200.665952667594","1758","1205","799","","31","","complete","0.260181","","0","","","","","960","0.04253","7560","","","","0","","605","","42652","385353","2118","1728","6817","results_container","","11532281","minimize","0","600","2688","","1199.756114"
"Huub_vsids_s+o","","../container-loading/container-loading.mzn","../container-loading/cl06.dzn","SATISFIED","1200.614032397978","1758","1205","1384","","25","","complete","0.253847","","0","","","","","960","0.04222","11220","","","","0","","605","","172970","724629","2118","1728","2754","results_container","","50235764","minimize","0","600","2688","","1199.723823"
"chuffed","","../container-loading/container-loading.mzn","../container-loading/cl04.dzn","SATISFIED","1201.23204515595","30764","899","53","1446783","53","2143671","","1.7524","1125.804","","1088558136","","81855","0.0","5415","0.407","4032","3616118","899","","","0.63","","0.0","2143671","","61137","30258","633","results_container","82756","4362569597","minimize","0","","30351","","1198.244"
"cp-sat","","../container-loading/container-loading.mzn","../container-loading/cl13.dzn","SATISFIED","1201.0785384196788","51320","785","","","2","","","3.06409","","","","50310","50379","","9000","","9918","","","180","","","","","329","","","51048","","results_container","","4425545","minimize","0","","861","","21.3213"
"Huub_vsids_m+s","","../container-loading/container-loading.mzn","../container-loading/cl15.dzn","SATISFIED","1200.6453473316506","2196","1505","274","","46","","complete","0.305956","","0","","","","","1200","0.061511","19404","","","","0","","755","","19183","421176","2646","2160","9881","results_container","","6077877","minimize","0","750","3360","","1199.661871"
"Huub_free_decomp","","../container-loading/container-loading.mzn","../container-loading/cl15.dzn","SATISFIED","1203.9472226891667","188896","1505","5665","","62","","complete","10.3492","","0","","186701","","","32325","2.239851","18228","","","","0","","755","","192865","19168567","189346","188861","244915","results_container","","5587873299","minimize","0","750","3360","","1187.609175"
"cp-sat","","../container-loading/container-loading.mzn","../container-loading/cl03.dzn","SATISFIED","1202.2099004825577","120965","1205","","","1","","","6.9911","","","","119378","119462","","20860","","8645","","","144","","","","","438","","","120552","","results_container","","2126830","minimize","0","","1366","","52.1588"
"Huub_free_s+o","","../container-loading/container-loading.mzn","../container-loading/cl07.dzn","SATISFIED","1200.1650216467679","1758","1205","1259","","21","","complete","0.157046","","0","","","","","960","0.041324","10773","","","","0","","605","","170251","622397","2118","1728","2491","results_container","","19872927","minimize","0","600","2688","","1199.815946"
"Huub_free_m+s","","../container-loading/container-loading.mzn","../container-loading/cl07.dzn","SATISFIED","1200.2137157348916","1758","1205","585","","40","","complete","0.158673","","0","","","","","960","0.041331","10469","","","","0","","605","","67957","315707","2118","1728","2451","results_container","","8544773","minimize","0","600","2688","","1199.860354"
"Huub_free_m+o","","../container-loading/container-loading.mzn","../container-loading/cl11.dzn","SATISFIED","1200.1655366569757","870","605","4615","","31","","complete","0.118033","","0","","","","","470","0.022909","4950","","","","0","","305","","366409","1291858","1040","846","1242","results_container","","36827298","minimize","0","300","1316","","1199.874038"
"chuffed","","../container-loading/container-loading.mzn","../container-loading/cl05.dzn","SATISFIED","1201.54944930505","44129","1079","37","1263353","37","1962937","","2.52554","1187.758","","-1372543787","","101469","0.0","7710","0.57","5850","3246389","1079","","","0.94","","0.0","1962937","","87786","43524","715","results_container","102550","6586899576","minimize","0","","43638","","1197.471"
"Huub_vsids_m+s","","../container-loading/container-loading.mzn","../container-loading/cl06.dzn","SATISFIED","1200.6178288040683","1758","1205","804","","31","","complete","0.252168","","0","","","","","960","0.042048","10500","","","","0","","605","","64083","345461","2118","1728","2502","results_container","","9973138","minimize","0","600","2688","","1199.748433"
"Huub_vsids_decomp","","../container-loading/container-loading.mzn","../container-loading/cl07.dzn","SATISFIED","1202.5277192490175","121157","1205","12122","","41","","complete","6.4263","","0","","119400","","","20860","1.448934","10560","","","","0","","605","","314535","13393132","121517","121128","156576","results_container","","6255950954","minimize","0","600","2688","","1192.238329"
"Huub_free_m+o","","../container-loading/container-loading.mzn","../container-loading/cl14.dzn","SATISFIED","1200.349987681955","1050","725","3629","","48","","complete","0.132129","","0","","","","","570","0.026642","5415","","","","0","","365","","243332","964660","1260","1026","1889","results_container","","32936102","minimize","0","360","1596","","1199.855184"
"Huub_vsids_s+o","","../container-loading/container-loading.mzn","../container-loading/cl07.dzn","SATISFIED","1200.6496769739315","1758","1205","1494","","28","","complete","0.281255","","0","","","","","960","0.048037","10868","","","","0","","605","","115168","699422","2118","1728","2626","results_container","","24489552","minimize","0","600","2688","","1199.687521"
"Huub_free_m+s","","../container-loading/container-loading.mzn","../container-loading/cl09.dzn","SATISFIED","1200.1856941599399","1758","1205","569","","50","","complete","0.159536","","0","","","","","960","0.043019","11907","","","","0","","605","","57161","421467","2118","1728","4268","results_container","","8261779","minimize","0","600","2688","","1199.829676"
