"configuration","problem","model","data_file","status","time","restarts","propagators","evaluatedReifiedConstraints","unifiedVariables","failures","flatTime","evaluatedHalfReifiedConstraints","intVariables","extractedViews","peakDepth","solveTime","method","flatIntConstraints","nSolutions","paths","eliminatedImplications","objective","run","initTime","flatBoolConstraints","flatIntVars","oracleDecisions","propagations","blockType","flatBoolVars","userDecisions"
"Huub_vsids_basic","","../products-and-shelves/product-and-shelves.mzn","../products-and-shelves/ps-50-08.dzn","SATISFIED","1200.4916436253116","15","13726","20440","0","143320","1.12497","","6097","7000","13181","1198.640701","minimize","15927","1","0","1000","S(20)","results_prod_shelf","0.253005","9800","6100","160012861","1778312288","complete","16640","0"
"Huub_vsids_m+o","","../products-and-shelves/product-and-shelves.mzn","../products-and-shelves/ps-100-19.dzn","OPTIMAL_SOLUTION","98.76708362437785","762","68144","102200","0","29595","5.38011","","30197","35000","52604","90.112706","minimize","79145","10","0","5000","S(30)","results_prod_shelf","1.210698","49000","30200","1659375","43720192","complete","83200","0"
"Huub_free_m+s","","../products-and-shelves/product-and-shelves.mzn","../products-and-shelves/ps-50-07.dzn","OPTIMAL_SOLUTION","46.0819086516276","121","13063","19600","0","24060","1.05826","","6097","7000","14868","44.312558","minimize","15564","13","0","1000","S(8)","results_prod_shelf","0.265209","9500","6100","1334653","20281861","complete","16100","0"
"Huub_vsids_basic","","../products-and-shelves/product-and-shelves.mzn","../products-and-shelves/ps-75-12.dzn","UNKNOWN","1201.1179499635473","59","30098","45150","0","190027","2.51804","","13647","15750","29550","1196.93114","minimize","35349","0","0","2250","","results_prod_shelf","0.63796","21750","13650","22428734","474534568","complete","36900","0"
"Huub_vsids_s+o","","../products-and-shelves/product-and-shelves.mzn","../products-and-shelves/ps-25-01.dzn","OPTIMAL_SOLUTION","4.4048653822392225","501","3107","4620","0","26274","0.302269","","1485","1680","3226","3.851236","minimize","3738","4","0","240","S(5)","results_prod_shelf","0.055746","2250","1488","153913","2669132","complete","3810","0"
"Huub_vsids_s+o","","../products-and-shelves/product-and-shelves.mzn","../products-and-shelves/ps-75-15.dzn","SATISFIED","1200.9229637011886","72","28443","43050","0","147807","2.32695","","13647","15750","47029","1197.002496","minimize","34444","5","0","2250","S(21)","results_prod_shelf","0.73301","21000","13650","8776616","173736015","complete","35550","0"
"Huub_free_basic","","../products-and-shelves/product-and-shelves.mzn","../products-and-shelves/ps-50-08.dzn","SATISFIED","1200.5417656628415","15","13726","20440","0","142914","1.12589","","6097","7000","13181","1198.640433","minimize","15927","1","0","1000","S(20)","results_prod_shelf","0.253603","9800","6100","159498776","1772602254","complete","16640","0"
"Huub_vsids_no_gen_bounds","","../products-and-shelves/product-and-shelves.mzn","../products-and-shelves/ps-50-08.dzn","OPTIMAL_SOLUTION","5.488211712799966","31","13726","20440","0","3790","1.14733","","6097","7000","12653","3.516121","minimize","15927","8","0","1000","S(13)","results_prod_shelf","0.257816","9800","6100","157116","2807679","complete","16640","0"
"Huub_free_no_gen_bounds","","../products-and-shelves/product-and-shelves.mzn","../products-and-shelves/ps-100-20.dzn","UNKNOWN","1202.18733715266","37","64838","98000","0","9098","5.93178","","30197","35000","43870","1192.534579","minimize","77339","0","0","5000","","results_prod_shelf","1.693273","47500","30200","1149160","25014458","complete","80500","0"
"Huub_vsids_decomp","","../products-and-shelves/product-and-shelves.mzn","../products-and-shelves/ps-50-10.dzn","OPTIMAL_SOLUTION","23.31444913893938","19","158938","18200","0","1077","12.1228","147000","6097","7000","309992","4.965404","minimize","161939","5","0","1000","S(6)","results_prod_shelf","2.31515","33500","6100","1846305","51897834","complete","162200","0"
"Huub_vsids_decomp","","../products-and-shelves/product-and-shelves.mzn","../products-and-shelves/ps-75-13.dzn","OPTIMAL_SOLUTION","159.15590638387948","2643","530561","46410","0","57242","44.2659","499500","13647","15750","521520","92.790052","minimize","535362","3","0","2250","S(13)","results_prod_shelf","8.252981","105450","13650","3482025","358459023","complete","537210","0"
"Huub_vsids_m+o","","../products-and-shelves/product-and-shelves.mzn","../products-and-shelves/ps-25-05.dzn","OPTIMAL_SOLUTION","1.0396361267194152","28","2917","4410","0","1205","0.312603","","1547","1750","3833","0.392994","minimize","3718","1","0","250","S(10)","results_prod_shelf","0.060613","2200","1550","36711","351014","complete","3710","0"
"Huub_vsids_decomp","","../products-and-shelves/product-and-shelves.mzn","../products-and-shelves/ps-100-18.dzn","OPTIMAL_SOLUTION","902.6003429619595","3216","1554196","103600","0","98246","131.157","1485000","30197","35000","2944219","706.057347","minimize","1564697","31","0","5000","S(17)","results_prod_shelf","24.283038","297000","30200","106304095","2327796604","complete","1569100","0"
"Huub_vsids_m+s","","../products-and-shelves/product-and-shelves.mzn","../products-and-shelves/ps-100-20.dzn","SATISFIED","1202.2103174021468","108","64838","98000","0","57907","5.65425","","30197","35000","92282","1192.800052","minimize","77339","1","0","5000","S(16)","results_prod_shelf","1.707374","47500","30200","7359290","158499670","complete","80500","0"
"Huub_vsids_no_gen_bounds","","../products-and-shelves/product-and-shelves.mzn","../products-and-shelves/ps-100-17.dzn","OPTIMAL_SOLUTION","379.5988168530166","578","68144","102200","0","50863","5.64863","","30197","35000","61398","370.264012","minimize","79145","12","0","5000","S(24)","results_prod_shelf","1.442144","49000","30200","6259188","121958910","complete","83200","0"
"Huub_free_m+s","","../products-and-shelves/product-and-shelves.mzn","../products-and-shelves/ps-50-06.dzn","OPTIMAL_SOLUTION","11.937932228669524","154","13063","19600","0","7117","1.0966","","6097","7000","15079","10.160362","minimize","15564","6","0","1000","S(15)","results_prod_shelf","0.249233","9500","6100","464196","5228467","complete","16100","0"
"Huub_free_m+o","","../products-and-shelves/product-and-shelves.mzn","../products-and-shelves/ps-100-19.dzn","OPTIMAL_SOLUTION","98.2816782463342","762","68144","102200","0","29595","5.36283","","30197","35000","52604","89.746825","minimize","79145","10","0","5000","S(30)","results_prod_shelf","1.202771","49000","30200","1659375","43720192","complete","83200","0"
"Huub_free_basic","","../products-and-shelves/product-and-shelves.mzn","../products-and-shelves/ps-75-12.dzn","UNKNOWN","1200.9615500727668","59","30098","45150","0","191780","2.4219","","13647","15750","29550","1197.053617","minimize","35349","0","0","2250","","results_prod_shelf","0.610478","21750","13650","22568060","480445788","complete","36900","0"
"Huub_free_no_gen_bounds","","../products-and-shelves/product-and-shelves.mzn","../products-and-shelves/ps-50-06.dzn","OPTIMAL_SOLUTION","260.30013552866876","143","13063","19600","0","11208","1.04454","","6097","7000","14776","258.562429","minimize","15564","5","0","1000","S(16)","results_prod_shelf","0.254925","9500","6100","1422013","24047982","complete","16100","0"
"Huub_vsids_m+o","","../products-and-shelves/product-and-shelves.mzn","../products-and-shelves/ps-75-15.dzn","OPTIMAL_SOLUTION","188.6678079739213","117","28443","43050","0","33830","2.28018","","13647","15750","49981","184.555884","minimize","34444","6","0","2250","S(8)","results_prod_shelf","0.757887","21000","13650","3206938","38371731","complete","35550","0"
"Huub_vsids_s+o","","../products-and-shelves/product-and-shelves.mzn","../products-and-shelves/ps-25-04.dzn","OPTIMAL_SOLUTION","11.008673910982907","6","3028","4550","0","10115","0.306687","","1547","1750","3637","10.309673","minimize","3779","3","0","250","S(8)","results_prod_shelf","0.057953","2250","1550","809424","9446704","complete","3800","0"
"Huub_free_decomp","","../products-and-shelves/product-and-shelves.mzn","../products-and-shelves/ps-50-06.dzn","OPTIMAL_SOLUTION","24.20846194215119","11","160043","19600","0","1686","12.5024","147000","6097","7000","291410","5.113262","minimize","162544","2","0","1000","S(15)","results_prod_shelf","2.349201","34000","6100","744749","30596871","complete","163100","0"
"Huub_free_m+s","","../products-and-shelves/product-and-shelves.mzn","../products-and-shelves/ps-100-17.dzn","OPTIMAL_SOLUTION","786.0996463261545","528","68144","102200","0","110915","5.56184","","30197","35000","61655","776.953577","minimize","79145","10","0","5000","S(24)","results_prod_shelf","1.411795","49000","30200","8586779","228093511","complete","83200","0"
"Huub_vsids_basic","","../products-and-shelves/product-and-shelves.mzn","../products-and-shelves/ps-25-03.dzn","SATISFIED","1200.4494738234207","37","3250","4830","0","2316485","0.321938","","1547","1750","3315","1199.835634","minimize","3901","4","0","250","S(6)","results_prod_shelf","0.061208","2350","1550","41136314","664137907","complete","3980","0"
"Huub_vsids_m+s","","../products-and-shelves/product-and-shelves.mzn","../products-and-shelves/ps-25-02.dzn","OPTIMAL_SOLUTION","1.0167521182447672","14","3250","4830","0","1384","0.348634","","1547","1750","2982","0.272887","minimize","3901","5","0","250","S(6)","results_prod_shelf","0.059323","2350","1550","23664","272010","complete","3980","0"
"Huub_free_no_gen_bounds","","../products-and-shelves/product-and-shelves.mzn","../products-and-shelves/ps-100-17.dzn","UNKNOWN","1202.2876610169187","85","68144","102200","0","13012","5.83358","","30197","35000","61891","1192.875528","minimize","79145","0","0","5000","","results_prod_shelf","1.405038","49000","30200","1090048","32396440","complete","83200","0"
"Huub_vsids_m+o","","../products-and-shelves/product-and-shelves.mzn","../products-and-shelves/ps-50-06.dzn","OPTIMAL_SOLUTION","153.0319951074198","204","13063","19600","0","16431","1.11438","","6097","7000","16068","151.118064","minimize","15564","3","0","1000","S(17)","results_prod_shelf","0.260546","9500","6100","8071622","114200967","complete","16100","0"
"Huub_vsids_no_gen_bounds","","../products-and-shelves/product-and-shelves.mzn","../products-and-shelves/ps-50-06.dzn","OPTIMAL_SOLUTION","87.04524816945195","199","13063","19600","0","11958","1.15828","","6097","7000","16071","85.059623","minimize","15564","4","0","1000","S(16)","results_prod_shelf","0.269193","9500","6100","5135174","43225534","complete","16100","0"
"Huub_vsids_decomp","","../products-and-shelves/product-and-shelves.mzn","../products-and-shelves/ps-75-14.dzn","OPTIMAL_SOLUTION","97.71862794458866","156","529899","45570","0","2132","43.5475","499500","13647","15750","969723","32.175635","minimize","535000","5","0","2250","S(20)","results_prod_shelf","8.110158","105150","13650","5145864","148620975","complete","536670","0"
"Huub_free_m+s","","../products-and-shelves/product-and-shelves.mzn","../products-and-shelves/ps-50-09.dzn","OPTIMAL_SOLUTION","48.81926108337939","4526","13284","19880","0","154113","1.15815","","6097","7000","11195","46.980322","minimize","15685","1","0","1000","S(20)","results_prod_shelf","0.228536","9600","6100","979970","40406170","complete","16280","0"
"Huub_vsids_basic","","../products-and-shelves/product-and-shelves.mzn","../products-and-shelves/ps-100-19.dzn","OPTIMAL_SOLUTION","108.01247210707515","255","68144","102200","0","80726","5.27374","","30197","35000","52587","99.515185","minimize","79145","16","0","5000","S(30)","results_prod_shelf","1.212786","49000","30200","2796859","82538370","complete","83200","0"
"Huub_vsids_decomp","","../products-and-shelves/product-and-shelves.mzn","../products-and-shelves/ps-100-17.dzn","OPTIMAL_SOLUTION","646.0429660519585","235","1553094","102200","0","19768","131.610999","1485000","30197","35000","2937155","448.335899","minimize","1564095","14","0","5000","S(24)","results_prod_shelf","25.02225","296500","30200","64846097","1746519334","complete","1568200","0"
"Huub_free_s+o","","../products-and-shelves/product-and-shelves.mzn","../products-and-shelves/ps-25-01.dzn","OPTIMAL_SOLUTION","4.439554252661765","501","3107","4620","0","26274","0.299634","","1485","1680","3226","3.885316","minimize","3738","4","0","240","S(5)","results_prod_shelf","0.056328","2250","1488","153913","2669132","complete","3810","0"
"Huub_free_no_gen_bounds","","../products-and-shelves/product-and-shelves.mzn","../products-and-shelves/ps-100-19.dzn","SATISFIED","1202.0261026620865","679","68144","102200","0","18633","5.3122","","30197","35000","52432","1193.528139","minimize","79145","6","0","5000","S(37)","results_prod_shelf","1.203814","49000","30200","1433624","39018320","complete","83200","0"
"Huub_vsids_s+o","","../products-and-shelves/product-and-shelves.mzn","../products-and-shelves/ps-75-12.dzn","UNKNOWN","1201.2512549683452","17","30098","45150","0","769123","2.59356","","13647","15750","6099","1196.895549","minimize","35349","0","0","2250","","results_prod_shelf","0.623032","21750","13650","3873646","559978372","complete","36900","0"
"Huub_vsids_no_gen_bounds","","../products-and-shelves/product-and-shelves.mzn","../products-and-shelves/ps-100-16.dzn","OPTIMAL_SOLUTION","305.42734158877283","1329","67593","101500","0","86517","5.62773","","30197","35000","67368","296.265282","minimize","78844","7","0","5000","S(16)","results_prod_shelf","1.405752","48750","30200","4216211","63187219","complete","82750","0"
"Huub_free_s+o","","../products-and-shelves/product-and-shelves.mzn","../products-and-shelves/ps-75-15.dzn","SATISFIED","1200.9387168819085","72","28443","43050","0","147617","2.22011","","13647","15750","47029","1197.122209","minimize","34444","5","0","2250","S(21)","results_prod_shelf","0.723681","21000","13650","8766122","173568646","complete","35550","0"
"Huub_vsids_no_gen_bounds","","../products-and-shelves/product-and-shelves.mzn","../products-and-shelves/ps-100-19.dzn","OPTIMAL_SOLUTION","165.27466732542962","1435","68144","102200","0","53509","5.36485","","30197","35000","53598","156.646215","minimize","79145","16","0","5000","S(30)","results_prod_shelf","1.221121","49000","30200","2542992","71701073","complete","83200","0"
"Huub_vsids_m+s","","../products-and-shelves/product-and-shelves.mzn","../products-and-shelves/ps-100-17.dzn","OPTIMAL_SOLUTION","784.4829360311851","528","68144","102200","0","110915","5.82472","","30197","35000","61655","775.069365","minimize","79145","10","0","5000","S(24)","results_prod_shelf","1.413839","49000","30200","8586779","228093511","complete","83200","0"
"Huub_free_basic","","../products-and-shelves/product-and-shelves.mzn","../products-and-shelves/ps-25-03.dzn","SATISFIED","1200.4381624320522","37","3250","4830","0","2303058","0.322409","","1547","1750","3315","1199.828922","minimize","3901","4","0","250","S(6)","results_prod_shelf","0.061812","2350","1550","40899341","660303380","complete","3980","0"
"Huub_free_basic","","../products-and-shelves/product-and-shelves.mzn","../products-and-shelves/ps-50-10.dzn","OPTIMAL_SOLUTION","498.03911355976015","53","11958","18200","0","172446","1.00722","","6097","7000","26043","496.146159","minimize","14959","7","0","1000","S(6)","results_prod_shelf","0.313953","9000","6100","12007423","105819325","complete","15200","0"
"Huub_vsids_m+s","","../products-and-shelves/product-and-shelves.mzn","../products-and-shelves/ps-100-18.dzn","OPTIMAL_SOLUTION","1057.5024666767567","8997","69246","103600","0","611724","5.29635","","30197","35000","55991","1048.867421","minimize","79747","17","0","5000","S(17)","results_prod_shelf","1.279154","49500","30200","8330364","366686362","complete","84100","0"
"Huub_free_basic","","../products-and-shelves/product-and-shelves.mzn","../products-and-shelves/ps-25-02.dzn","OPTIMAL_SOLUTION","3.9090797547250986","15","3250","4830","0","12290","0.314515","","1547","1750","3119","3.306605","minimize","3901","4","0","250","S(6)","results_prod_shelf","0.059723","2350","1550","337968","4487960","complete","3980","0"
"Huub_free_no_gen_bounds","","../products-and-shelves/product-and-shelves.mzn","../products-and-shelves/ps-75-14.dzn","OPTIMAL_SOLUTION","228.09707105066627","263","30429","45570","0","4826","2.48561","","13647","15750","31499","224.141383","minimize","35530","5","0","2250","S(20)","results_prod_shelf","0.534461","21900","13650","527275","11357484","complete","37170","0"
"Huub_free_s+o","","../products-and-shelves/product-and-shelves.mzn","../products-and-shelves/ps-25-05.dzn","OPTIMAL_SOLUTION","2.8484467612579465","18","2917","4410","0","2680","0.311689","","1547","1750","3977","2.285735","minimize","3718","1","0","250","S(10)","results_prod_shelf","0.059004","2200","1550","178224","1958256","complete","3710","0"
"Huub_vsids_s+o","","../products-and-shelves/product-and-shelves.mzn","../products-and-shelves/ps-100-16.dzn","UNKNOWN","1202.2317738225684","6","67593","101500","0","129597","5.54701","","30197","35000","11035","1193.171439","minimize","78844","0","0","5000","","results_prod_shelf","1.393942","48750","30200","1155170","311567601","complete","82750","0"
"Huub_free_m+o","","../products-and-shelves/product-and-shelves.mzn","../products-and-shelves/ps-50-07.dzn","OPTIMAL_SOLUTION","11.159236655570567","119","13063","19600","0","4935","1.12057","","6097","7000","15382","9.309129","minimize","15564","4","0","1000","S(8)","results_prod_shelf","0.269946","9500","6100","325581","4691207","complete","16100","0"
"Huub_vsids_m+o","","../products-and-shelves/product-and-shelves.mzn","../products-and-shelves/ps-25-02.dzn","OPTIMAL_SOLUTION","1.0052747195586562","7","3250","4830","0","867","0.332647","","1547","1750","2990","0.193454","minimize","3901","5","0","250","S(6)","results_prod_shelf","0.061205","2350","1550","20563","200032","complete","3980","0"
"Huub_vsids_m+s","","../products-and-shelves/product-and-shelves.mzn","../products-and-shelves/ps-100-19.dzn","OPTIMAL_SOLUTION","174.91515017021447","1387","68144","102200","0","69347","5.29298","","30197","35000","53261","166.479474","minimize","79145","12","0","5000","S(30)","results_prod_shelf","1.20982","49000","30200","2589112","76503205","complete","83200","0"
"Huub_vsids_m+s","","../products-and-shelves/product-and-shelves.mzn","../products-and-shelves/ps-75-13.dzn","OPTIMAL_SOLUTION","245.07695636339486","5371","31091","46410","0","296088","2.31832","","13647","15750","25703","241.194629","minimize","35892","14","0","2250","S(13)","results_prod_shelf","0.55338","22200","13650","2717827","105839650","complete","37710","0"
"Huub_vsids_decomp","","../products-and-shelves/product-and-shelves.mzn","../products-and-shelves/ps-75-11.dzn","OPTIMAL_SOLUTION","121.25943083502352","251","529568","45150","0","24731","42.1533","499500","13647","15750","990406","57.723686","minimize","534819","8","0","2250","S(13)","results_prod_shelf","8.116295","105000","13650","9052535","308014646","complete","536400","0"
"Huub_vsids_basic","","../products-and-shelves/product-and-shelves.mzn","../products-and-shelves/ps-100-18.dzn","UNKNOWN","1202.2187734730542","31","69246","103600","0","89460","5.44334","","30197","35000","55890","1193.368885","minimize","79747","0","0","5000","","results_prod_shelf","1.274361","49500","30200","19260436","445667157","complete","84100","0"
"Huub_free_s+o","","../products-and-shelves/product-and-shelves.mzn","../products-and-shelves/ps-25-04.dzn","OPTIMAL_SOLUTION","10.88061155192554","6","3028","4550","0","10115","0.304775","","1547","1750","3637","10.301765","minimize","3779","3","0","250","S(8)","results_prod_shelf","0.057905","2250","1550","809424","9446704","complete","3800","0"
"Huub_free_decomp","","../products-and-shelves/product-and-shelves.mzn","../products-and-shelves/ps-25-02.dzn","OPTIMAL_SOLUTION","2.818945525214076","0","21240","4830","0","586","1.63579","18000","1547","1750","36450","0.26442","minimize","21891","5","0","250","S(6)","results_prod_shelf","0.293636","5350","1550","188626","1693623","complete","21980","0"
"Huub_vsids_s+o","","../products-and-shelves/product-and-shelves.mzn","../products-and-shelves/ps-25-03.dzn","OPTIMAL_SOLUTION","1.9460706124082208","32","3250","4830","0","2860","0.32231","","1547","1750","3297","1.357272","minimize","3901","6","0","250","S(4)","results_prod_shelf","0.061556","2350","1550","100677","1163119","complete","3980","0"
"Huub_vsids_decomp","","../products-and-shelves/product-and-shelves.mzn","../products-and-shelves/ps-25-04.dzn","OPTIMAL_SOLUTION","3.1784270014613867","32","21018","4550","0","2013","1.5453","18000","1547","1750","36487","0.633253","minimize","21769","2","0","250","S(9)","results_prod_shelf","0.297035","5250","1550","146747","3841430","complete","21800","0"
"Huub_free_m+s","","../products-and-shelves/product-and-shelves.mzn","../products-and-shelves/ps-50-08.dzn","OPTIMAL_SOLUTION","10.032328897155821","156","13726","20440","0","14307","1.11565","","6097","7000","12454","8.197397","minimize","15927","7","0","1000","S(13)","results_prod_shelf","0.25019","9800","6100","204030","5025778","complete","16640","0"
"Huub_free_decomp","","../products-and-shelves/product-and-shelves.mzn","../products-and-shelves/ps-75-15.dzn","OPTIMAL_SOLUTION","109.64712265878916","200","527913","43050","0","12718","44.0802","499500","13647","15750","1014498","43.839459","minimize","533914","4","0","2250","S(8)","results_prod_shelf","8.15976","104250","13650","5643942","284270026","complete","535050","0"
"Huub_free_basic","","../products-and-shelves/product-and-shelves.mzn","../products-and-shelves/ps-75-14.dzn","OPTIMAL_SOLUTION","17.10028411168605","92","30429","45570","0","11060","2.54162","","13647","15750","25160","13.097638","minimize","35530","6","0","2250","S(20)","results_prod_shelf","0.54784","21900","13650","442342","9230132","complete","37170","0"
"Huub_free_basic","","../products-and-shelves/product-and-shelves.mzn","../products-and-shelves/ps-50-06.dzn","OPTIMAL_SOLUTION","627.2633365616202","31","13063","19600","0","136956","1.07846","","6097","7000","14944","625.461808","minimize","15564","5","0","1000","S(16)","results_prod_shelf","0.267141","9500","6100","26763903","391456447","complete","16100","0"
"Huub_free_m+s","","../products-and-shelves/product-and-shelves.mzn","../products-and-shelves/ps-75-12.dzn","SATISFIED","1200.9503380209208","1780","30098","45150","0","182950","2.47394","","13647","15750","29474","1196.970427","minimize","35349","8","0","2250","S(16)","results_prod_shelf","0.600518","21750","13650","17966798","407233264","complete","36900","0"
"Huub_vsids_decomp","","../products-and-shelves/product-and-shelves.mzn","../products-and-shelves/ps-75-12.dzn","OPTIMAL_SOLUTION","290.45264460891485","2424","529568","45150","0","64599","42.4329","499500","13647","15750","993654","226.244426","minimize","534819","16","0","2250","S(14)","results_prod_shelf","8.145755","105000","13650","23904400","815948905","complete","536400","0"
"Huub_vsids_basic","","../products-and-shelves/product-and-shelves.mzn","../products-and-shelves/ps-50-10.dzn","OPTIMAL_SOLUTION","493.1877507548779","53","11958","18200","0","172446","1.00532","","6097","7000","26043","491.422384","minimize","14959","7","0","1000","S(6)","results_prod_shelf","0.318323","9000","6100","12007423","105819325","complete","15200","0"
"Huub_free_basic","","../products-and-shelves/product-and-shelves.mzn","../products-and-shelves/ps-75-15.dzn","SATISFIED","1200.9362945565954","141","28443","43050","0","81105","2.32435","","13647","15750","48657","1196.976031","minimize","34444","10","0","2250","S(11)","results_prod_shelf","0.748936","21000","13650","23754277","282848786","complete","35550","0"
"Huub_free_no_gen_bounds","","../products-and-shelves/product-and-shelves.mzn","../products-and-shelves/ps-50-10.dzn","OPTIMAL_SOLUTION","365.4009376950562","91","11958","18200","0","13112","0.994665","","6097","7000","27035","363.67158","minimize","14959","9","0","1000","S(6)","results_prod_shelf","0.299351","9000","6100","2165903","17891225","complete","15200","0"
"Huub_vsids_m+o","","../products-and-shelves/product-and-shelves.mzn","../products-and-shelves/ps-25-04.dzn","OPTIMAL_SOLUTION","1.4965986805036664","94","3028","4550","0","3729","0.335355","","1547","1750","3617","0.727222","minimize","3779","2","0","250","S(9)","results_prod_shelf","0.060226","2250","1550","60365","663273","complete","3800","0"
"Huub_free_s+o","","../products-and-shelves/product-and-shelves.mzn","../products-and-shelves/ps-75-13.dzn","SATISFIED","1200.9487266531214","42","31091","46410","0","520330","2.30623","","13647","15750","25940","1197.165077","minimize","35892","2","0","2250","S(26)","results_prod_shelf","0.564898","22200","13650","16320569","333447136","complete","37710","0"
"Huub_free_no_gen_bounds","","../products-and-shelves/product-and-shelves.mzn","../products-and-shelves/ps-25-04.dzn","OPTIMAL_SOLUTION","3.9879959113895893","141","3028","4550","0","5061","0.319718","","1547","1750","3613","3.36301","minimize","3779","2","0","250","S(9)","results_prod_shelf","0.058304","2250","1550","67098","877516","complete","3800","0"
"Huub_free_no_gen_bounds","","../products-and-shelves/product-and-shelves.mzn","../products-and-shelves/ps-50-08.dzn","OPTIMAL_SOLUTION","35.566431645303965","113","13726","20440","0","4882","1.1312","","6097","7000","12743","33.614329","minimize","15927","5","0","1000","S(13)","results_prod_shelf","0.251174","9800","6100","150381","3220485","complete","16640","0"
"Huub_free_s+o","","../products-and-shelves/product-and-shelves.mzn","../products-and-shelves/ps-75-11.dzn","SATISFIED","1200.9516983600333","84","30098","45150","0","144894","2.5685","","13647","15750","30959","1196.846728","minimize","35349","3","0","2250","S(14)","results_prod_shelf","0.616789","21750","13650","10870234","214453757","complete","36900","0"
"Huub_vsids_m+s","","../products-and-shelves/product-and-shelves.mzn","../products-and-shelves/ps-50-08.dzn","OPTIMAL_SOLUTION","10.013282897882164","156","13726","20440","0","14307","1.15212","","6097","7000","12454","8.070962","minimize","15927","7","0","1000","S(13)","results_prod_shelf","0.25694","9800","6100","204030","5025778","complete","16640","0"
"Huub_free_basic","","../products-and-shelves/product-and-shelves.mzn","../products-and-shelves/ps-75-11.dzn","UNKNOWN","1200.9353117952123","8","30098","45150","0","149074","2.45853","","13647","15750","31028","1196.961545","minimize","35349","0","0","2250","","results_prod_shelf","0.62674","21750","13650","73344712","804503192","complete","36900","0"
"Huub_free_basic","","../products-and-shelves/product-and-shelves.mzn","../products-and-shelves/ps-50-09.dzn","OPTIMAL_SOLUTION","47.733944804407656","5113","13284","19880","0","164897","1.07406","","6097","7000","11523","45.977142","minimize","15685","1","0","1000","S(20)","results_prod_shelf","0.232992","9600","6100","1295191","49226020","complete","16280","0"
"Huub_vsids_m+s","","../products-and-shelves/product-and-shelves.mzn","../products-and-shelves/ps-50-07.dzn","OPTIMAL_SOLUTION","46.636165850795805","121","13063","19600","0","24060","1.08477","","6097","7000","14868","44.697378","minimize","15564","13","0","1000","S(8)","results_prod_shelf","0.273785","9500","6100","1334653","20281861","complete","16100","0"
"Huub_vsids_s+o","","../products-and-shelves/product-and-shelves.mzn","../products-and-shelves/ps-50-08.dzn","OPTIMAL_SOLUTION","467.2642117077485","18","13726","20440","0","309497","1.17473","","6097","7000","12112","465.278363","minimize","15927","8","0","1000","S(13)","results_prod_shelf","0.253317","9800","6100","5688625","271832120","complete","16640","0"
"Huub_free_s+o","","../products-and-shelves/product-and-shelves.mzn","../products-and-shelves/ps-50-07.dzn","OPTIMAL_SOLUTION","137.06818114034832","26","13063","19600","0","64871","1.06648","","6097","7000","14424","135.293678","minimize","15564","7","0","1000","S(8)","results_prod_shelf","0.265798","9500","6100","3499311","56174630","complete","16100","0"
"Huub_free_basic","","../products-and-shelves/product-and-shelves.mzn","../products-and-shelves/ps-100-20.dzn","UNKNOWN","1202.2370417648926","6","64838","98000","0","81087","5.74436","","30197","35000","42871","1192.67807","minimize","77339","0","0","5000","","results_prod_shelf","1.732617","47500","30200","2007911","171046992","complete","80500","0"
"Huub_vsids_m+o","","../products-and-shelves/product-and-shelves.mzn","../products-and-shelves/ps-100-20.dzn","SATISFIED","1202.2624101294205","218","64838","98000","0","39129","5.63238","","30197","35000","97357","1192.711159","minimize","77339","7","0","5000","S(12)","results_prod_shelf","1.777839","47500","30200","11335400","148296497","complete","80500","0"
"Huub_vsids_s+o","","../products-and-shelves/product-and-shelves.mzn","../products-and-shelves/ps-75-11.dzn","SATISFIED","1200.9287831783295","84","30098","45150","0","144891","2.46834","","13647","15750","30959","1196.940243","minimize","35349","3","0","2250","S(14)","results_prod_shelf","0.620053","21750","13650","10869486","214438664","complete","36900","0"
"Huub_free_no_gen_bounds","","../products-and-shelves/product-and-shelves.mzn","../products-and-shelves/ps-75-13.dzn","SATISFIED","1201.02533459384","1644","31091","46410","0","103352","2.41882","","13647","15750","26253","1197.038368","minimize","35892","13","0","2250","S(15)","results_prod_shelf","0.577438","22200","13650","2096650","69655728","complete","37710","0"
"Huub_free_m+o","","../products-and-shelves/product-and-shelves.mzn","../products-and-shelves/ps-100-20.dzn","SATISFIED","1202.1368974056095","218","64838","98000","0","38956","6.0938","","30197","35000","97357","1192.248773","minimize","77339","7","0","5000","S(12)","results_prod_shelf","1.784846","47500","30200","11269301","147453910","complete","80500","0"
"Huub_vsids_s+o","","../products-and-shelves/product-and-shelves.mzn","../products-and-shelves/ps-100-18.dzn","UNKNOWN","1202.207316795364","39","69246","103600","0","54806","5.32742","","30197","35000","56776","1193.519595","minimize","79747","0","0","5000","","results_prod_shelf","1.260688","49500","30200","35860587","565677386","complete","84100","0"
"Huub_free_m+s","","../products-and-shelves/product-and-shelves.mzn","../products-and-shelves/ps-25-04.dzn","OPTIMAL_SOLUTION","2.246135444380343","99","3028","4550","0","7498","0.346422","","1547","1750","3715","1.441289","minimize","3779","2","0","250","S(9)","results_prod_shelf","0.057984","2250","1550","93740","1233727","complete","3800","0"
"Huub_vsids_decomp","","../products-and-shelves/product-and-shelves.mzn","../products-and-shelves/ps-75-15.dzn","OPTIMAL_SOLUTION","108.06556349247694","200","527913","43050","0","12718","43.2131","499500","13647","15750","1014498","43.61804","minimize","533914","4","0","2250","S(8)","results_prod_shelf","8.108552","104250","13650","5643942","284270026","complete","535050","0"
"Huub_vsids_no_gen_bounds","","../products-and-shelves/product-and-shelves.mzn","../products-and-shelves/ps-25-01.dzn","OPTIMAL_SOLUTION","2.8771313969045877","420","3107","4620","0","17740","0.309882","","1485","1680","3288","2.234962","minimize","3738","4","0","240","S(5)","results_prod_shelf","0.060275","2250","1488","98434","1426430","complete","3810","0"
"Huub_vsids_m+s","","../products-and-shelves/product-and-shelves.mzn","../products-and-shelves/ps-75-12.dzn","SATISFIED","1201.130735842511","1780","30098","45150","0","182115","2.5835","","13647","15750","29474","1196.853007","minimize","35349","8","0","2250","S(16)","results_prod_shelf","0.608507","21750","13650","17857700","404182203","complete","36900","0"
"Huub_vsids_decomp","","../products-and-shelves/product-and-shelves.mzn","../products-and-shelves/ps-25-03.dzn","OPTIMAL_SOLUTION","2.818109093233943","16","21240","4830","0","581","1.56489","18000","1547","1750","36451","0.33471","minimize","21891","4","0","250","S(4)","results_prod_shelf","0.300621","5350","1550","157215","2177339","complete","21980","0"
"Huub_vsids_basic","","../products-and-shelves/product-and-shelves.mzn","../products-and-shelves/ps-100-16.dzn","UNKNOWN","1202.155930028297","8","67593","101500","0","73339","5.51568","","30197","35000","11076","1193.14768","minimize","78844","0","0","5000","","results_prod_shelf","1.459748","48750","30200","1616154","351366542","complete","82750","0"
"Huub_free_no_gen_bounds","","../products-and-shelves/product-and-shelves.mzn","../products-and-shelves/ps-50-09.dzn","OPTIMAL_SOLUTION","152.10456322412938","3217","13284","19880","0","75630","1.09213","","6097","7000","11290","150.296629","minimize","15685","2","0","1000","S(19)","results_prod_shelf","0.227944","9600","6100","727949","24892316","complete","16280","0"
"Huub_vsids_m+o","","../products-and-shelves/product-and-shelves.mzn","../products-and-shelves/ps-50-08.dzn","OPTIMAL_SOLUTION","6.483096421696246","43","13726","20440","0","3999","1.14783","","6097","7000","12497","4.471614","minimize","15927","8","0","1000","S(13)","results_prod_shelf","0.25453","9800","6100","188236","3765377","complete","16640","0"
"Huub_free_m+s","","../products-and-shelves/product-and-shelves.mzn","../products-and-shelves/ps-75-14.dzn","OPTIMAL_SOLUTION","20.309666049666703","184","30429","45570","0","4465","2.49808","","13647","15750","25521","16.353641","minimize","35530","5","0","2250","S(20)","results_prod_shelf","0.543361","21900","13650","370093","8115283","complete","37170","0"
"Huub_free_m+o","","../products-and-shelves/product-and-shelves.mzn","../products-and-shelves/ps-75-14.dzn","OPTIMAL_SOLUTION","15.067317585460842","133","30429","45570","0","2548","2.4912","","13647","15750","25577","11.122341","minimize","35530","3","0","2250","S(20)","results_prod_shelf","0.544527","21900","13650","257463","6281366","complete","37170","0"
"Huub_vsids_s+o","","../products-and-shelves/product-and-shelves.mzn","../products-and-shelves/ps-50-06.dzn","OPTIMAL_SOLUTION","468.57332512084395","20","13063","19600","0","148628","1.06665","","6097","7000","14912","466.781464","minimize","15564","2","0","1000","S(16)","results_prod_shelf","0.264522","9500","6100","10995228","165322077","complete","16100","0"
"Huub_free_m+o","","../products-and-shelves/product-and-shelves.mzn","../products-and-shelves/ps-25-04.dzn","OPTIMAL_SOLUTION","1.2841329323127866","94","3028","4550","0","3729","0.306668","","1547","1750","3617","0.722666","minimize","3779","2","0","250","S(9)","results_prod_shelf","0.05912","2250","1550","60365","663273","complete","3800","0"
"Huub_vsids_decomp","","../products-and-shelves/product-and-shelves.mzn","../products-and-shelves/ps-100-20.dzn","OPTIMAL_SOLUTION","427.71272952109575","259","1549788","98000","0","24775","130.406","1485000","30197","35000","2998709","233.291171","minimize","1562289","11","0","5000","S(11)","results_prod_shelf","24.794315","295000","30200","38135809","1799939457","complete","1565500","0"
"Huub_free_s+o","","../products-and-shelves/product-and-shelves.mzn","../products-and-shelves/ps-75-14.dzn","OPTIMAL_SOLUTION","17.298585440032184","94","30429","45570","0","4361","2.51377","","13647","15750","25618","13.306339","minimize","35530","7","0","2250","S(20)","results_prod_shelf","0.541045","21900","13650","357980","6330970","complete","37170","0"
"Huub_vsids_m+s","","../products-and-shelves/product-and-shelves.mzn","../products-and-shelves/ps-50-10.dzn","OPTIMAL_SOLUTION","24.107275430113077","51","11958","18200","0","5297","1.07611","","6097","7000","26454","22.244631","minimize","14959","5","0","1000","S(6)","results_prod_shelf","0.304424","9000","6100","847315","7383657","complete","15200","0"
"Huub_vsids_m+o","","../products-and-shelves/product-and-shelves.mzn","../products-and-shelves/ps-50-07.dzn","OPTIMAL_SOLUTION","11.083782682195306","119","13063","19600","0","4935","1.1276","","6097","7000","15382","9.226307","minimize","15564","4","0","1000","S(8)","results_prod_shelf","0.269817","9500","6100","325581","4691207","complete","16100","0"
"Huub_vsids_basic","","../products-and-shelves/product-and-shelves.mzn","../products-and-shelves/ps-25-01.dzn","OPTIMAL_SOLUTION","7.618332289159298","535","3107","4620","0","58195","0.301449","","1485","1680","3083","7.073679","minimize","3738","6","0","240","S(5)","results_prod_shelf","0.055961","2250","1488","294566","5922787","complete","3810","0"
"Huub_free_decomp","","../products-and-shelves/product-and-shelves.mzn","../products-and-shelves/ps-25-01.dzn","OPTIMAL_SOLUTION","4.231694414280355","686","19657","4620","0","14022","1.51422","16560","1485","1680","32714","1.881771","minimize","20288","6","0","240","S(5)","results_prod_shelf","0.277644","5010","1488","349982","8997637","complete","20370","0"
"Huub_free_decomp","","../products-and-shelves/product-and-shelves.mzn","../products-and-shelves/ps-50-10.dzn","OPTIMAL_SOLUTION","23.682222503237426","19","158938","18200","0","1077","12.3453","147000","6097","7000","309992","5.089714","minimize","161939","5","0","1000","S(6)","results_prod_shelf","2.345985","33500","6100","1846305","51897834","complete","162200","0"
"Huub_vsids_decomp","","../products-and-shelves/product-and-shelves.mzn","../products-and-shelves/ps-50-08.dzn","OPTIMAL_SOLUTION","22.72840552777052","20","160706","20440","0","927","12.939","147000","6097","7000","287613","3.250513","minimize","162907","4","0","1000","S(13)","results_prod_shelf","2.351256","34300","6100","1178079","20928135","complete","163640","0"
"Huub_vsids_no_gen_bounds","","../products-and-shelves/product-and-shelves.mzn","../products-and-shelves/ps-25-03.dzn","OPTIMAL_SOLUTION","1.019397716037929","19","3250","4830","0","773","0.323404","","1547","1750","3319","0.227969","minimize","3901","5","0","250","S(4)","results_prod_shelf","0.061971","2350","1550","23823","210133","complete","3980","0"
"Huub_free_m+s","","../products-and-shelves/product-and-shelves.mzn","../products-and-shelves/ps-100-20.dzn","SATISFIED","1202.1741740675643","108","64838","98000","0","57957","5.65407","","30197","35000","92282","1192.819048","minimize","77339","1","0","5000","S(16)","results_prod_shelf","1.686624","47500","30200","7408592","159263611","complete","80500","0"
"Huub_vsids_m+s","","../products-and-shelves/product-and-shelves.mzn","../products-and-shelves/ps-100-16.dzn","SATISFIED","1202.0823799511418","87","67593","101500","0","52522","5.38807","","30197","35000","67155","1193.295461","minimize","78844","6","0","5000","S(20)","results_prod_shelf","1.375372","48750","30200","10365669","210518361","complete","82750","0"
"Huub_free_basic","","../products-and-shelves/product-and-shelves.mzn","../products-and-shelves/ps-25-05.dzn","OPTIMAL_SOLUTION","2.8191000064834952","30","2917","4410","0","5581","0.344877","","1547","1750","3812","2.21291","minimize","3718","1","0","250","S(10)","results_prod_shelf","0.060513","2200","1550","227846","2489200","complete","3710","0"
"Huub_vsids_basic","","../products-and-shelves/product-and-shelves.mzn","../products-and-shelves/ps-50-06.dzn","OPTIMAL_SOLUTION","629.9118794379756","31","13063","19600","0","136956","1.06807","","6097","7000","14944","628.113373","minimize","15564","5","0","1000","S(16)","results_prod_shelf","0.268583","9500","6100","26763903","391456447","complete","16100","0"
"Huub_free_m+o","","../products-and-shelves/product-and-shelves.mzn","../products-and-shelves/ps-75-11.dzn","OPTIMAL_SOLUTION","105.82168354373425","648","30098","45150","0","57602","2.4472","","13647","15750","31457","101.855371","minimize","35349","9","0","2250","S(13)","results_prod_shelf","0.630108","21750","13650","1705743","31848073","complete","36900","0"
"Huub_vsids_no_gen_bounds","","../products-and-shelves/product-and-shelves.mzn","../products-and-shelves/ps-100-18.dzn","OPTIMAL_SOLUTION","613.2763557042927","5942","69246","103600","0","259571","5.4179","","30197","35000","57290","604.434258","minimize","79747","25","0","5000","S(17)","results_prod_shelf","1.295571","49500","30200","6611886","229350374","complete","84100","0"
"Huub_free_m+o","","../products-and-shelves/product-and-shelves.mzn","../products-and-shelves/ps-25-02.dzn","OPTIMAL_SOLUTION","0.7682908857241273","7","3250","4830","0","867","0.318922","","1547","1750","2990","0.193344","minimize","3901","5","0","250","S(6)","results_prod_shelf","0.059043","2350","1550","20563","200032","complete","3980","0"
"Huub_vsids_no_gen_bounds","","../products-and-shelves/product-and-shelves.mzn","../products-and-shelves/ps-25-04.dzn","OPTIMAL_SOLUTION","1.5601675789803267","61","3028","4550","0","3749","0.321628","","1547","1750","3537","0.817807","minimize","3779","2","0","250","S(9)","results_prod_shelf","0.058495","2250","1550","70220","698339","complete","3800","0"
"Huub_free_no_gen_bounds","","../products-and-shelves/product-and-shelves.mzn","../products-and-shelves/ps-75-12.dzn","SATISFIED","1200.9534470383078","350","30098","45150","0","42459","2.45598","","13647","15750","29426","1196.979959","minimize","35349","2","0","2250","S(18)","results_prod_shelf","0.594716","21750","13650","2350534","51257437","complete","36900","0"
"Huub_vsids_m+s","","../products-and-shelves/product-and-shelves.mzn","../products-and-shelves/ps-50-09.dzn","OPTIMAL_SOLUTION","48.748581156134605","4526","13284","19880","0","154113","1.18659","","6097","7000","11195","46.856738","minimize","15685","1","0","1000","S(20)","results_prod_shelf","0.229158","9600","6100","979970","40406170","complete","16280","0"
"Huub_free_decomp","","../products-and-shelves/product-and-shelves.mzn","../products-and-shelves/ps-75-14.dzn","OPTIMAL_SOLUTION","97.73813223000616","156","529899","45570","0","2132","43.319","499500","13647","15750","969723","32.693677","minimize","535000","5","0","2250","S(20)","results_prod_shelf","8.215438","105150","13650","5145864","148620975","complete","536670","0"
"Huub_vsids_decomp","","../products-and-shelves/product-and-shelves.mzn","../products-and-shelves/ps-25-05.dzn","OPTIMAL_SOLUTION","2.8810925725847483","21","20907","4410","0","825","1.56217","18000","1547","1750","36510","0.400121","minimize","21708","1","0","250","S(10)","results_prod_shelf","0.294538","5200","1550","69604","2069431","complete","21710","0"
"Huub_vsids_m+s","","../products-and-shelves/product-and-shelves.mzn","../products-and-shelves/ps-75-14.dzn","OPTIMAL_SOLUTION","20.348955421708524","184","30429","45570","0","4465","2.51037","","13647","15750","25521","16.360592","minimize","35530","5","0","2250","S(20)","results_prod_shelf","0.544597","21900","13650","370093","8115283","complete","37170","0"
"Huub_vsids_s+o","","../products-and-shelves/product-and-shelves.mzn","../products-and-shelves/ps-75-13.dzn","SATISFIED","1201.0691500892863","42","31091","46410","0","520090","2.34931","","13647","15750","25940","1197.105339","minimize","35892","2","0","2250","S(26)","results_prod_shelf","0.576837","22200","13650","15602390","322290112","complete","37710","0"
"Huub_free_basic","","../products-and-shelves/product-and-shelves.mzn","../products-and-shelves/ps-25-01.dzn","OPTIMAL_SOLUTION","7.694072741083801","535","3107","4620","0","58195","0.319268","","1485","1680","3083","7.123764","minimize","3738","6","0","240","S(5)","results_prod_shelf","0.056652","2250","1488","294566","5922787","complete","3810","0"
"Huub_vsids_no_gen_bounds","","../products-and-shelves/product-and-shelves.mzn","../products-and-shelves/ps-75-11.dzn","OPTIMAL_SOLUTION","95.47403366491199","620","30098","45150","0","51898","2.49068","","13647","15750","31455","91.373117","minimize","35349","8","0","2250","S(13)","results_prod_shelf","0.637503","21750","13650","1549385","29093138","complete","36900","0"
"Huub_free_basic","","../products-and-shelves/product-and-shelves.mzn","../products-and-shelves/ps-100-18.dzn","UNKNOWN","1202.372818515636","31","69246","103600","0","88897","5.48384","","30197","35000","55890","1193.319432","minimize","79747","0","0","5000","","results_prod_shelf","1.281687","49500","30200","19245179","442121245","complete","84100","0"
"Huub_vsids_decomp","","../products-and-shelves/product-and-shelves.mzn","../products-and-shelves/ps-25-01.dzn","OPTIMAL_SOLUTION","4.072782347910106","686","19657","4620","0","14022","1.41003","16560","1485","1680","32714","1.824266","minimize","20288","6","0","240","S(5)","results_prod_shelf","0.270866","5010","1488","349982","8997637","complete","20370","0"
"Huub_vsids_m+o","","../products-and-shelves/product-and-shelves.mzn","../products-and-shelves/ps-100-17.dzn","OPTIMAL_SOLUTION","368.6711745997891","835","68144","102200","0","78617","5.65799","","30197","35000","61896","359.478353","minimize","79145","16","0","5000","S(24)","results_prod_shelf","1.41937","49000","30200","6172572","130859915","complete","83200","0"
"Huub_vsids_basic","","../products-and-shelves/product-and-shelves.mzn","../products-and-shelves/ps-100-17.dzn","UNKNOWN","1202.4470362048596","57","68144","102200","0","637739","5.51169","","30197","35000","65932","1193.435871","minimize","79145","0","0","5000","","results_prod_shelf","1.403644","49000","30200","4652190","163871944","complete","83200","0"
"Huub_vsids_basic","","../products-and-shelves/product-and-shelves.mzn","../products-and-shelves/ps-25-02.dzn","OPTIMAL_SOLUTION","3.8674339717254043","15","3250","4830","0","12290","0.31219","","1547","1750","3119","3.303534","minimize","3901","4","0","250","S(6)","results_prod_shelf","0.059313","2350","1550","337968","4487960","complete","3980","0"
"Huub_vsids_s+o","","../products-and-shelves/product-and-shelves.mzn","../products-and-shelves/ps-75-14.dzn","OPTIMAL_SOLUTION","17.328193365596235","94","30429","45570","0","4361","2.51404","","13647","15750","25618","13.346199","minimize","35530","7","0","2250","S(20)","results_prod_shelf","0.546036","21900","13650","357980","6330970","complete","37170","0"
"Huub_free_m+o","","../products-and-shelves/product-and-shelves.mzn","../products-and-shelves/ps-50-06.dzn","OPTIMAL_SOLUTION","154.76205985806882","204","13063","19600","0","16431","1.05904","","6097","7000","16068","152.871433","minimize","15564","3","0","1000","S(17)","results_prod_shelf","0.267046","9500","6100","8071622","114200967","complete","16100","0"
"Huub_free_decomp","","../products-and-shelves/product-and-shelves.mzn","../products-and-shelves/ps-100-16.dzn","OPTIMAL_SOLUTION","380.3141846442595","136","1552543","101500","0","27387","132.014999","1485000","30197","35000","2958248","183.604271","minimize","1563794","3","0","5000","S(16)","results_prod_shelf","24.936943","296250","30200","26659600","610605069","complete","1567750","0"
"Huub_vsids_m+o","","../products-and-shelves/product-and-shelves.mzn","../products-and-shelves/ps-50-09.dzn","OPTIMAL_SOLUTION","48.039119181223214","5467","13284","19880","0","142274","1.10745","","6097","7000","11280","46.152407","minimize","15685","1","0","1000","S(20)","results_prod_shelf","0.232163","9600","6100","995544","42701453","complete","16280","0"
"Huub_free_decomp","","../products-and-shelves/product-and-shelves.mzn","../products-and-shelves/ps-50-08.dzn","OPTIMAL_SOLUTION","22.34160645212978","20","160706","20440","0","927","12.6672","147000","6097","7000","287613","3.219491","minimize","162907","4","0","1000","S(13)","results_prod_shelf","2.355067","34300","6100","1178079","20928135","complete","163640","0"
"Huub_free_m+s","","../products-and-shelves/product-and-shelves.mzn","../products-and-shelves/ps-25-05.dzn","OPTIMAL_SOLUTION","1.3554360819980502","56","2917","4410","0","2265","0.313293","","1547","1750","3708","0.711575","minimize","3718","1","0","250","S(10)","results_prod_shelf","0.058824","2200","1550","49596","602532","complete","3710","0"
"Huub_free_basic","","../products-and-shelves/product-and-shelves.mzn","../products-and-shelves/ps-100-19.dzn","OPTIMAL_SOLUTION","109.05269135441631","255","68144","102200","0","80726","5.34592","","30197","35000","52587","100.488945","minimize","79145","16","0","5000","S(30)","results_prod_shelf","1.221199","49000","30200","2796859","82538370","complete","83200","0"
"Huub_free_s+o","","../products-and-shelves/product-and-shelves.mzn","../products-and-shelves/ps-100-16.dzn","UNKNOWN","1202.0556145645678","6","67593","101500","0","127899","5.57521","","30197","35000","11035","1193.102034","minimize","78844","0","0","5000","","results_prod_shelf","1.438756","48750","30200","1140452","307493064","complete","82750","0"
"Huub_free_no_gen_bounds","","../products-and-shelves/product-and-shelves.mzn","../products-and-shelves/ps-25-02.dzn","OPTIMAL_SOLUTION","1.4356505619361997","6","3250","4830","0","995","0.347946","","1547","1750","2959","0.654374","minimize","3901","5","0","250","S(6)","results_prod_shelf","0.059752","2350","1550","19907","186693","complete","3980","0"
"Huub_vsids_basic","","../products-and-shelves/product-and-shelves.mzn","../products-and-shelves/ps-25-05.dzn","OPTIMAL_SOLUTION","2.7751592732965946","30","2917","4410","0","5581","0.315577","","1547","1750","3812","2.209719","minimize","3718","1","0","250","S(10)","results_prod_shelf","0.060537","2200","1550","227846","2489200","complete","3710","0"
"Huub_free_m+s","","../products-and-shelves/product-and-shelves.mzn","../products-and-shelves/ps-75-13.dzn","OPTIMAL_SOLUTION","246.62381967902184","5371","31091","46410","0","296088","2.52381","","13647","15750","25703","242.574785","minimize","35892","14","0","2250","S(13)","results_prod_shelf","0.563241","22200","13650","2717827","105839650","complete","37710","0"
"Huub_vsids_m+s","","../products-and-shelves/product-and-shelves.mzn","../products-and-shelves/ps-25-03.dzn","OPTIMAL_SOLUTION","1.3008557204157114","24","3250","4830","0","1391","0.32372","","1547","1750","3306","0.63297","minimize","3901","5","0","250","S(4)","results_prod_shelf","0.061625","2350","1550","57014","645608","complete","3980","0"
"Huub_free_m+s","","../products-and-shelves/product-and-shelves.mzn","../products-and-shelves/ps-75-15.dzn","SATISFIED","1200.8866012431681","123","28443","43050","0","69610","2.22671","","13647","15750","48356","1197.104772","minimize","34444","5","0","2250","S(10)","results_prod_shelf","0.7078","21000","13650","45131242","505190388","complete","35550","0"
"Huub_free_no_gen_bounds","","../products-and-shelves/product-and-shelves.mzn","../products-and-shelves/ps-25-01.dzn","OPTIMAL_SOLUTION","7.783542881719768","393","3107","4620","0","20738","0.303702","","1485","1680","3268","7.229369","minimize","3738","6","0","240","S(5)","results_prod_shelf","0.056605","2250","1488","142697","2311809","complete","3810","0"
"Huub_free_s+o","","../products-and-shelves/product-and-shelves.mzn","../products-and-shelves/ps-100-19.dzn","OPTIMAL_SOLUTION","203.41277475189418","1277","68144","102200","0","79987","5.25952","","30197","35000","52754","195.018293","minimize","79145","16","0","5000","S(30)","results_prod_shelf","1.173638","49000","30200","3013708","86382219","complete","83200","0"
"Huub_free_m+s","","../products-and-shelves/product-and-shelves.mzn","../products-and-shelves/ps-75-11.dzn","SATISFIED","1201.0762096876279","367","30098","45150","0","212590","2.56327","","13647","15750","30642","1196.850142","minimize","35349","7","0","2250","S(13)","results_prod_shelf","0.628974","21750","13650","10799413","320577564","complete","36900","0"
"Huub_free_decomp","","../products-and-shelves/product-and-shelves.mzn","../products-and-shelves/ps-25-03.dzn","OPTIMAL_SOLUTION","2.815512977540493","16","21240","4830","0","581","1.56983","18000","1547","1750","36451","0.32843","minimize","21891","4","0","250","S(4)","results_prod_shelf","0.299777","5350","1550","157215","2177339","complete","21980","0"
"Huub_vsids_no_gen_bounds","","../products-and-shelves/product-and-shelves.mzn","../products-and-shelves/ps-50-09.dzn","OPTIMAL_SOLUTION","58.32772085350007","6655","13284","19880","0","162261","1.07622","","6097","7000","11126","56.488166","minimize","15685","1","0","1000","S(20)","results_prod_shelf","0.232022","9600","6100","1308619","48811388","complete","16280","0"
"Huub_free_m+o","","../products-and-shelves/product-and-shelves.mzn","../products-and-shelves/ps-25-05.dzn","OPTIMAL_SOLUTION","1.074972135014832","28","2917","4410","0","1205","0.337451","","1547","1750","3833","0.389676","minimize","3718","1","0","250","S(10)","results_prod_shelf","0.061042","2200","1550","36711","351014","complete","3710","0"
"Huub_vsids_m+s","","../products-and-shelves/product-and-shelves.mzn","../products-and-shelves/ps-75-11.dzn","SATISFIED","1201.0215950757265","368","30098","45150","0","213459","2.48661","","13647","15750","30642","1196.937892","minimize","35349","7","0","2250","S(13)","results_prod_shelf","0.615843","21750","13650","10870571","323372240","complete","36900","0"
"Huub_vsids_no_gen_bounds","","../products-and-shelves/product-and-shelves.mzn","../products-and-shelves/ps-25-05.dzn","OPTIMAL_SOLUTION","1.0904200365766883","41","2917","4410","0","1381","0.320456","","1547","1750","3833","0.428249","minimize","3718","1","0","250","S(10)","results_prod_shelf","0.063324","2200","1550","35641","344480","complete","3710","0"
"Huub_vsids_m+o","","../products-and-shelves/product-and-shelves.mzn","../products-and-shelves/ps-25-03.dzn","OPTIMAL_SOLUTION","0.8111881306394935","19","3250","4830","0","774","0.323388","","1547","1750","3319","0.212428","minimize","3901","5","0","250","S(4)","results_prod_shelf","0.060982","2350","1550","23815","210120","complete","3980","0"
"Huub_free_s+o","","../products-and-shelves/product-and-shelves.mzn","../products-and-shelves/ps-50-08.dzn","OPTIMAL_SOLUTION","458.7995855184272","18","13726","20440","0","309497","1.13344","","6097","7000","12112","456.938038","minimize","15927","8","0","1000","S(13)","results_prod_shelf","0.257003","9800","6100","5688625","271832120","complete","16640","0"
"Huub_free_decomp","","../products-and-shelves/product-and-shelves.mzn","../products-and-shelves/ps-75-11.dzn","OPTIMAL_SOLUTION","122.35220114234835","251","529568","45150","0","24731","42.5395","499500","13647","15750","990406","58.199119","minimize","534819","8","0","2250","S(13)","results_prod_shelf","8.100061","105000","13650","9052535","308014646","complete","536400","0"
"Huub_free_no_gen_bounds","","../products-and-shelves/product-and-shelves.mzn","../products-and-shelves/ps-25-05.dzn","OPTIMAL_SOLUTION","5.166632593609393","20","2917","4410","0","2685","0.338664","","1547","1750","3870","4.488234","minimize","3718","1","0","250","S(10)","results_prod_shelf","0.059499","2200","1550","90742","1362494","complete","3710","0"
"Huub_free_m+o","","../products-and-shelves/product-and-shelves.mzn","../products-and-shelves/ps-50-09.dzn","OPTIMAL_SOLUTION","47.88827661704272","5467","13284","19880","0","142274","1.07486","","6097","7000","11280","46.129216","minimize","15685","1","0","1000","S(20)","results_prod_shelf","0.230848","9600","6100","995544","42701453","complete","16280","0"
"Huub_vsids_m+o","","../products-and-shelves/product-and-shelves.mzn","../products-and-shelves/ps-25-01.dzn","OPTIMAL_SOLUTION","3.362593454308808","545","3107","4620","0","21562","0.310919","","1485","1680","3438","2.714115","minimize","3738","4","0","240","S(5)","results_prod_shelf","0.058947","2250","1488","102214","1851716","complete","3810","0"
"Huub_vsids_decomp","","../products-and-shelves/product-and-shelves.mzn","../products-and-shelves/ps-50-06.dzn","OPTIMAL_SOLUTION","23.841831911355257","11","160043","19600","0","1686","12.3237","147000","6097","7000","291410","5.005407","minimize","162544","2","0","1000","S(15)","results_prod_shelf","2.342404","34000","6100","744749","30596871","complete","163100","0"
"Huub_free_m+o","","../products-and-shelves/product-and-shelves.mzn","../products-and-shelves/ps-50-10.dzn","OPTIMAL_SOLUTION","26.915800682269037","60","11958","18200","0","3775","0.994813","","6097","7000","26804","25.177602","minimize","14959","6","0","1000","S(6)","results_prod_shelf","0.315997","9000","6100","1790972","13512565","complete","15200","0"
"Huub_free_decomp","","../products-and-shelves/product-and-shelves.mzn","../products-and-shelves/ps-100-18.dzn","OPTIMAL_SOLUTION","933.0653756875545","3216","1554196","103600","0","98246","132.408999","1485000","30197","35000","2944219","734.749389","minimize","1564697","31","0","5000","S(17)","results_prod_shelf","24.647296","297000","30200","106304095","2327796604","complete","1569100","0"
"Huub_vsids_m+s","","../products-and-shelves/product-and-shelves.mzn","../products-and-shelves/ps-75-15.dzn","SATISFIED","1200.932998352684","123","28443","43050","0","69659","2.26944","","13647","15750","48356","1197.053552","minimize","34444","5","0","2250","S(10)","results_prod_shelf","0.714913","21000","13650","45136533","505251285","complete","35550","0"
"Huub_free_m+s","","../products-and-shelves/product-and-shelves.mzn","../products-and-shelves/ps-100-18.dzn","OPTIMAL_SOLUTION","1056.677434979938","8997","69246","103600","0","611724","5.60918","","30197","35000","55991","1047.674697","minimize","79747","17","0","5000","S(17)","results_prod_shelf","1.262362","49500","30200","8330364","366686362","complete","84100","0"
"Huub_vsids_m+s","","../products-and-shelves/product-and-shelves.mzn","../products-and-shelves/ps-50-06.dzn","OPTIMAL_SOLUTION","12.033744433894753","154","13063","19600","0","7117","1.06091","","6097","7000","15079","10.14503","minimize","15564","6","0","1000","S(15)","results_prod_shelf","0.252193","9500","6100","464196","5228467","complete","16100","0"
"Huub_vsids_s+o","","../products-and-shelves/product-and-shelves.mzn","../products-and-shelves/ps-50-09.dzn","OPTIMAL_SOLUTION","52.822807071730494","4268","13284","19880","0","149174","1.14202","","6097","7000","11645","50.97582","minimize","15685","1","0","1000","S(20)","results_prod_shelf","0.233596","9600","6100","1034860","39952375","complete","16280","0"
"Huub_vsids_basic","","../products-and-shelves/product-and-shelves.mzn","../products-and-shelves/ps-75-13.dzn","UNKNOWN","1201.1503022136167","32","31091","46410","0","165979","2.55055","","13647","15750","26367","1196.902789","minimize","35892","0","0","2250","","results_prod_shelf","0.58717","22200","13650","47437728","1688098516","complete","37710","0"
"Huub_free_no_gen_bounds","","../products-and-shelves/product-and-shelves.mzn","../products-and-shelves/ps-50-07.dzn","OPTIMAL_SOLUTION","287.2790589481592","242","13063","19600","0","35969","1.07841","","6097","7000","15031","285.467225","minimize","15564","8","0","1000","S(8)","results_prod_shelf","0.271618","9500","6100","1534700","23310203","complete","16100","0"
"Huub_free_basic","","../products-and-shelves/product-and-shelves.mzn","../products-and-shelves/ps-50-07.dzn","UNKNOWN","1200.5279122730717","5","13063","19600","0","643638","1.08828","","6097","7000","3258","1198.711518","minimize","15564","0","0","1000","","results_prod_shelf","0.273892","9500","6100","13233343","715022011","complete","16100","0"
"Huub_vsids_basic","","../products-and-shelves/product-and-shelves.mzn","../products-and-shelves/ps-100-20.dzn","UNKNOWN","1202.2283053444698","6","64838","98000","0","80866","6.0049","","30197","35000","42871","1192.435529","minimize","77339","0","0","5000","","results_prod_shelf","1.723412","47500","30200","2001784","170550485","complete","80500","0"
"Huub_vsids_m+o","","../products-and-shelves/product-and-shelves.mzn","../products-and-shelves/ps-100-18.dzn","OPTIMAL_SOLUTION","521.4708917625248","5488","69246","103600","0","255959","5.38059","","30197","35000","57184","512.706043","minimize","79747","28","0","5000","S(17)","results_prod_shelf","1.278371","49500","30200","5918171","220973858","complete","84100","0"
"Huub_free_decomp","","../products-and-shelves/product-and-shelves.mzn","../products-and-shelves/ps-75-12.dzn","OPTIMAL_SOLUTION","295.1541213719174","2424","529568","45150","0","64599","42.3899","499500","13647","15750","993654","231.051502","minimize","534819","16","0","2250","S(14)","results_prod_shelf","8.151301","105000","13650","23904400","815948905","complete","536400","0"
"Huub_vsids_m+o","","../products-and-shelves/product-and-shelves.mzn","../products-and-shelves/ps-50-10.dzn","OPTIMAL_SOLUTION","27.123229912482202","60","11958","18200","0","3775","1.00835","","6097","7000","26804","25.278576","minimize","14959","6","0","1000","S(6)","results_prod_shelf","0.311854","9000","6100","1790972","13512565","complete","15200","0"
"Huub_vsids_m+s","","../products-and-shelves/product-and-shelves.mzn","../products-and-shelves/ps-25-01.dzn","OPTIMAL_SOLUTION","5.880080321803689","615","3107","4620","0","46404","0.329177","","1485","1680","3228","5.207606","minimize","3738","2","0","240","S(5)","results_prod_shelf","0.058752","2250","1488","138622","2909616","complete","3810","0"
"Huub_vsids_no_gen_bounds","","../products-and-shelves/product-and-shelves.mzn","../products-and-shelves/ps-75-13.dzn","OPTIMAL_SOLUTION","116.99812965746969","2897","31091","46410","0","105076","2.47572","","13647","15750","26133","112.76819","minimize","35892","9","0","2250","S(13)","results_prod_shelf","0.586773","22200","13650","1644679","55043032","complete","37710","0"
"Huub_vsids_basic","","../products-and-shelves/product-and-shelves.mzn","../products-and-shelves/ps-75-11.dzn","UNKNOWN","1200.9544146927074","8","30098","45150","0","149086","2.46762","","13647","15750","31028","1196.96444","minimize","35349","0","0","2250","","results_prod_shelf","0.615863","21750","13650","73405102","805161673","complete","36900","0"
"Huub_vsids_decomp","","../products-and-shelves/product-and-shelves.mzn","../products-and-shelves/ps-50-09.dzn","OPTIMAL_SOLUTION","161.58176667336375","3930","160264","19880","0","113196","13.0119","147000","6097","7000","272511","142.038424","minimize","162665","1","0","1000","S(20)","results_prod_shelf","2.309112","34100","6100","4435226","607768661","complete","163280","0"
"Huub_vsids_no_gen_bounds","","../products-and-shelves/product-and-shelves.mzn","../products-and-shelves/ps-50-10.dzn","OPTIMAL_SOLUTION","26.579739428125322","64","11958","18200","0","3810","0.995697","","6097","7000","27119","24.740048","minimize","14959","6","0","1000","S(6)","results_prod_shelf","0.306524","9000","6100","908444","7218911","complete","15200","0"
"Huub_vsids_s+o","","../products-and-shelves/product-and-shelves.mzn","../products-and-shelves/ps-100-19.dzn","OPTIMAL_SOLUTION","207.99687233753502","1277","68144","102200","0","79987","5.53931","","30197","35000","52754","199.244369","minimize","79145","16","0","5000","S(30)","results_prod_shelf","1.218797","49000","30200","3013708","86382219","complete","83200","0"
"Huub_vsids_m+o","","../products-and-shelves/product-and-shelves.mzn","../products-and-shelves/ps-75-11.dzn","OPTIMAL_SOLUTION","106.59508650191128","648","30098","45150","0","57602","2.59227","","13647","15750","31457","102.388847","minimize","35349","9","0","2250","S(13)","results_prod_shelf","0.628194","21750","13650","1705743","31848073","complete","36900","0"
"Huub_vsids_basic","","../products-and-shelves/product-and-shelves.mzn","../products-and-shelves/ps-75-15.dzn","SATISFIED","1200.88324099686","141","28443","43050","0","81043","2.23346","","13647","15750","48657","1197.07188","minimize","34444","10","0","2250","S(11)","results_prod_shelf","0.740678","21000","13650","23732640","282568323","complete","35550","0"
"Huub_free_basic","","../products-and-shelves/product-and-shelves.mzn","../products-and-shelves/ps-100-16.dzn","UNKNOWN","1202.0633420795202","8","67593","101500","0","71935","5.5209","","30197","35000","11076","1193.097596","minimize","78844","0","0","5000","","results_prod_shelf","1.493699","48750","30200","1586388","344388143","complete","82750","0"
"Huub_free_m+s","","../products-and-shelves/product-and-shelves.mzn","../products-and-shelves/ps-25-01.dzn","OPTIMAL_SOLUTION","5.7953566163778305","615","3107","4620","0","46404","0.302993","","1485","1680","3228","5.136929","minimize","3738","2","0","240","S(5)","results_prod_shelf","0.056661","2250","1488","138622","2909616","complete","3810","0"
"Huub_free_s+o","","../products-and-shelves/product-and-shelves.mzn","../products-and-shelves/ps-100-18.dzn","UNKNOWN","1202.1804745281115","39","69246","103600","0","54722","5.3756","","30197","35000","56776","1193.458452","minimize","79747","0","0","5000","","results_prod_shelf","1.274821","49500","30200","35850929","565051440","complete","84100","0"
"Huub_free_basic","","../products-and-shelves/product-and-shelves.mzn","../products-and-shelves/ps-25-04.dzn","OPTIMAL_SOLUTION","2.318275257013738","12","3028","4550","0","11980","0.304753","","1547","1750","3486","1.764866","minimize","3779","2","0","250","S(9)","results_prod_shelf","0.057337","2250","1550","123816","1409476","complete","3800","0"
"Huub_free_s+o","","../products-and-shelves/product-and-shelves.mzn","../products-and-shelves/ps-100-17.dzn","SATISFIED","1202.3068618979305","40","68144","102200","0","586224","5.59745","","30197","35000","65641","1193.240665","minimize","79145","1","0","5000","S(49)","results_prod_shelf","1.395923","49000","30200","3574805","131865111","complete","83200","0"
"Huub_vsids_no_gen_bounds","","../products-and-shelves/product-and-shelves.mzn","../products-and-shelves/ps-75-14.dzn","OPTIMAL_SOLUTION","17.356830730102956","134","30429","45570","0","2684","2.51238","","13647","15750","25308","13.289407","minimize","35530","8","0","2250","S(20)","results_prod_shelf","0.55203","21900","13650","383199","6605094","complete","37170","0"
"Huub_free_m+o","","../products-and-shelves/product-and-shelves.mzn","../products-and-shelves/ps-25-03.dzn","OPTIMAL_SOLUTION","0.799737436696887","19","3250","4830","0","774","0.324849","","1547","1750","3319","0.213159","minimize","3901","5","0","250","S(4)","results_prod_shelf","0.061782","2350","1550","23815","210120","complete","3980","0"
"Huub_free_s+o","","../products-and-shelves/product-and-shelves.mzn","../products-and-shelves/ps-50-10.dzn","SATISFIED","1200.700258590281","8","11958","18200","0","1997836","1.08343","","6097","7000","26177","1198.826892","minimize","14959","3","0","1000","S(8)","results_prod_shelf","0.305475","9000","6100","19701519","234088131","complete","15200","0"
"Huub_free_decomp","","../products-and-shelves/product-and-shelves.mzn","../products-and-shelves/ps-50-09.dzn","OPTIMAL_SOLUTION","161.51471887901425","3930","160264","19880","0","113196","13.079","147000","6097","7000","272511","141.924836","minimize","162665","1","0","1000","S(20)","results_prod_shelf","2.307894","34100","6100","4435226","607768661","complete","163280","0"
"Huub_vsids_basic","","../products-and-shelves/product-and-shelves.mzn","../products-and-shelves/ps-50-07.dzn","UNKNOWN","1200.5350565714762","5","13063","19600","0","636687","1.08153","","6097","7000","3258","1198.718669","minimize","15564","0","0","1000","","results_prod_shelf","0.275781","9500","6100","13070081","706217022","complete","16100","0"
"Huub_free_basic","","../products-and-shelves/product-and-shelves.mzn","../products-and-shelves/ps-100-17.dzn","UNKNOWN","1202.466039233841","57","68144","102200","0","629973","5.6272","","30197","35000","65932","1193.233015","minimize","79145","0","0","5000","","results_prod_shelf","1.476033","49000","30200","4644424","163646199","complete","83200","0"
"Huub_vsids_basic","","../products-and-shelves/product-and-shelves.mzn","../products-and-shelves/ps-50-09.dzn","OPTIMAL_SOLUTION","47.709243348799646","5113","13284","19880","0","164897","1.0909","","6097","7000","11523","45.923685","minimize","15685","1","0","1000","S(20)","results_prod_shelf","0.232211","9600","6100","1295191","49226020","complete","16280","0"
"Huub_vsids_basic","","../products-and-shelves/product-and-shelves.mzn","../products-and-shelves/ps-25-04.dzn","OPTIMAL_SOLUTION","2.3136728620156646","12","3028","4550","0","11980","0.304759","","1547","1750","3486","1.76413","minimize","3779","2","0","250","S(9)","results_prod_shelf","0.057751","2250","1550","123816","1409476","complete","3800","0"
"Huub_free_no_gen_bounds","","../products-and-shelves/product-and-shelves.mzn","../products-and-shelves/ps-100-18.dzn","UNKNOWN","1202.207162745297","163","69246","103600","0","17557","5.40443","","30197","35000","55986","1193.425887","minimize","79747","0","0","5000","","results_prod_shelf","1.282397","49500","30200","849834","29929709","complete","84100","0"
"Huub_vsids_m+o","","../products-and-shelves/product-and-shelves.mzn","../products-and-shelves/ps-75-13.dzn","OPTIMAL_SOLUTION","158.26825925614685","3721","31091","46410","0","155887","2.38422","","13647","15750","26104","154.164477","minimize","35892","16","0","2250","S(13)","results_prod_shelf","0.578377","22200","13650","2256910","76230360","complete","37710","0"
"Huub_vsids_s+o","","../products-and-shelves/product-and-shelves.mzn","../products-and-shelves/ps-100-17.dzn","SATISFIED","1202.3426655223593","40","68144","102200","0","589708","5.57467","","30197","35000","65641","1193.260768","minimize","79145","1","0","5000","S(49)","results_prod_shelf","1.403551","49000","30200","3578292","132034073","complete","83200","0"
"Huub_vsids_no_gen_bounds","","../products-and-shelves/product-and-shelves.mzn","../products-and-shelves/ps-100-20.dzn","OPTIMAL_SOLUTION","1014.1310821408406","285","64838","98000","0","54691","5.58931","","30197","35000","221282","1004.760505","minimize","77339","7","0","5000","S(11)","results_prod_shelf","1.710288","47500","30200","14351476","158627596","complete","80500","0"
"Huub_free_no_gen_bounds","","../products-and-shelves/product-and-shelves.mzn","../products-and-shelves/ps-100-16.dzn","UNKNOWN","1202.0512396311387","66","67593","101500","0","3474","5.58665","","30197","35000","14425","1193.145017","minimize","78844","0","0","5000","","results_prod_shelf","1.376623","48750","30200","611626","22084675","complete","82750","0"
"Huub_free_decomp","","../products-and-shelves/product-and-shelves.mzn","../products-and-shelves/ps-50-07.dzn","OPTIMAL_SOLUTION","24.858590005896986","35","160043","19600","0","1277","12.7334","147000","6097","7000","291448","5.728701","minimize","162544","6","0","1000","S(8)","results_prod_shelf","2.336675","34000","6100","1879272","39079231","complete","163100","0"
"Huub_free_m+s","","../products-and-shelves/product-and-shelves.mzn","../products-and-shelves/ps-25-03.dzn","OPTIMAL_SOLUTION","1.3048865655437112","24","3250","4830","0","1391","0.326135","","1547","1750","3306","0.634296","minimize","3901","5","0","250","S(4)","results_prod_shelf","0.061319","2350","1550","57014","645608","complete","3980","0"
"Huub_vsids_no_gen_bounds","","../products-and-shelves/product-and-shelves.mzn","../products-and-shelves/ps-75-15.dzn","OPTIMAL_SOLUTION","148.0477238027379","158","28443","43050","0","25797","2.40856","","13647","15750","49528","143.961866","minimize","34444","5","0","2250","S(8)","results_prod_shelf","0.738025","21000","13650","2456378","27097625","complete","35550","0"
"Huub_free_no_gen_bounds","","../products-and-shelves/product-and-shelves.mzn","../products-and-shelves/ps-75-11.dzn","SATISFIED","1200.9888553246856","153","30098","45150","0","21496","2.33535","","13647","15750","31077","1197.089379","minimize","35349","4","0","2250","S(15)","results_prod_shelf","0.618285","21750","13650","2533173","48286655","complete","36900","0"
"Huub_vsids_s+o","","../products-and-shelves/product-and-shelves.mzn","../products-and-shelves/ps-100-20.dzn","UNKNOWN","1202.1523612067103","50","64838","98000","0","83273","5.86138","","30197","35000","60377","1192.551603","minimize","77339","0","0","5000","","results_prod_shelf","1.71157","47500","30200","60940276","215688065","complete","80500","0"
"Huub_vsids_s+o","","../products-and-shelves/product-and-shelves.mzn","../products-and-shelves/ps-50-07.dzn","OPTIMAL_SOLUTION","137.62250716984272","26","13063","19600","0","64871","1.15352","","6097","7000","14424","135.733481","minimize","15564","7","0","1000","S(8)","results_prod_shelf","0.27029","9500","6100","3499311","56174630","complete","16100","0"
"Huub_vsids_no_gen_bounds","","../products-and-shelves/product-and-shelves.mzn","../products-and-shelves/ps-50-07.dzn","OPTIMAL_SOLUTION","12.509584362618625","111","13063","19600","0","6482","1.07445","","6097","7000","15338","10.698688","minimize","15564","4","0","1000","S(8)","results_prod_shelf","0.272385","9500","6100","344211","4866519","complete","16100","0"
"Huub_vsids_s+o","","../products-and-shelves/product-and-shelves.mzn","../products-and-shelves/ps-50-10.dzn","SATISFIED","1200.7181004835293","8","11958","18200","0","2011974","0.995734","","6097","7000","26177","1198.915067","minimize","14959","3","0","1000","S(8)","results_prod_shelf","0.307455","9000","6100","19812278","235491499","complete","15200","0"
"Huub_free_no_gen_bounds","","../products-and-shelves/product-and-shelves.mzn","../products-and-shelves/ps-25-03.dzn","OPTIMAL_SOLUTION","10.289181496016681","35","3250","4830","0","2665","0.324675","","1547","1750","3396","9.619948","minimize","3901","6","0","250","S(4)","results_prod_shelf","0.060853","2350","1550","197766","2549342","complete","3980","0"
"Huub_vsids_decomp","","../products-and-shelves/product-and-shelves.mzn","../products-and-shelves/ps-100-16.dzn","OPTIMAL_SOLUTION","390.409968114458","136","1552543","101500","0","27387","132.63","1485000","30197","35000","2958248","192.519865","minimize","1563794","3","0","5000","S(16)","results_prod_shelf","25.128699","296250","30200","26659600","610605069","complete","1567750","0"
"Huub_vsids_m+o","","../products-and-shelves/product-and-shelves.mzn","../products-and-shelves/ps-100-16.dzn","OPTIMAL_SOLUTION","501.82618492562324","1175","67593","101500","0","91109","5.5224","","30197","35000","67222","492.764505","minimize","78844","7","0","5000","S(16)","results_prod_shelf","1.417504","48750","30200","11478267","139088297","complete","82750","0"
"Huub_free_s+o","","../products-and-shelves/product-and-shelves.mzn","../products-and-shelves/ps-25-03.dzn","OPTIMAL_SOLUTION","1.8938915925100446","32","3250","4830","0","2860","0.319739","","1547","1750","3297","1.315167","minimize","3901","6","0","250","S(4)","results_prod_shelf","0.060711","2350","1550","100677","1163119","complete","3980","0"
"Huub_free_m+s","","../products-and-shelves/product-and-shelves.mzn","../products-and-shelves/ps-50-10.dzn","OPTIMAL_SOLUTION","24.04318537376821","51","11958","18200","0","5297","0.996358","","6097","7000","26454","22.318512","minimize","14959","5","0","1000","S(6)","results_prod_shelf","0.306183","9000","6100","847315","7383657","complete","15200","0"
"Huub_free_s+o","","../products-and-shelves/product-and-shelves.mzn","../products-and-shelves/ps-50-06.dzn","OPTIMAL_SOLUTION","467.4455045638606","20","13063","19600","0","148628","1.1027","","6097","7000","14912","465.625005","minimize","15564","2","0","1000","S(16)","results_prod_shelf","0.263062","9500","6100","10995228","165322077","complete","16100","0"
"Huub_vsids_no_gen_bounds","","../products-and-shelves/product-and-shelves.mzn","../products-and-shelves/ps-75-12.dzn","OPTIMAL_SOLUTION","241.83128245268017","2840","30098","45150","0","163121","2.58717","","13647","15750","30219","237.667975","minimize","35349","17","0","2250","S(14)","results_prod_shelf","0.59405","21750","13650","4479150","97618811","complete","36900","0"
"Huub_free_basic","","../products-and-shelves/product-and-shelves.mzn","../products-and-shelves/ps-75-13.dzn","UNKNOWN","1200.960653256625","32","31091","46410","0","166205","2.35268","","13647","15750","26367","1197.104535","minimize","35892","0","0","2250","","results_prod_shelf","0.582883","22200","13650","48084814","1705988903","complete","37710","0"
"Huub_free_decomp","","../products-and-shelves/product-and-shelves.mzn","../products-and-shelves/ps-75-13.dzn","OPTIMAL_SOLUTION","158.11172353476286","2643","530561","46410","0","57242","43.8246","499500","13647","15750","521520","92.367289","minimize","535362","3","0","2250","S(13)","results_prod_shelf","8.191813","105450","13650","3482025","358459023","complete","537210","0"
"Huub_free_decomp","","../products-and-shelves/product-and-shelves.mzn","../products-and-shelves/ps-100-20.dzn","OPTIMAL_SOLUTION","425.2480307519436","259","1549788","98000","0","24775","129.853","1485000","30197","35000","2998709","231.502084","minimize","1562289","11","0","5000","S(11)","results_prod_shelf","24.758048","295000","30200","38135809","1799939457","complete","1565500","0"
"Huub_free_m+o","","../products-and-shelves/product-and-shelves.mzn","../products-and-shelves/ps-50-08.dzn","OPTIMAL_SOLUTION","6.381745487451553","43","13726","20440","0","3999","1.12029","","6097","7000","12497","4.534616","minimize","15927","8","0","1000","S(13)","results_prod_shelf","0.256951","9800","6100","188236","3765377","complete","16640","0"
"Huub_free_m+o","","../products-and-shelves/product-and-shelves.mzn","../products-and-shelves/ps-75-15.dzn","OPTIMAL_SOLUTION","188.02643779758364","117","28443","43050","0","33830","2.25516","","13647","15750","49981","184.187442","minimize","34444","6","0","2250","S(8)","results_prod_shelf","0.737359","21000","13650","3206938","38371731","complete","35550","0"
"Huub_vsids_m+o","","../products-and-shelves/product-and-shelves.mzn","../products-and-shelves/ps-75-14.dzn","OPTIMAL_SOLUTION","15.109586173668504","133","30429","45570","0","2548","2.49887","","13647","15750","25577","11.154751","minimize","35530","3","0","2250","S(20)","results_prod_shelf","0.545844","21900","13650","257463","6281366","complete","37170","0"
"Huub_free_decomp","","../products-and-shelves/product-and-shelves.mzn","../products-and-shelves/ps-100-19.dzn","OPTIMAL_SOLUTION","351.18727021850646","349","1553094","102200","0","5979","125.136","1485000","30197","35000","2879537","163.209697","minimize","1564095","5","0","5000","S(30)","results_prod_shelf","24.253699","296500","30200","14075585","699310578","complete","1568200","0"
"Huub_vsids_basic","","../products-and-shelves/product-and-shelves.mzn","../products-and-shelves/ps-75-14.dzn","OPTIMAL_SOLUTION","17.180042911320925","92","30429","45570","0","11060","2.53469","","13647","15750","25160","13.143972","minimize","35530","6","0","2250","S(20)","results_prod_shelf","0.549545","21900","13650","442342","9230132","complete","37170","0"
"Huub_free_m+o","","../products-and-shelves/product-and-shelves.mzn","../products-and-shelves/ps-100-17.dzn","OPTIMAL_SOLUTION","369.3150884732604","835","68144","102200","0","78617","5.52508","","30197","35000","61896","360.233512","minimize","79145","16","0","5000","S(24)","results_prod_shelf","1.412445","49000","30200","6172572","130859915","complete","83200","0"
"Huub_free_m+o","","../products-and-shelves/product-and-shelves.mzn","../products-and-shelves/ps-75-13.dzn","OPTIMAL_SOLUTION","156.71850304771215","3721","31091","46410","0","155887","2.34586","","13647","15750","26104","152.870117","minimize","35892","16","0","2250","S(13)","results_prod_shelf","0.558243","22200","13650","2256910","76230360","complete","37710","0"
"Huub_free_s+o","","../products-and-shelves/product-and-shelves.mzn","../products-and-shelves/ps-75-12.dzn","UNKNOWN","1201.251939713955","17","30098","45150","0","771968","2.59646","","13647","15750","6099","1196.890425","minimize","35349","0","0","2250","","results_prod_shelf","0.623505","21750","13650","3887506","562040384","complete","36900","0"
"Huub_free_s+o","","../products-and-shelves/product-and-shelves.mzn","../products-and-shelves/ps-50-09.dzn","OPTIMAL_SOLUTION","53.03258621133864","4268","13284","19880","0","149174","1.16053","","6097","7000","11645","51.177109","minimize","15685","1","0","1000","S(20)","results_prod_shelf","0.230573","9600","6100","1034860","39952375","complete","16280","0"
"Huub_free_s+o","","../products-and-shelves/product-and-shelves.mzn","../products-and-shelves/ps-100-20.dzn","UNKNOWN","1202.0676270984113","50","64838","98000","0","83262","5.7073","","30197","35000","60377","1192.699952","minimize","77339","0","0","5000","","results_prod_shelf","1.71474","47500","30200","60485228","214736609","complete","80500","0"
"Huub_free_decomp","","../products-and-shelves/product-and-shelves.mzn","../products-and-shelves/ps-25-05.dzn","OPTIMAL_SOLUTION","2.965169781818986","21","20907","4410","0","825","1.61448","18000","1547","1750","36510","0.413529","minimize","21708","1","0","250","S(10)","results_prod_shelf","0.305887","5200","1550","69604","2069431","complete","21710","0"
"Huub_vsids_no_gen_bounds","","../products-and-shelves/product-and-shelves.mzn","../products-and-shelves/ps-25-02.dzn","OPTIMAL_SOLUTION","0.9148104498162866","7","3250","4830","0","867","0.331916","","1547","1750","2990","0.203239","minimize","3901","5","0","250","S(6)","results_prod_shelf","0.059742","2350","1550","20563","200032","complete","3980","0"
"Huub_free_m+s","","../products-and-shelves/product-and-shelves.mzn","../products-and-shelves/ps-100-16.dzn","SATISFIED","1202.11428753566","86","67593","101500","0","50949","5.75074","","30197","35000","67155","1192.857945","minimize","78844","6","0","5000","S(20)","results_prod_shelf","1.45359","48750","30200","10240634","207852370","complete","82750","0"
"Huub_free_no_gen_bounds","","../products-and-shelves/product-and-shelves.mzn","../products-and-shelves/ps-75-15.dzn","SATISFIED","1201.0337398108095","56","28443","43050","0","16846","2.29877","","13647","15750","48123","1197.033851","minimize","34444","2","0","2250","S(11)","results_prod_shelf","0.744875","21000","13650","2953536","40187599","complete","35550","0"
"Huub_free_m+o","","../products-and-shelves/product-and-shelves.mzn","../products-and-shelves/ps-75-12.dzn","OPTIMAL_SOLUTION","191.86428278125823","2656","30098","45150","0","142175","2.48149","","13647","15750","30620","187.884135","minimize","35349","8","0","2250","S(14)","results_prod_shelf","0.597397","21750","13650","3565450","72580288","complete","36900","0"
"Huub_free_decomp","","../products-and-shelves/product-and-shelves.mzn","../products-and-shelves/ps-100-17.dzn","OPTIMAL_SOLUTION","657.661181258969","235","1553094","102200","0","19768","138.11","1485000","30197","35000","2937155","452.26798","minimize","1564095","14","0","5000","S(24)","results_prod_shelf","25.317645","296500","30200","64846097","1746519334","complete","1568200","0"
"Huub_vsids_decomp","","../products-and-shelves/product-and-shelves.mzn","../products-and-shelves/ps-100-19.dzn","OPTIMAL_SOLUTION","348.1974224373698","349","1553094","102200","0","5979","124.767","1485000","30197","35000","2879537","160.295285","minimize","1564095","5","0","5000","S(30)","results_prod_shelf","24.140097","296500","30200","14075585","699310578","complete","1568200","0"
"Huub_vsids_m+o","","../products-and-shelves/product-and-shelves.mzn","../products-and-shelves/ps-75-12.dzn","OPTIMAL_SOLUTION","192.83524659648538","2656","30098","45150","0","142175","2.44494","","13647","15750","30620","188.673654","minimize","35349","8","0","2250","S(14)","results_prod_shelf","0.608338","21750","13650","3565450","72580288","complete","36900","0"
"Huub_free_m+o","","../products-and-shelves/product-and-shelves.mzn","../products-and-shelves/ps-100-18.dzn","OPTIMAL_SOLUTION","518.1641510445625","5488","69246","103600","0","255959","5.31856","","30197","35000","57184","509.570587","minimize","79747","28","0","5000","S(17)","results_prod_shelf","1.263365","49500","30200","5918171","220973858","complete","84100","0"
"Huub_vsids_s+o","","../products-and-shelves/product-and-shelves.mzn","../products-and-shelves/ps-25-05.dzn","OPTIMAL_SOLUTION","2.8477541990578175","18","2917","4410","0","2680","0.315198","","1547","1750","3977","2.279727","minimize","3718","1","0","250","S(10)","results_prod_shelf","0.058777","2200","1550","178224","1958256","complete","3710","0"
"Huub_vsids_m+s","","../products-and-shelves/product-and-shelves.mzn","../products-and-shelves/ps-25-04.dzn","OPTIMAL_SOLUTION","2.076883907429874","99","3028","4550","0","7498","0.307422","","1547","1750","3715","1.437384","minimize","3779","2","0","250","S(9)","results_prod_shelf","0.057076","2250","1550","93740","1233727","complete","3800","0"
"Huub_free_decomp","","../products-and-shelves/product-and-shelves.mzn","../products-and-shelves/ps-25-04.dzn","OPTIMAL_SOLUTION","3.077132730744779","32","21018","4550","0","2013","1.52932","18000","1547","1750","36487","0.649841","minimize","21769","2","0","250","S(9)","results_prod_shelf","0.295116","5250","1550","146747","3841430","complete","21800","0"
"Huub_free_s+o","","../products-and-shelves/product-and-shelves.mzn","../products-and-shelves/ps-25-02.dzn","OPTIMAL_SOLUTION","1.2868705373257399","8","3250","4830","0","1682","0.326623","","1547","1750","3057","0.621997","minimize","3901","5","0","250","S(6)","results_prod_shelf","0.06113","2350","1550","48842","808577","complete","3980","0"
"Huub_free_m+s","","../products-and-shelves/product-and-shelves.mzn","../products-and-shelves/ps-25-02.dzn","OPTIMAL_SOLUTION","0.8712814366444945","14","3250","4830","0","1384","0.313773","","1547","1750","2982","0.273667","minimize","3901","5","0","250","S(6)","results_prod_shelf","0.058567","2350","1550","23664","272010","complete","3980","0"
"Huub_free_m+o","","../products-and-shelves/product-and-shelves.mzn","../products-and-shelves/ps-25-01.dzn","OPTIMAL_SOLUTION","3.38421278167516","545","3107","4620","0","21562","0.306333","","1485","1680","3438","2.737925","minimize","3738","4","0","240","S(5)","results_prod_shelf","0.061697","2250","1488","102214","1851716","complete","3810","0"
"Huub_vsids_decomp","","../products-and-shelves/product-and-shelves.mzn","../products-and-shelves/ps-50-07.dzn","OPTIMAL_SOLUTION","25.301986345089972","35","160043","19600","0","1277","12.8515","147000","6097","7000","291448","5.74754","minimize","162544","6","0","1000","S(8)","results_prod_shelf","2.349644","34000","6100","1879272","39079231","complete","163100","0"
"Huub_vsids_m+s","","../products-and-shelves/product-and-shelves.mzn","../products-and-shelves/ps-25-05.dzn","OPTIMAL_SOLUTION","1.3921762891113758","56","2917","4410","0","2265","0.338223","","1547","1750","3708","0.714556","minimize","3718","1","0","250","S(10)","results_prod_shelf","0.058835","2200","1550","49596","602532","complete","3710","0"
"Huub_vsids_decomp","","../products-and-shelves/product-and-shelves.mzn","../products-and-shelves/ps-25-02.dzn","OPTIMAL_SOLUTION","2.8189451098442078","0","21240","4830","0","586","1.54924","18000","1547","1750","36450","0.269435","minimize","21891","5","0","250","S(6)","results_prod_shelf","0.297385","5350","1550","188626","1693623","complete","21980","0"
"Huub_free_m+o","","../products-and-shelves/product-and-shelves.mzn","../products-and-shelves/ps-100-16.dzn","OPTIMAL_SOLUTION","501.0146704055369","1175","67593","101500","0","91109","5.46314","","30197","35000","67222","492.092373","minimize","78844","7","0","5000","S(16)","results_prod_shelf","1.416788","48750","30200","11478267","139088297","complete","82750","0"
"Huub_vsids_s+o","","../products-and-shelves/product-and-shelves.mzn","../products-and-shelves/ps-25-02.dzn","OPTIMAL_SOLUTION","1.1865395475178957","8","3250","4830","0","1682","0.320761","","1547","1750","3057","0.612654","minimize","3901","5","0","250","S(6)","results_prod_shelf","0.058723","2350","1550","48842","808577","complete","3980","0"
"Huub_free_m+s","","../products-and-shelves/product-and-shelves.mzn","../products-and-shelves/ps-100-19.dzn","OPTIMAL_SOLUTION","175.19032479450107","1387","68144","102200","0","69347","5.264","","30197","35000","53261","166.796915","minimize","79145","12","0","5000","S(30)","results_prod_shelf","1.200965","49000","30200","2589112","76503205","complete","83200","0"
