"configuration","problem","model","data_file","status","time","peakDepth","method","propagators","optTime","failures","solveTime","flatIntConstraints","propagations","error","userDecisions","boolVariables","nogoods","flatIntVars","restarts","peakMem","flatBoolConstraints","blockType","initTime","nodes","nSolutions","unifiedVariables","evaluatedHalfReifiedConstraints","evaluatedReifiedConstraints","paths","flatTime","baseMem","variables","objectiveBound","eliminatedImplications","run","flatBoolVars","backjumps","intVars","intVariables","solutions","oracleDecisions","extractedViews","objective","randomSeed","trailMem"
"gecode","","../products-and-shelves/product-and-shelves.mzn","../products-and-shelves/ps-50-10.dzn","UNKNOWN","1205.2280508931726","","minimize","","","","","157909","","","","","","6100","","","29500","","","","0","","147000","7000","0","12.4754","","","","1000","results_prod_shelf","155000","","","","","","","","",""
"Huub_user","","../products-and-shelves/product-and-shelves.mzn","../products-and-shelves/ps-100-19.dzn","OPTIMAL_SOLUTION","757.4731307607144","1298163","minimize","1553094","","43227","554.149829","1564095","2010300445","","0","","","30200","0","","296500","complete","25.719921","","6","0","1485000","102200","0","132.668","","","","5000","results_prod_shelf","1568200","","","30197","","17999936","35000","S(30)","",""
"Huub_user","","../products-and-shelves/product-and-shelves.mzn","../products-and-shelves/ps-50-06.dzn","OPTIMAL_SOLUTION","38.64428456872702","277101","minimize","160043","","3681","19.300942","162544","70514002","","0","","","6100","0","","34000","complete","2.36734","","1","0","147000","19600","0","12.4809","","","","1000","results_prod_shelf","163100","","","6097","","1092473","7000","S(15)","",""
"Huub_vsids","","../products-and-shelves/product-and-shelves.mzn","../products-and-shelves/ps-25-02.dzn","OPTIMAL_SOLUTION","3.270913064479828","36599","minimize","21240","","2146","0.538686","21891","2495299","","0","","","1550","0","","5350","complete","0.308797","","5","0","18000","4830","0","1.59851","","","","250","results_prod_shelf","21980","","","1547","","210091","1750","S(6)","",""
"Huub_vsids","","../products-and-shelves/product-and-shelves.mzn","../products-and-shelves/ps-100-20.dzn","OPTIMAL_SOLUTION","802.6477352809161","1423128","minimize","1549788","","65815","586.616388","1562289","2504326254","","0","","","30200","0","","295000","complete","26.509863","","6","0","1485000","98000","0","143.852","","","","5000","results_prod_shelf","1565500","","","30197","","25369752","35000","S(11)","",""
"Huub_user","","../products-and-shelves/product-and-shelves.mzn","../products-and-shelves/ps-25-04.dzn","OPTIMAL_SOLUTION","4.560781264677644","35481","minimize","21018","","5066","1.774374","21769","8179523","","0","","","1550","0","","5250","complete","0.333372","","2","0","18000","4550","0","1.70703","","","","250","results_prod_shelf","21800","","","1547","","322476","1750","S(9)","",""
"Huub_user","","../products-and-shelves/product-and-shelves.mzn","../products-and-shelves/ps-100-17.dzn","UNKNOWN","1242.7303995471448","33279","minimize","1553094","","22265","1035.739819","1564095","4287219682","","0","","","30200","0","","296500","complete","28.77028","","0","0","1485000","102200","0","135.486","","","","5000","results_prod_shelf","1568200","","","30197","","20744286","35000","","",""
"Huub_user","","../products-and-shelves/product-and-shelves.mzn","../products-and-shelves/ps-75-13.dzn","OPTIMAL_SOLUTION","213.784203318879","428717","minimize","530561","","110593","141.342604","535362","421328783","","0","","","13650","0","","105450","complete","9.144014","","4","0","499500","46410","0","47.312","","","","2250","results_prod_shelf","537210","","","13647","","3537475","15750","S(13)","",""
"chuffed","","../products-and-shelves/product-and-shelves.mzn","../products-and-shelves/ps-50-10.dzn","OPTIMAL_SOLUTION","65.02933806926012","7554","minimize","304291","44.957","10640","45.115","161090","200299797","","","631479","10640","6099","15","0.0","33500","","2.973","760396","15","","","159600","0","12.7018","0.0","637580","","1000","results_prod_shelf","159800","648292","6099","","","","","6","-698263591","0.63"
"gecode","","../products-and-shelves/product-and-shelves.mzn","../products-and-shelves/ps-100-16.dzn","ERROR","227.5740520078689","","minimize","","","","","1539954","","MiniZinc stopped with a non-zero exit code, but did not output an error message. ","","","","30200","","","272500","","","","0","","1485000","35000","0","141.503","","","","5000","results_prod_shelf","1525000","","","","","","","","",""
"Huub_free","","../products-and-shelves/product-and-shelves.mzn","../products-and-shelves/ps-100-19.dzn","UNKNOWN","1242.8813485410064","2947058","minimize","1553094","","116980","1036.035694","1564095","1063003032","","0","","","30200","10","","296500","complete","27.070203","","0","0","1485000","102200","0","136.889","","","","5000","results_prod_shelf","1568200","","","30197","","283948691","35000","","",""
"cp-sat","","../products-and-shelves/product-and-shelves.mzn","../products-and-shelves/ps-100-20.dzn","UNKNOWN","1230.9841287471354","","minimize","","","","","1557789","","","","","","30200","","","295000","","","","0","","1485000","66500","0","136.287","","","","5000","results_prod_shelf","1552000","","","","","","","","",""
"Huub_vsids","","../products-and-shelves/product-and-shelves.mzn","../products-and-shelves/ps-75-15.dzn","OPTIMAL_SOLUTION","189.48316053301096","972129","minimize","527913","","22521","115.436476","533914","525280654","","0","","","13650","0","","104250","complete","9.026685","","5","0","499500","43050","0","49.5858","","","","2250","results_prod_shelf","535050","","","13647","","8831791","15750","S(8)","",""
"gecode","","../products-and-shelves/product-and-shelves.mzn","../products-and-shelves/ps-50-07.dzn","UNKNOWN","1204.5818973835558","","minimize","","","","","158004","","","","","","6100","","","29500","","","","0","","147000","7000","0","13.5059","","","","1000","results_prod_shelf","155000","","","","","","","","",""
"Huub_vsids","","../products-and-shelves/product-and-shelves.mzn","../products-and-shelves/ps-25-05.dzn","OPTIMAL_SOLUTION","3.9359900448471308","36575","minimize","20907","","2255","1.30936","21708","8619056","","0","","","1550","0","","5200","complete","0.299511","","1","0","18000","4410","0","1.59477","","","","250","results_prod_shelf","21710","","","1547","","265160","1750","S(10)","",""
"Huub_vsids","","../products-and-shelves/product-and-shelves.mzn","../products-and-shelves/ps-100-18.dzn","OPTIMAL_SOLUTION","822.1426093820482","1192662","minimize","1554196","","275423","612.975095","1564697","1753316488","","0","","","30200","0","","297000","complete","26.294573","","7","0","1485000","103600","0","136.783","","","","5000","results_prod_shelf","1569100","","","30197","","14637910","35000","S(17)","",""
"gecode","","../products-and-shelves/product-and-shelves.mzn","../products-and-shelves/ps-25-02.dzn","UNKNOWN","1200.7206092476845","394","minimize","24265","","3042499","1198.49","20772","2156940418","","","","","1550","0","","4250","","0.190387","6085356","0","","18000","1750","0","1.51573","","21550","","250","results_prod_shelf","20000","","","","0","","","","",""
"gecode","","../products-and-shelves/product-and-shelves.mzn","../products-and-shelves/ps-25-05.dzn","UNKNOWN","1200.6907602250576","488","minimize","23367","","1235818","1198.44","20745","1824093910","","","","","1550","0","","4250","","0.19875","2472107","0","","18000","1750","0","1.55861","","21550","","250","results_prod_shelf","20000","","","","0","","","","",""
"Huub_user","","../products-and-shelves/product-and-shelves.mzn","../products-and-shelves/ps-100-20.dzn","OPTIMAL_SOLUTION","793.4264567233622","1423128","minimize","1549788","","65815","585.626426","1562289","2504326254","","0","","","30200","0","","295000","complete","26.970144","","6","0","1485000","98000","0","136.097","","","","5000","results_prod_shelf","1565500","","","30197","","25369752","35000","S(11)","",""
"chuffed","","../products-and-shelves/product-and-shelves.mzn","../products-and-shelves/ps-25-05.dzn","OPTIMAL_SOLUTION","3.1250100191682577","1278","minimize","38505","0.535","1948","0.727","21494","5812172","","","59579","1948","1549","1","0.0","5200","","0.327","40620","1","","","21080","0","1.53871","0.0","61130","","250","results_prod_shelf","21140","37417","1549","","","","","10","-1867595219","0.12"
"Huub_user","","../products-and-shelves/product-and-shelves.mzn","../products-and-shelves/ps-25-03.dzn","OPTIMAL_SOLUTION","2.903337163850665","36780","minimize","21240","","1566","0.429872","21891","2438968","","0","","","1550","0","","5350","complete","0.297647","","5","0","18000","4830","0","1.5509","","","","250","results_prod_shelf","21980","","","1547","","209217","1750","S(4)","",""
"Huub_free","","../products-and-shelves/product-and-shelves.mzn","../products-and-shelves/ps-100-16.dzn","SATISFIED","1243.1775384321809","2931023","minimize","1552543","","140552","1038.935757","1563794","1346295795","","0","","","30200","141","","296250","complete","26.633242","","12","0","1485000","101500","0","134.431","","","","5000","results_prod_shelf","1567750","","","30197","","54495571","35000","S(39)","",""
"chuffed","","../products-and-shelves/product-and-shelves.mzn","../products-and-shelves/ps-75-15.dzn","SATISFIED","1212.0389104820788","","minimize","","","","","531890","","","","","","13649","","","104250","","","","13","","","528900","0","46.8737","","","","2250","results_prod_shelf","529200","","","","","","","S(18)","",""
"Huub_free","","../products-and-shelves/product-and-shelves.mzn","../products-and-shelves/ps-100-20.dzn","UNKNOWN","1244.1437183953822","2951995","minimize","1549788","","90791","1032.386878","1562289","1654514013","","0","","","30200","76","","295000","complete","26.571264","","0","0","1485000","98000","0","141.043","","","","5000","results_prod_shelf","1565500","","","30197","","29624824","35000","","",""
"Huub_free","","../products-and-shelves/product-and-shelves.mzn","../products-and-shelves/ps-25-04.dzn","OPTIMAL_SOLUTION","5.261584846302867","34885","minimize","21018","","5160","2.307765","21769","11087760","","0","","","1550","111","","5250","complete","0.3297","","2","0","18000","4550","0","1.83572","","","","250","results_prod_shelf","21800","","","1547","","459907","1750","S(9)","",""
"gecode","","../products-and-shelves/product-and-shelves.mzn","../products-and-shelves/ps-100-17.dzn","ERROR","231.70936928503215","","minimize","","","","","1540003","","MiniZinc stopped with a non-zero exit code, but did not output an error message. ","","","","30200","","","272500","","","","0","","1485000","35000","0","136.793","","","","5000","results_prod_shelf","1525000","","","","","","","","",""
"cp-sat","","../products-and-shelves/product-and-shelves.mzn","../products-and-shelves/ps-100-19.dzn","UNKNOWN","1230.9679681062698","","minimize","","","","","1559295","","","","","","30200","","","296500","","","","0","","1485000","68600","0","142.038","","","","5000","results_prod_shelf","1553800","","","","","","","","",""
"gecode","","../products-and-shelves/product-and-shelves.mzn","../products-and-shelves/ps-75-13.dzn","ERROR","114.58613584563136","","minimize","","","","","524341","","MiniZinc stopped with a non-zero exit code, but did not output an error message. ","","","","13650","","","94500","","","","0","","499500","15750","0","46.8583","","","","2250","results_prod_shelf","517500","","","","","","","","",""
"cp-sat","","../products-and-shelves/product-and-shelves.mzn","../products-and-shelves/ps-75-15.dzn","SATISFIED","1211.0347549784929","","minimize","","","13256","788.807","531964","51515848","","","524307","","13650","","","104250","","","","1","","499500","29400","0","48.9648","","","2","2250","results_prod_shelf","529200","","","","","","","S(30)","",""
"chuffed","","../products-and-shelves/product-and-shelves.mzn","../products-and-shelves/ps-25-01.dzn","OPTIMAL_SOLUTION","5.782455433160067","1079","minimize","35776","1.176","39621","3.289","20055","34107003","","","49437","39621","1487","5","0.0","5010","","0.386","94156","5","","","19710","0","1.52139","0.0","50926","","240","results_prod_shelf","19740","49518","1487","","","","","5","1047320969","0.12"
"cp-sat","","../products-and-shelves/product-and-shelves.mzn","../products-and-shelves/ps-50-07.dzn","OPTIMAL_SOLUTION","550.124883512035","","minimize","","","19999","529.304","161644","72074710","","","160621","","6100","","","34000","","","","13","","147000","13300","0","14.0612","","","8","1000","results_prod_shelf","160400","","","","","","","8","",""
"Huub_free","","../products-and-shelves/product-and-shelves.mzn","../products-and-shelves/ps-75-14.dzn","OPTIMAL_SOLUTION","257.91620654799044","996122","minimize","529899","","44846","187.247095","535000","456923623","","0","","","13650","112","","105150","complete","9.375948","","5","0","499500","45570","0","45.9566","","","","2250","results_prod_shelf","536670","","","13647","","41794501","15750","S(20)","",""
"gecode","","../products-and-shelves/product-and-shelves.mzn","../products-and-shelves/ps-25-03.dzn","UNKNOWN","1200.679536221549","573","minimize","24265","","1244429","1198.54","20772","2040045086","","","","","1550","0","","4250","","0.194492","2489409","0","","18000","1750","0","1.46541","","21550","","250","results_prod_shelf","20000","","","","0","","","","",""
"Huub_vsids","","../products-and-shelves/product-and-shelves.mzn","../products-and-shelves/ps-25-01.dzn","OPTIMAL_SOLUTION","4.7002027947455645","33729","minimize","19657","","12518","1.277618","20288","3921259","","0","","","1488","0","","5010","complete","0.323863","","4","0","16560","4620","0","1.48016","","","","240","results_prod_shelf","20370","","","1485","","184356","1680","S(5)","",""
"Huub_vsids","","../products-and-shelves/product-and-shelves.mzn","../products-and-shelves/ps-50-10.dzn","OPTIMAL_SOLUTION","32.886960031464696","290000","minimize","158938","","5585","12.579791","161939","70544125","","0","","","6100","0","","33500","complete","2.433849","","3","0","147000","18200","0","12.6467","","","","1000","results_prod_shelf","162200","","","6097","","1801355","7000","S(6)","",""
"chuffed","","../products-and-shelves/product-and-shelves.mzn","../products-and-shelves/ps-50-08.dzn","OPTIMAL_SOLUTION","64.38607356697321","3144","minimize","305739","45.34","8621","45.409","161898","192092258","","","320439","8621","6099","8","0.0","34300","","2.54","333312","8","","","160720","0","13.151","0.0","326540","","1000","results_prod_shelf","160760","300835","6099","","","","","13","1325739552","0.42"
"Huub_user","","../products-and-shelves/product-and-shelves.mzn","../products-and-shelves/ps-75-12.dzn","OPTIMAL_SOLUTION","348.29490766860545","422753","minimize","529568","","93933","280.212233","534819","983235085","","0","","","13650","0","","105000","complete","8.601438","","3","0","499500","45150","0","45.3582","","","","2250","results_prod_shelf","536400","","","13647","","8840483","15750","S(14)","",""
"Huub_free","","../products-and-shelves/product-and-shelves.mzn","../products-and-shelves/ps-100-17.dzn","UNKNOWN","1242.777133187279","2912307","minimize","1553094","","105432","1041.135709","1564095","1716908417","","0","","","30200","76","","296500","complete","26.452251","","0","0","1485000","102200","0","132.407999","","","","5000","results_prod_shelf","1568200","","","30197","","43042767","35000","","",""
"Huub_free","","../products-and-shelves/product-and-shelves.mzn","../products-and-shelves/ps-50-09.dzn","OPTIMAL_SOLUTION","218.8466936070472","285100","minimize","160264","","142239","198.914357","162665","743184627","","0","","","6100","5336","","34100","complete","2.422505","","1","0","147000","19880","0","13.1229","","","","1000","results_prod_shelf","163280","","","6097","","8326248","7000","S(20)","",""
"chuffed","","../products-and-shelves/product-and-shelves.mzn","../products-and-shelves/ps-50-07.dzn","OPTIMAL_SOLUTION","124.17402277700603","5137","minimize","305196","104.325","40989","104.414","161595","430731918","","","362079","40989","6099","13","0.0","34000","","2.757","986800","13","","","160300","0","13.4593","0.0","368180","","1000","results_prod_shelf","160400","884035","6099","","","","","8","-729298229","0.63"
"Huub_free","","../products-and-shelves/product-and-shelves.mzn","../products-and-shelves/ps-50-10.dzn","OPTIMAL_SOLUTION","31.177232701331377","307427","minimize","158938","","5241","10.921129","161939","88920170","","0","","","6100","36","","33500","complete","2.448785","","3","0","147000","18200","0","12.5424","","","","1000","results_prod_shelf","162200","","","6097","","2149723","7000","S(6)","",""
"Huub_user","","../products-and-shelves/product-and-shelves.mzn","../products-and-shelves/ps-50-10.dzn","OPTIMAL_SOLUTION","32.579885141924024","290000","minimize","158938","","5585","12.399398","161939","70544125","","0","","","6100","0","","33500","complete","2.438136","","3","0","147000","18200","0","12.5479","","","","1000","results_prod_shelf","162200","","","6097","","1801355","7000","S(6)","",""
"chuffed","","../products-and-shelves/product-and-shelves.mzn","../products-and-shelves/ps-25-02.dzn","OPTIMAL_SOLUTION","4.391845114529133","888","minimize","38778","0.916","1444","1.048","21647","6169765","","","44759","1444","1549","5","0.0","5350","","0.32","27289","5","","","21290","0","1.61633","0.0","46310","","250","results_prod_shelf","21320","21563","1549","","","","","6","369576863","0.12"
"gecode","","../products-and-shelves/product-and-shelves.mzn","../products-and-shelves/ps-75-12.dzn","ERROR","116.91458873264492","","minimize","","","","","524254","","MiniZinc stopped with a non-zero exit code, but did not output an error message. ","","","","13650","","","94500","","","","0","","499500","15750","0","44.2154","","","","2250","results_prod_shelf","517500","","","","","","","","",""
"gecode","","../products-and-shelves/product-and-shelves.mzn","../products-and-shelves/ps-75-14.dzn","ERROR","110.67094308324158","","minimize","","","","","524283","","MiniZinc stopped with a non-zero exit code, but did not output an error message. ","","","","13650","","","94500","","","","0","","499500","15750","0","44.4474","","","","2250","results_prod_shelf","517500","","","","","","","","",""
"cp-sat","","../products-and-shelves/product-and-shelves.mzn","../products-and-shelves/ps-25-05.dzn","OPTIMAL_SOLUTION","6.359728014096618","","minimize","","","2884","3.45215","21518","3102782","","","20649","","1550","","","5200","","","","1","","18000","3080","0","1.77307","","","10","250","results_prod_shelf","21140","","","","","","","10","",""
"Huub_vsids","","../products-and-shelves/product-and-shelves.mzn","../products-and-shelves/ps-50-09.dzn","OPTIMAL_SOLUTION","141.70445812866092","103141","minimize","160264","","144434","121.813878","162665","453092691","","0","","","6100","0","","34100","complete","2.4299","","1","0","147000","19880","0","13.0987","","","","1000","results_prod_shelf","163280","","","6097","","4288088","7000","S(20)","",""
"gecode","","../products-and-shelves/product-and-shelves.mzn","../products-and-shelves/ps-100-19.dzn","ERROR","218.83197110705078","","minimize","","","","","1540003","","MiniZinc stopped with a non-zero exit code, but did not output an error message. ","","","","30200","","","272500","","","","0","","1485000","35000","0","132.616","","","","5000","results_prod_shelf","1525000","","","","","","","","",""
"gecode","","../products-and-shelves/product-and-shelves.mzn","../products-and-shelves/ps-75-15.dzn","ERROR","116.2964553963393","","minimize","","","","","524109","","MiniZinc stopped with a non-zero exit code, but did not output an error message. ","","","","13650","","","94500","","","","0","","499500","15750","0","45.6512","","","","2250","results_prod_shelf","517500","","","","","","","","",""
"Huub_vsids","","../products-and-shelves/product-and-shelves.mzn","../products-and-shelves/ps-25-03.dzn","OPTIMAL_SOLUTION","3.00188797339797","36780","minimize","21240","","1566","0.466856","21891","2438968","","0","","","1550","0","","5350","complete","0.303095","","5","0","18000","4830","0","1.56783","","","","250","results_prod_shelf","21980","","","1547","","209217","1750","S(4)","",""
"Huub_free","","../products-and-shelves/product-and-shelves.mzn","../products-and-shelves/ps-25-03.dzn","OPTIMAL_SOLUTION","2.9741055089980364","35767","minimize","21240","","2203","0.463364","21891","2747171","","0","","","1550","48","","5350","complete","0.301603","","2","0","18000","4830","0","1.56628","","","","250","results_prod_shelf","21980","","","1547","","113256","1750","S(4)","",""
"Huub_user","","../products-and-shelves/product-and-shelves.mzn","../products-and-shelves/ps-100-18.dzn","OPTIMAL_SOLUTION","799.8204252067953","1192662","minimize","1554196","","275423","594.530061","1564697","1753316488","","0","","","30200","0","","297000","complete","26.876763","","7","0","1485000","103600","0","133.741999","","","","5000","results_prod_shelf","1569100","","","30197","","14637910","35000","S(17)","",""
"gecode","","../products-and-shelves/product-and-shelves.mzn","../products-and-shelves/ps-25-04.dzn","UNKNOWN","1200.69828915596","471","minimize","24247","","1315409","1198.31","20754","1117833474","","","","","1550","0","","4250","","0.186281","2631266","0","","18000","1750","0","1.69249","","21550","","250","results_prod_shelf","20000","","","","0","","","","",""
"chuffed","","../products-and-shelves/product-and-shelves.mzn","../products-and-shelves/ps-25-03.dzn","OPTIMAL_SOLUTION","3.400442596524954","1181","minimize","38778","0.788","2227","0.933","21647","6639276","","","50759","2227","1549","7","0.0","5350","","0.322","40198","7","","","21290","0","1.5927","0.0","52310","","250","results_prod_shelf","21320","30385","1549","","","","","4","1702356462","0.12"
"gecode","","../products-and-shelves/product-and-shelves.mzn","../products-and-shelves/ps-100-18.dzn","ERROR","226.96977170929313","","minimize","","","","","1540101","","MiniZinc stopped with a non-zero exit code, but did not output an error message. ","","","","30200","","","272500","","","","0","","1485000","35000","0","140.223","","","","5000","results_prod_shelf","1525000","","","","","","","","",""
"chuffed","","../products-and-shelves/product-and-shelves.mzn","../products-and-shelves/ps-100-19.dzn","SATISFIED","1231.2174936570227","","minimize","","","","","1559196","","","","","","30199","","","296500","","","","1","","","1553600","0","136.428","","","","5000","results_prod_shelf","1553800","","","","","","","S(50)","",""
"chuffed","","../products-and-shelves/product-and-shelves.mzn","../products-and-shelves/ps-50-09.dzn","SATISFIED","1204.4707885719836","","minimize","","","","","161696","","","","","","6099","","","34100","","","","1","","","160440","0","14.0799","","","","1000","results_prod_shelf","160520","","","","","","","S(20)","",""
"gecode","","../products-and-shelves/product-and-shelves.mzn","../products-and-shelves/ps-50-09.dzn","UNKNOWN","1204.2038615234196","","minimize","","","","","158023","","","","","","6100","","","29500","","","","0","","147000","7000","0","12.2506","","","","1000","results_prod_shelf","155000","","","","","","","","",""
"cp-sat","","../products-and-shelves/product-and-shelves.mzn","../products-and-shelves/ps-75-11.dzn","SATISFIED","1209.901249602437","","minimize","","","3096","867.228","532719","45161778","","","523911","","13650","","","105000","","","","2","","499500","30450","0","45.0282","","","2","2250","results_prod_shelf","530100","","","","","","","S(29)","",""
"chuffed","","../products-and-shelves/product-and-shelves.mzn","../products-and-shelves/ps-75-12.dzn","SATISFIED","1210.6958051566035","","minimize","","","","","532645","","","","","","13649","","","105000","","","","2","","","529950","0","46.4638","","","","2250","results_prod_shelf","530100","","","","","","","S(29)","",""
"Huub_vsids","","../products-and-shelves/product-and-shelves.mzn","../products-and-shelves/ps-100-17.dzn","UNKNOWN","1244.7795491237193","33001","minimize","1553094","","22057","1036.931431","1564095","4259751510","","0","","","30200","0","","296500","complete","26.631585","","0","0","1485000","102200","0","136.432","","","","5000","results_prod_shelf","1568200","","","30197","","20580881","35000","","",""
"Huub_user","","../products-and-shelves/product-and-shelves.mzn","../products-and-shelves/ps-75-15.dzn","OPTIMAL_SOLUTION","192.2819474376738","972129","minimize","527913","","22521","120.227223","533914","525280654","","0","","","13650","0","","104250","complete","8.962075","","5","0","499500","43050","0","47.6454","","","","2250","results_prod_shelf","535050","","","13647","","8831791","15750","S(8)","",""
"cp-sat","","../products-and-shelves/product-and-shelves.mzn","../products-and-shelves/ps-25-03.dzn","OPTIMAL_SOLUTION","17.66465143300593","","minimize","","","8254","14.9334","21671","15919940","","","22417","","1550","","","5350","","","","7","","18000","3290","0","1.75231","","","4","250","results_prod_shelf","21320","","","","","","","4","",""
"chuffed","","../products-and-shelves/product-and-shelves.mzn","../products-and-shelves/ps-100-16.dzn","SATISFIED","1231.5425188038498","","minimize","","","","","1558945","","","","","","30199","","","296250","","","","1","","","1553250","0","133.535","","","","5000","results_prod_shelf","1553500","","","","","","","S(50)","",""
"gecode","","../products-and-shelves/product-and-shelves.mzn","../products-and-shelves/ps-75-11.dzn","ERROR","109.39322030730546","","minimize","","","","","524254","","MiniZinc stopped with a non-zero exit code, but did not output an error message. ","","","","13650","","","94500","","","","0","","499500","15750","0","42.9979","","","","2250","results_prod_shelf","517500","","","","","","","","",""
"cp-sat","","../products-and-shelves/product-and-shelves.mzn","../products-and-shelves/ps-75-12.dzn","SATISFIED","1210.3111845366657","","minimize","","","6553","893.979","532719","54876793","","","523103","","13650","","","105000","","","","2","","499500","30450","0","47.521","","","5","2250","results_prod_shelf","530100","","","","","","","S(29)","",""
"Huub_user","","../products-and-shelves/product-and-shelves.mzn","../products-and-shelves/ps-25-02.dzn","OPTIMAL_SOLUTION","3.1505322009325027","36599","minimize","21240","","2146","0.518023","21891","2495299","","0","","","1550","0","","5350","complete","0.310036","","5","0","18000","4830","0","1.60908","","","","250","results_prod_shelf","21980","","","1547","","210091","1750","S(6)","",""
"chuffed","","../products-and-shelves/product-and-shelves.mzn","../products-and-shelves/ps-75-14.dzn","OPTIMAL_SOLUTION","398.4538838211447","5738","minimize","1025067","332.697","35011","332.909","532796","1007093557","","","700499","35011","13649","9","0.0","105150","","8.589","1004733","9","","","530160","0","45.566","0.0","714150","","2250","results_prod_shelf","530280","923676","13649","","","","","20","-1477578393","0.94"
"Huub_user","","../products-and-shelves/product-and-shelves.mzn","../products-and-shelves/ps-50-08.dzn","OPTIMAL_SOLUTION","27.454007264226675","273952","minimize","160706","","3425","7.373076","162907","27454827","","0","","","6100","0","","34300","complete","2.438152","","6","0","147000","20440","0","13.1571","","","","1000","results_prod_shelf","163640","","","6097","","1759319","7000","S(13)","",""
"Huub_free","","../products-and-shelves/product-and-shelves.mzn","../products-and-shelves/ps-75-11.dzn","OPTIMAL_SOLUTION","488.81676823832095","992454","minimize","529568","","111717","419.431854","534819","953284850","","0","","","13650","224","","105000","complete","8.682629","","2","0","499500","45150","0","45.9786","","","","2250","results_prod_shelf","536400","","","13647","","87633151","15750","S(13)","",""
"cp-sat","","../products-and-shelves/product-and-shelves.mzn","../products-and-shelves/ps-25-04.dzn","OPTIMAL_SOLUTION","9.377233544364572","","minimize","","","5398","6.78844","21569","5166326","","","21017","","1550","","","5250","","","","2","","18000","3150","0","1.64477","","","9","250","results_prod_shelf","21200","","","","","","","9","",""
"Huub_vsids","","../products-and-shelves/product-and-shelves.mzn","../products-and-shelves/ps-25-04.dzn","OPTIMAL_SOLUTION","4.753862399607897","35481","minimize","21018","","5066","1.810405","21769","8179523","","0","","","1550","0","","5250","complete","0.31204","","2","0","18000","4550","0","1.84469","","","","250","results_prod_shelf","21800","","","1547","","322476","1750","S(9)","",""
"cp-sat","","../products-and-shelves/product-and-shelves.mzn","../products-and-shelves/ps-100-18.dzn","UNKNOWN","1231.1299018412828","","minimize","","","","","1559797","","","","","","30200","","","297000","","","","0","","1485000","69300","0","145.478","","","","5000","results_prod_shelf","1554400","","","","","","","","",""
"Huub_vsids","","../products-and-shelves/product-and-shelves.mzn","../products-and-shelves/ps-50-08.dzn","OPTIMAL_SOLUTION","26.45072846673429","273952","minimize","160706","","3425","6.877336","162907","27454827","","0","","","6100","0","","34300","complete","2.37523","","6","0","147000","20440","0","12.6932","","","","1000","results_prod_shelf","163640","","","6097","","1759319","7000","S(13)","",""
"Huub_free","","../products-and-shelves/product-and-shelves.mzn","../products-and-shelves/ps-50-08.dzn","OPTIMAL_SOLUTION","26.887221775949","286305","minimize","160706","","3397","7.395563","162907","32106185","","0","","","6100","129","","34300","complete","2.468928","","4","0","147000","20440","0","12.7138","","","","1000","results_prod_shelf","163640","","","6097","","1306846","7000","S(13)","",""
"Huub_user","","../products-and-shelves/product-and-shelves.mzn","../products-and-shelves/ps-25-01.dzn","OPTIMAL_SOLUTION","3.4700306933373213","33729","minimize","19657","","12518","1.187619","20288","3921259","","0","","","1488","0","","5010","complete","0.27556","","4","0","16560","4620","0","1.42476","","","","240","results_prod_shelf","20370","","","1485","","184356","1680","S(5)","",""
"Huub_free","","../products-and-shelves/product-and-shelves.mzn","../products-and-shelves/ps-50-06.dzn","OPTIMAL_SOLUTION","37.767913741990924","283940","minimize","160043","","4663","17.538393","162544","89352068","","0","","","6100","28","","34000","complete","2.450547","","1","0","147000","19600","0","13.3452","","","","1000","results_prod_shelf","163100","","","6097","","1208480","7000","S(15)","",""
"Huub_user","","../products-and-shelves/product-and-shelves.mzn","../products-and-shelves/ps-75-14.dzn","OPTIMAL_SOLUTION","232.98762723058462","388541","minimize","529899","","45565","161.800435","535000","556185890","","0","","","13650","0","","105150","complete","8.908911","","7","0","499500","45570","0","46.8941","","","","2250","results_prod_shelf","536670","","","13647","","6253856","15750","S(20)","",""
"Huub_free","","../products-and-shelves/product-and-shelves.mzn","../products-and-shelves/ps-75-15.dzn","OPTIMAL_SOLUTION","225.4891804549843","1004668","minimize","527913","","33184","151.943059","533914","644645440","","0","","","13650","122","","104250","complete","9.04715","","4","0","499500","43050","0","48.5752","","","","2250","results_prod_shelf","535050","","","13647","","30306967","15750","S(8)","",""
"Huub_free","","../products-and-shelves/product-and-shelves.mzn","../products-and-shelves/ps-100-18.dzn","SATISFIED","1243.284186879173","1650373","minimize","1554196","","289141","1039.299119","1564697","1852281191","","0","","","30200","1141","","297000","complete","25.54187","","8","0","1485000","103600","0","135.155","","","","5000","results_prod_shelf","1569100","","","30197","","43415321","35000","S(23)","",""
"Huub_free","","../products-and-shelves/product-and-shelves.mzn","../products-and-shelves/ps-75-12.dzn","OPTIMAL_SOLUTION","561.1132966093719","994340","minimize","529568","","151536","491.488047","534819","1131547825","","0","","","13650","2415","","105000","complete","8.800177","","4","0","499500","45150","0","45.9726","","","","2250","results_prod_shelf","536400","","","13647","","54721179","15750","S(14)","",""
"cp-sat","","../products-and-shelves/product-and-shelves.mzn","../products-and-shelves/ps-75-14.dzn","UNKNOWN","1210.4303874708712","","minimize","","","","","532870","","","","","","13650","","","105150","","","","0","","499500","30660","0","46.627","","","","2250","results_prod_shelf","530280","","","","","","","","",""
"Huub_vsids","","../products-and-shelves/product-and-shelves.mzn","../products-and-shelves/ps-75-11.dzn","OPTIMAL_SOLUTION","211.71361798420548","435208","minimize","529568","","35893","139.566358","534819","525202734","","0","","","13650","0","","105000","complete","8.593377","","1","0","499500","45150","0","48.6849","","","","2250","results_prod_shelf","536400","","","13647","","4431395","15750","S(13)","",""
"chuffed","","../products-and-shelves/product-and-shelves.mzn","../products-and-shelves/ps-50-06.dzn","OPTIMAL_SOLUTION","75.70716468431056","5321","minimize","305196","55.11","14284","56.386","161595","226352133","","","362079","14284","6099","6","0.0","34000","","2.673","601625","6","","","160300","0","13.2993","0.0","368180","","1000","results_prod_shelf","160400","558606","6099","","","","","15","-1299873250","0.63"
"chuffed","","../products-and-shelves/product-and-shelves.mzn","../products-and-shelves/ps-100-18.dzn","SATISFIED","1230.8334395233542","","minimize","","","","","1559698","","","","","","30199","","","297000","","","","1","","","1554300","0","136.448","","","","5000","results_prod_shelf","1554400","","","","","","","S(50)","",""
"chuffed","","../products-and-shelves/product-and-shelves.mzn","../products-and-shelves/ps-100-20.dzn","SATISFIED","1230.6239128764719","","minimize","","","","","1557690","","","","","","30199","","","295000","","","","1","","","1551500","0","135.948","","","","5000","results_prod_shelf","1552000","","","","","","","S(50)","",""
"Huub_user","","../products-and-shelves/product-and-shelves.mzn","../products-and-shelves/ps-100-16.dzn","OPTIMAL_SOLUTION","1012.72714808397","1350031","minimize","1552543","","96156","805.797333","1563794","3001122492","","0","","","30200","0","","296250","complete","25.61598","","3","0","1485000","101500","0","137.568","","","","5000","results_prod_shelf","1567750","","","30197","","20838506","35000","S(16)","",""
"cp-sat","","../products-and-shelves/product-and-shelves.mzn","../products-and-shelves/ps-50-08.dzn","OPTIMAL_SOLUTION","717.9603462982923","","minimize","","","25845","698.556","161947","134704904","","","159615","","6100","","","34300","","","","8","","147000","13720","0","13.2616","","","13","1000","results_prod_shelf","160760","","","","","","","13","",""
"Huub_user","","../products-and-shelves/product-and-shelves.mzn","../products-and-shelves/ps-50-09.dzn","OPTIMAL_SOLUTION","151.18353197537363","103141","minimize","160264","","144434","130.604098","162665","453092691","","0","","","6100","0","","34100","complete","2.539588","","1","0","147000","19880","0","13.3806","","","","1000","results_prod_shelf","163280","","","6097","","4288088","7000","S(20)","",""
"Huub_vsids","","../products-and-shelves/product-and-shelves.mzn","../products-and-shelves/ps-75-12.dzn","OPTIMAL_SOLUTION","342.48576826788485","422753","minimize","529568","","93933","272.574613","534819","983235085","","0","","","13650","0","","105000","complete","8.834711","","3","0","499500","45150","0","45.9133","","","","2250","results_prod_shelf","536400","","","13647","","8840483","15750","S(14)","",""
"Huub_free","","../products-and-shelves/product-and-shelves.mzn","../products-and-shelves/ps-25-01.dzn","OPTIMAL_SOLUTION","4.037016933783889","33729","minimize","19657","","10780","1.431485","20288","5953557","","0","","","1488","472","","5010","complete","0.27553","","3","0","16560","4620","0","1.68128","","","","240","results_prod_shelf","20370","","","1485","","207411","1680","S(5)","",""
"Huub_free","","../products-and-shelves/product-and-shelves.mzn","../products-and-shelves/ps-50-07.dzn","OPTIMAL_SOLUTION","31.848026927560568","284954","minimize","160043","","3544","11.994197","162544","60897387","","0","","","6100","30","","34000","complete","2.402671","","5","0","147000","19600","0","13.0266","","","","1000","results_prod_shelf","163100","","","6097","","1949888","7000","S(8)","",""
"cp-sat","","../products-and-shelves/product-and-shelves.mzn","../products-and-shelves/ps-25-02.dzn","OPTIMAL_SOLUTION","12.706587640568614","","minimize","","","5845","10.0802","21671","15368168","","","21661","","1550","","","5350","","","","5","","18000","3290","0","1.64984","","","6","250","results_prod_shelf","21320","","","","","","","6","",""
"Huub_user","","../products-and-shelves/product-and-shelves.mzn","../products-and-shelves/ps-25-05.dzn","OPTIMAL_SOLUTION","3.723076570779085","36575","minimize","20907","","2255","1.314604","21708","8619056","","0","","","1550","0","","5200","complete","0.300807","","1","0","18000","4410","0","1.50788","","","","250","results_prod_shelf","21710","","","1547","","265160","1750","S(10)","",""
"Huub_user","","../products-and-shelves/product-and-shelves.mzn","../products-and-shelves/ps-50-07.dzn","OPTIMAL_SOLUTION","33.07233374752104","287526","minimize","160043","","4684","12.448631","162544","60018483","","0","","","6100","0","","34000","complete","2.561668","","4","0","147000","19600","0","13.3555","","","","1000","results_prod_shelf","163100","","","6097","","1724822","7000","S(8)","",""
"cp-sat","","../products-and-shelves/product-and-shelves.mzn","../products-and-shelves/ps-50-06.dzn","UNKNOWN","1203.1477894559503","","minimize","","","","","161644","","","","","","6100","","","34000","","","","0","","147000","13300","0","13.6568","","","","1000","results_prod_shelf","160400","","","","","","","","",""
"gecode","","../products-and-shelves/product-and-shelves.mzn","../products-and-shelves/ps-50-06.dzn","UNKNOWN","1204.335967304185","","minimize","","","","","158004","","","","","","6100","","","29500","","","","0","","147000","7000","0","13.582","","","","1000","results_prod_shelf","155000","","","","","","","","",""
"cp-sat","","../products-and-shelves/product-and-shelves.mzn","../products-and-shelves/ps-25-01.dzn","OPTIMAL_SOLUTION","44.158933602273464","","minimize","","","89566","41.5838","20078","64346459","","","20433","","1488","","","5010","","","","6","","16560","3150","0","1.60318","","","5","240","results_prod_shelf","19740","","","","","","","5","",""
"Huub_vsids","","../products-and-shelves/product-and-shelves.mzn","../products-and-shelves/ps-50-06.dzn","OPTIMAL_SOLUTION","40.75766886211932","277101","minimize","160043","","3681","20.01704","162544","70514002","","0","","","6100","0","","34000","complete","2.486055","","1","0","147000","19600","0","13.5915","","","","1000","results_prod_shelf","163100","","","6097","","1092473","7000","S(15)","",""
"gecode","","../products-and-shelves/product-and-shelves.mzn","../products-and-shelves/ps-25-01.dzn","UNKNOWN","1200.577258374542","210","minimize","22489","","1710722","1198.67","19220","994362980","","","","","1488","0","","3960","","0.167328","3421623","0","","16560","1680","0","1.33101","","19968","","240","results_prod_shelf","18480","","","","0","","","","",""
"chuffed","","../products-and-shelves/product-and-shelves.mzn","../products-and-shelves/ps-75-13.dzn","SATISFIED","1211.6705779451877","","minimize","","","","","533098","","","","","","13649","","","105450","","","","3","","","530580","0","47.2724","","","","2250","results_prod_shelf","530640","","","","","","","S(28)","",""
"Huub_free","","../products-and-shelves/product-and-shelves.mzn","../products-and-shelves/ps-25-02.dzn","OPTIMAL_SOLUTION","3.141063589602709","36548","minimize","21240","","2050","0.506657","21891","2447840","","0","","","1550","20","","5350","complete","0.309841","","5","0","18000","4830","0","1.61302","","","","250","results_prod_shelf","21980","","","1547","","201244","1750","S(6)","",""
"chuffed","","../products-and-shelves/product-and-shelves.mzn","../products-and-shelves/ps-25-04.dzn","OPTIMAL_SOLUTION","5.5233110804110765","1323","minimize","38596","2.21","7246","2.822","21545","18040930","","","50639","7246","1549","2","0.0","5250","","0.365","96675","2","","","21150","0","1.71657","0.0","52190","","250","results_prod_shelf","21200","86839","1549","","","","","9","131082297","0.12"
"cp-sat","","../products-and-shelves/product-and-shelves.mzn","../products-and-shelves/ps-100-17.dzn","UNKNOWN","1229.2058111969382","","minimize","","","","","1559295","","","","","","30200","","","296500","","","","0","","1485000","68600","0","140.726","","","","5000","results_prod_shelf","1553800","","","","","","","","",""
"Huub_free","","../products-and-shelves/product-and-shelves.mzn","../products-and-shelves/ps-75-13.dzn","OPTIMAL_SOLUTION","377.656272219494","978557","minimize","530561","","121174","305.251891","535362","648822560","","0","","","13650","2983","","105450","complete","9.224126","","4","0","499500","46410","0","47.143","","","","2250","results_prod_shelf","537210","","","13647","","15370737","15750","S(13)","",""
"cp-sat","","../products-and-shelves/product-and-shelves.mzn","../products-and-shelves/ps-50-10.dzn","SATISFIED","1203.9257706068456","","minimize","","","33936","445.885","161139","64949517","","","159154","","6100","","","33500","","","","1","","147000","12600","0","13.4827","","","2","1000","results_prod_shelf","159800","","","","","","","S(20)","",""
"cp-sat","","../products-and-shelves/product-and-shelves.mzn","../products-and-shelves/ps-100-16.dzn","UNKNOWN","1230.9235303085297","","minimize","","","","","1559044","","","","","","30200","","","296250","","","","0","","1485000","68250","0","139.334","","","","5000","results_prod_shelf","1553500","","","","","","","","",""
"gecode","","../products-and-shelves/product-and-shelves.mzn","../products-and-shelves/ps-50-08.dzn","UNKNOWN","1204.5054355021566","","minimize","","","","","158061","","","","","","6100","","","29500","","","","0","","147000","7000","0","13.6051","","","","1000","results_prod_shelf","155000","","","","","","","","",""
"Huub_user","","../products-and-shelves/product-and-shelves.mzn","../products-and-shelves/ps-75-11.dzn","OPTIMAL_SOLUTION","206.07271263748407","435208","minimize","529568","","35893","137.163578","534819","525202734","","0","","","13650","0","","105000","complete","8.82679","","1","0","499500","45150","0","45.269","","","","2250","results_prod_shelf","536400","","","13647","","4431395","15750","S(13)","",""
"Huub_vsids","","../products-and-shelves/product-and-shelves.mzn","../products-and-shelves/ps-50-07.dzn","OPTIMAL_SOLUTION","32.185525704175234","287526","minimize","160043","","4684","11.979048","162544","60018483","","0","","","6100","0","","34000","complete","2.471769","","4","0","147000","19600","0","13.1386","","","","1000","results_prod_shelf","163100","","","6097","","1724822","7000","S(8)","",""
"Huub_free","","../products-and-shelves/product-and-shelves.mzn","../products-and-shelves/ps-25-05.dzn","OPTIMAL_SOLUTION","3.366196181625128","36575","minimize","20907","","1378","0.880517","21708","6416159","","0","","","1550","22","","5200","complete","0.295287","","1","0","18000","4410","0","1.54818","","","","250","results_prod_shelf","21710","","","1547","","183659","1750","S(10)","",""
"Huub_vsids","","../products-and-shelves/product-and-shelves.mzn","../products-and-shelves/ps-75-13.dzn","OPTIMAL_SOLUTION","220.54695323482156","428717","minimize","530561","","110593","147.081562","535362","421328783","","0","","","13650","0","","105450","complete","9.211899","","4","0","499500","46410","0","48.2167","","","","2250","results_prod_shelf","537210","","","13647","","3537475","15750","S(13)","",""
"chuffed","","../products-and-shelves/product-and-shelves.mzn","../products-and-shelves/ps-75-11.dzn","SATISFIED","1211.0333320777863","","minimize","","","","","532645","","","","","","13649","","","105000","","","","5","","","529950","0","46.6083","","","","2250","results_prod_shelf","530100","","","","","","","S(26)","",""
"cp-sat","","../products-and-shelves/product-and-shelves.mzn","../products-and-shelves/ps-75-13.dzn","UNKNOWN","1210.8934767879546","","minimize","","","","","533172","","","","","","13650","","","105450","","","","0","","499500","31080","0","50.2773","","","","2250","results_prod_shelf","530640","","","","","","","","",""
"Huub_vsids","","../products-and-shelves/product-and-shelves.mzn","../products-and-shelves/ps-100-16.dzn","OPTIMAL_SOLUTION","1034.0049799755216","1350031","minimize","1552543","","96156","824.437516","1563794","3001122492","","0","","","30200","0","","296250","complete","26.706489","","3","0","1485000","101500","0","137.241","","","","5000","results_prod_shelf","1567750","","","30197","","20838506","35000","S(16)","",""
"Huub_vsids","","../products-and-shelves/product-and-shelves.mzn","../products-and-shelves/ps-75-14.dzn","OPTIMAL_SOLUTION","228.6154178082943","388541","minimize","529899","","45565","159.444092","535000","556185890","","0","","","13650","0","","105150","complete","8.798238","","7","0","499500","45570","0","45.2825","","","","2250","results_prod_shelf","536670","","","13647","","6253856","15750","S(20)","",""
"cp-sat","","../products-and-shelves/product-and-shelves.mzn","../products-and-shelves/ps-50-09.dzn","UNKNOWN","1203.3521371148527","","minimize","","","","","161745","","","","","","6100","","","34100","","","","0","","147000","13440","0","13.8212","","","","1000","results_prod_shelf","160520","","","","","","","","",""
"chuffed","","../products-and-shelves/product-and-shelves.mzn","../products-and-shelves/ps-100-17.dzn","UNKNOWN","1231.6440527606755","","minimize","","","","","1559196","","","","","","30199","","","296500","","","","0","","","1553600","0","136.76","","","","5000","results_prod_shelf","1553800","","","","","","","","",""
"gecode","","../products-and-shelves/product-and-shelves.mzn","../products-and-shelves/ps-100-20.dzn","ERROR","221.9959744475782","","minimize","","","","","1539709","","MiniZinc stopped with a non-zero exit code, but did not output an error message. ","","","","30200","","","272500","","","","0","","1485000","35000","0","134.978","","","","5000","results_prod_shelf","1525000","","","","","","","","",""
"Huub_vsids","","../products-and-shelves/product-and-shelves.mzn","../products-and-shelves/ps-100-19.dzn","OPTIMAL_SOLUTION","768.81099896878","1298163","minimize","1553094","","43227","558.375363","1564095","2010300445","","0","","","30200","0","","296500","complete","26.202096","","6","0","1485000","102200","0","138.453","","","","5000","results_prod_shelf","1568200","","","30197","","17999936","35000","S(30)","",""
