"configuration","problem","model","data_file","status","time","propagations","blockType","objective","nSolutions","peakDepth","paths","flatBoolConstraints","flatIntVars","flatTime","restarts","run","method","failures","unifiedVariables","evaluatedReifiedConstraints","extractedViews","flatIntConstraints","initTime","propagators","intVariables","evaluatedHalfReifiedConstraints","oracleDecisions","solveTime","userDecisions","flatBoolVars"
"Huub_free_diffn","","../container-loading/container-loading.mzn","../container-loading/cl02.dzn","SATISFIED","1200.617334461771","5428553","complete","8820","25","3946","0","960","1205","0.230084","326","results_free_container","minimize","17401","0","2688","600","1758","0.04113","2118","605","","255223","1199.744495","0","1728"
"Huub_free_diffn","","../container-loading/container-loading.mzn","../container-loading/cl05.dzn","SATISFIED","1200.614378024824","21056810","complete","4752","29","1823","0","570","725","0.191759","1805","results_free_container","minimize","150145","0","1596","360","1050","0.030241","1260","365","","563879","1199.783497","0","1026"
"Huub_free_basic","","../container-loading/container-loading.mzn","../container-loading/cl08.dzn","SATISFIED","1200.1679980251938","22841166","complete","4950","50","2100","0","620","785","0.127725","2026","results_free_container","minimize","165236","0","1736","390","1140","0.027079","1370","395","","651720","1199.86049","0","1116"
"Huub_free_m+s","","../container-loading/container-loading.mzn","../container-loading/cl10.dzn","SATISFIED","1200.5636708410457","3293113","complete","21413","36","7571","0","1210","1505","0.226044","167","results_free_container","minimize","6481","0","3388","750","2208","0.062702","2668","755","","268806","1199.741715","0","2178"
"Huub_free_m+o","","../container-loading/container-loading.mzn","../container-loading/cl09.dzn","SATISFIED","1200.5337421400473","5425996","complete","13572","48","5251","0","960","1205","0.206411","314","results_free_container","minimize","17372","0","2688","600","1758","0.047055","2118","605","","313405","1199.751472","0","1728"
"Huub_free_basic","","../container-loading/container-loading.mzn","../container-loading/cl02.dzn","SATISFIED","1200.6142316907644","9335386","complete","7840","28","3191","0","960","1205","0.228201","482","results_free_container","minimize","58215","0","2688","600","1758","0.040862","2118","605","","308229","1199.739616","0","1728"
"Huub_free_no_gen_bounds","","../container-loading/container-loading.mzn","../container-loading/cl10.dzn","SATISFIED","1200.3116001235321","2639848","complete","26730","28","6991","0","1210","1505","0.183241","146","results_free_container","minimize","7188","0","3388","750","2208","0.057796","2668","755","","199267","1199.881428","0","2178"
"Huub_free_decomp","","../container-loading/container-loading.mzn","../container-loading/cl10.dzn","SATISFIED","1204.2175949430093","5178393256","complete","16896","57","247767","0","32335","1505","10.3516","5211","results_free_container","minimize","202753","0","3388","750","188957","2.23855","189417","755","186750","17157745","1187.603522","0","188928"
"Huub_free_m+s","","../container-loading/container-loading.mzn","../container-loading/cl05.dzn","SATISFIED","1200.6201724261045","20781027","complete","4784","25","1928","0","570","725","0.196808","2199","results_free_container","minimize","163886","0","1596","360","1050","0.031703","1260","365","","588109","1199.791091","0","1026"
"Huub_free_no_gen_bounds","","../container-loading/container-loading.mzn","../container-loading/cl05.dzn","SATISFIED","1200.6431749770418","16018789","complete","4968","31","1945","0","570","725","0.194588","1630","results_free_container","minimize","140401","0","1596","360","1050","0.02929","1260","365","","553232","1199.818028","0","1026"
"Huub_free_m+s","","../container-loading/container-loading.mzn","../container-loading/cl03.dzn","SATISFIED","1200.4964637840167","6059940","complete","7560","50","7942","0","960","1205","0.182799","406","results_free_container","minimize","20438","0","2688","600","1758","0.042767","2118","605","","332220","1199.767147","0","1728"
"Huub_free_s+o","","../container-loading/container-loading.mzn","../container-loading/cl11.dzn","SATISFIED","1200.5518996398896","34128150","complete","5130","37","1475","0","470","605","0.192205","3154","results_free_container","minimize","307917","0","1316","300","870","0.026204","1040","305","","951843","1199.792048","0","846"
"Huub_free_no_gen_bounds","","../container-loading/container-loading.mzn","../container-loading/cl09.dzn","SATISFIED","1200.5755250267684","4352500","complete","13398","48","3734","0","960","1205","0.206017","248","results_free_container","minimize","20719","0","2688","600","1758","0.04665","2118","605","","308837","1199.793596","0","1728"
"Huub_free_s+o","","../container-loading/container-loading.mzn","../container-loading/cl12.dzn","SATISFIED","1200.5320926234126","25207525","complete","6048","45","3019","0","570","725","0.137779","2108","results_free_container","minimize","180903","0","1596","360","1050","0.030896","1260","365","","765839","1199.846921","0","1026"
"Huub_free_diffn","","../container-loading/container-loading.mzn","../container-loading/cl11.dzn","SATISFIED","1200.5594104258344","26302037","complete","5040","44","1641","0","470","605","0.1923","2936","results_free_container","minimize","206284","0","1316","300","870","0.026111","1040","305","","764536","1199.799546","0","846"
"Huub_free_basic","","../container-loading/container-loading.mzn","../container-loading/cl01.dzn","SATISFIED","1200.598288883455","28071097","complete","4050","52","2707","0","465","605","0.197363","1197","results_free_container","minimize","273416","0","1302","300","864","0.024327","1029","305","","541923","1199.782432","0","837"
"Huub_free_basic","","../container-loading/container-loading.mzn","../container-loading/cl07.dzn","SATISFIED","1200.5092562958598","9626195","complete","10336","48","3356","0","960","1205","0.201575","586","results_free_container","minimize","48890","0","2688","600","1758","0.043863","2118","605","","309591","1199.760097","0","1728"
"Huub_free_s+o","","../container-loading/container-loading.mzn","../container-loading/cl06.dzn","SATISFIED","1200.6440145010129","9484208","complete","11340","24","2599","0","960","1205","0.236159","713","results_free_container","minimize","43925","0","2688","600","1758","0.041475","2118","605","","334046","1199.79268","0","1728"
"Huub_free_diffn","","../container-loading/container-loading.mzn","../container-loading/cl10.dzn","SATISFIED","1200.5808758260682","3629089","complete","23328","38","4295","0","1210","1505","0.22692","185","results_free_container","minimize","14196","0","3388","750","2208","0.060325","2668","755","","273641","1199.770922","0","2178"
"Huub_free_s+o","","../container-loading/container-loading.mzn","../container-loading/cl15.dzn","SATISFIED","1200.6438009580597","3783208","complete","23184","35","9256","0","1200","1505","0.226761","90","results_free_container","minimize","9344","0","3360","750","2196","0.061679","2646","755","","290063","1199.78868","0","2160"
"Huub_free_decomp","","../container-loading/container-loading.mzn","../container-loading/cl07.dzn","SATISFIED","1202.8779601780698","5674989147","complete","10560","41","156576","0","20860","1205","6.47465","10935","results_free_container","minimize","283719","0","2688","600","121157","1.434096","121517","605","119400","12655254","1192.213928","0","121128"
"Huub_free_m+s","","../container-loading/container-loading.mzn","../container-loading/cl08.dzn","SATISFIED","1200.3535143770278","20874509","complete","4896","47","2381","0","620","785","0.158447","1304","results_free_container","minimize","181652","0","1736","390","1140","0.031732","1370","395","","519457","1199.824159","0","1116"
"Huub_free_decomp","","../container-loading/container-loading.mzn","../container-loading/cl12.dzn","SATISFIED","1201.0104120709002","6512590210","complete","5568","51","53326","0","7710","725","2.25423","29015","results_free_container","minimize","815658","0","1596","360","43889","0.480128","44099","365","42840","15827468","1197.299002","0","43866"
"Huub_free_basic","","../container-loading/container-loading.mzn","../container-loading/cl10.dzn","SATISFIED","1200.2478381618857","5908415","complete","16698","41","8491","0","1210","1505","0.183891","132","results_free_container","minimize","25893","0","3388","750","2208","0.059208","2668","755","","369305","1199.801952","0","2178"
"Huub_free_m+s","","../container-loading/container-loading.mzn","../container-loading/cl02.dzn","SATISFIED","1200.5558744855225","6055147","complete","7560","30","3372","0","960","1205","0.237666","408","results_free_container","minimize","23533","0","2688","600","1758","0.039721","2118","605","","270081","1199.72957","0","1728"
"Huub_free_basic","","../container-loading/container-loading.mzn","../container-loading/cl12.dzn","SATISFIED","1200.254250000231","23936875","complete","6048","40","1647","0","570","725","0.141397","2107","results_free_container","minimize","203265","0","1596","360","1050","0.026241","1260","365","","680646","1199.851348","0","1026"
"Huub_free_no_gen_bounds","","../container-loading/container-loading.mzn","../container-loading/cl01.dzn","SATISFIED","1200.5542976530269","18928799","complete","3960","2","1149","0","465","605","0.193765","2402","results_free_container","minimize","322635","0","1302","300","864","0.025917","1029","305","","656743","1199.798633","0","837"
"Huub_free_s+o","","../container-loading/container-loading.mzn","../container-loading/cl13.dzn","SATISFIED","1200.2272217255086","25312389","complete","7866","46","2501","0","615","785","0.137721","2257","results_free_container","minimize","178339","0","1722","390","1134","0.02901","1359","395","","683926","1199.854761","0","1107"
"Huub_free_no_gen_bounds","","../container-loading/container-loading.mzn","../container-loading/cl15.dzn","SATISFIED","1200.5070228725672","1773349","complete","34992","19","5722","0","1200","1505","0.224512","63","results_free_container","minimize","4373","0","3360","750","2196","0.061019","2646","755","","182853","1199.775648","0","2160"
"Huub_free_no_gen_bounds","","../container-loading/container-loading.mzn","../container-loading/cl08.dzn","SATISFIED","1200.521009337157","14478077","complete","4914","38","2734","0","620","785","0.141595","1440","results_free_container","minimize","117658","0","1736","390","1140","0.030146","1370","395","","514967","1199.833959","0","1116"
"Huub_free_s+o","","../container-loading/container-loading.mzn","../container-loading/cl04.dzn","SATISFIED","1200.384033835493","33038780","complete","3264","31","1431","0","465","605","0.12178","3566","results_free_container","minimize","252735","0","1302","300","864","0.024901","1029","305","","962765","1199.859817","0","837"
"Huub_free_basic","","../container-loading/container-loading.mzn","../container-loading/cl04.dzn","SATISFIED","1200.2782136481255","28665546","complete","3360","44","2555","0","465","605","0.121847","3471","results_free_container","minimize","254350","0","1302","300","864","0.023974","1029","305","","902295","1199.866114","0","837"
"Huub_free_basic","","../container-loading/container-loading.mzn","../container-loading/cl03.dzn","SATISFIED","1200.6456681005657","9767680","complete","7315","45","6358","0","960","1205","0.177288","431","results_free_container","minimize","47634","0","2688","600","1758","0.044101","2118","605","","353354","1199.867931","0","1728"
"Huub_free_diffn","","../container-loading/container-loading.mzn","../container-loading/cl04.dzn","SATISFIED","1200.2728907987475","21049702","complete","3360","38","1211","0","465","605","0.120401","2305","results_free_container","minimize","144171","0","1302","300","864","0.025651","1029","305","","649540","1199.862291","0","837"
"Huub_free_diffn","","../container-loading/container-loading.mzn","../container-loading/cl09.dzn","SATISFIED","1200.670893061906","6454264","complete","13608","48","5251","0","960","1205","0.204377","302","results_free_container","minimize","26030","0","2688","600","1758","0.047433","2118","605","","318788","1199.892444","0","1728"
"Huub_free_no_gen_bounds","","../container-loading/container-loading.mzn","../container-loading/cl13.dzn","SATISFIED","1200.4084323467687","13305688","complete","8100","34","1728","0","615","785","0.13465","1484","results_free_container","minimize","103885","0","1722","390","1134","0.028784","1359","395","","444382","1199.866564","0","1107"
"Huub_free_m+s","","../container-loading/container-loading.mzn","../container-loading/cl15.dzn","SATISFIED","1200.565790633671","3045072","complete","29484","30","9881","0","1200","1505","0.224071","113","results_free_container","minimize","8676","0","3360","750","2196","0.065184","2646","755","","247701","1199.763117","0","2160"
"Huub_free_diffn","","../container-loading/container-loading.mzn","../container-loading/cl08.dzn","SATISFIED","1200.3813524032012","17870059","complete","5130","36","2172","0","620","785","0.15684","1612","results_free_container","minimize","104897","0","1736","390","1140","0.030259","1370","395","","535409","1199.841881","0","1116"
"Huub_free_no_gen_bounds","","../container-loading/container-loading.mzn","../container-loading/cl03.dzn","SATISFIED","1200.498234450817","4931691","complete","7866","49","5569","0","960","1205","0.183341","261","results_free_container","minimize","14483","0","2688","600","1758","0.042375","2118","605","","289220","1199.766479","0","1728"
"Huub_free_diffn","","../container-loading/container-loading.mzn","../container-loading/cl14.dzn","SATISFIED","1200.5173135716468","22843051","complete","5632","34","1681","0","570","725","0.153619","2147","results_free_container","minimize","155349","0","1596","360","1050","0.030143","1260","365","","596917","1199.829075","0","1026"
"Huub_free_m+o","","../container-loading/container-loading.mzn","../container-loading/cl15.dzn","SATISFIED","1200.5200997386128","2456455","complete","23850","43","10160","0","1200","1505","0.215766","55","results_free_container","minimize","3232","0","3360","750","2196","0.064484","2646","755","","246762","1199.7222","0","2160"
"Huub_free_decomp","","../container-loading/container-loading.mzn","../container-loading/cl11.dzn","SATISFIED","1201.0629622628912","6378521077","complete","4872","42","32104","0","5420","605","1.6741","43211","results_free_container","minimize","1178978","0","1316","300","30569","0.340323","30739","305","29700","15480960","1198.007543","0","30546"
"Huub_free_decomp","","../container-loading/container-loading.mzn","../container-loading/cl01.dzn","SATISFIED","1201.0429166611284","7180333445","complete","3870","37","37434","0","5415","605","1.68302","56000","results_free_container","minimize","1355143","0","1302","300","30529","0.342795","30694","305","29666","15524429","1197.993877","0","30503"
"Huub_free_basic","","../container-loading/container-loading.mzn","../container-loading/cl06.dzn","SATISFIED","1200.5179371070117","10069884","complete","10500","38","2599","0","960","1205","0.18709","627","results_free_container","minimize","58969","0","2688","600","1758","0.041427","2118","605","","307410","1199.786199","0","1728"
"Huub_free_m+o","","../container-loading/container-loading.mzn","../container-loading/cl04.dzn","SATISFIED","1200.407520968467","22190263","complete","3420","36","1211","0","465","605","0.122156","2394","results_free_container","minimize","176574","0","1302","300","864","0.026574","1029","305","","655099","1199.870519","0","837"
"Huub_free_m+o","","../container-loading/container-loading.mzn","../container-loading/cl07.dzn","SATISFIED","1200.1954640271142","5909494","complete","12168","35","2627","0","960","1205","0.161222","473","results_free_container","minimize","25191","0","2688","600","1758","0.040369","2118","605","","212210","1199.809541","0","1728"
"Huub_free_no_gen_bounds","","../container-loading/container-loading.mzn","../container-loading/cl02.dzn","SATISFIED","1200.6338663157076","4609770","complete","8160","29","4048","0","960","1205","0.23287","268","results_free_container","minimize","19305","0","2688","600","1758","0.040458","2118","605","","257854","1199.760417","0","1728"
"Huub_free_diffn","","../container-loading/container-loading.mzn","../container-loading/cl13.dzn","SATISFIED","1200.1567644309253","16809282","complete","8100","44","2174","0","615","785","0.125053","1374","results_free_container","minimize","113612","0","1722","390","1134","0.027593","1359","395","","491922","1199.871817","0","1107"
"Huub_free_basic","","../container-loading/container-loading.mzn","../container-loading/cl11.dzn","SATISFIED","1200.5636722035706","32243981","complete","4800","40","1312","0","470","605","0.195294","2746","results_free_container","minimize","362216","0","1316","300","870","0.02453","1040","305","","874442","1199.805759","0","846"
"Huub_free_m+o","","../container-loading/container-loading.mzn","../container-loading/cl10.dzn","SATISFIED","1200.5806261738762","3606929","complete","25056","36","4295","0","1210","1505","0.229906","188","results_free_container","minimize","14214","0","3388","750","2208","0.06005","2668","755","","265817","1199.764457","0","2178"
"Huub_free_decomp","","../container-loading/container-loading.mzn","../container-loading/cl14.dzn","SATISFIED","1201.1924464777112","6656371039","complete","5400","46","56102","0","7710","725","2.30479","34181","results_free_container","minimize","1042292","0","1596","360","43884","0.490037","44094","365","42835","12892372","1197.244618","0","43861"
"Huub_free_decomp","","../container-loading/container-loading.mzn","../container-loading/cl08.dzn","SATISFIED","1201.1367307472974","7159891857","complete","4590","59","54505","0","9005","785","2.73194","31520","results_free_container","minimize","702489","0","1736","390","51449","0.569037","51679","395","50310","11603553","1196.739376","0","51426"
"Huub_free_m+s","","../container-loading/container-loading.mzn","../container-loading/cl06.dzn","SATISFIED","1200.645805535838","6009976","complete","10500","31","2502","0","960","1205","0.234678","562","results_free_container","minimize","31034","0","2688","600","1758","0.041766","2118","605","","226855","1199.771706","0","1728"
"Huub_free_basic","","../container-loading/container-loading.mzn","../container-loading/cl09.dzn","SATISFIED","1200.5797534650192","10571227","complete","12474","32","3389","0","960","1205","0.205288","666","results_free_container","minimize","61932","0","2688","600","1758","0.04647","2118","605","","388054","1199.793265","0","1728"
"Huub_free_s+o","","../container-loading/container-loading.mzn","../container-loading/cl14.dzn","SATISFIED","1200.5340960714966","33228978","complete","5472","46","1947","0","570","725","0.151447","2769","results_free_container","minimize","260448","0","1596","360","1050","0.031752","1260","365","","775119","1199.830347","0","1026"
"Huub_free_no_gen_bounds","","../container-loading/container-loading.mzn","../container-loading/cl07.dzn","SATISFIED","1200.6094517065212","4617305","complete","11020","39","3983","0","960","1205","0.201521","326","results_free_container","minimize","20186","0","2688","600","1758","0.044207","2118","605","","192849","1199.839957","0","1728"
"Huub_free_m+s","","../container-loading/container-loading.mzn","../container-loading/cl13.dzn","SATISFIED","1200.2483516177163","18720708","complete","7920","49","2403","0","615","785","0.128483","1591","results_free_container","minimize","152576","0","1722","390","1134","0.028124","1359","395","","477169","1199.893484","0","1107"
"Huub_free_m+s","","../container-loading/container-loading.mzn","../container-loading/cl12.dzn","SATISFIED","1200.539509373717","20625401","complete","5880","39","2436","0","570","725","0.136817","1658","results_free_container","minimize","180637","0","1596","360","1050","0.031598","1260","365","","550451","1199.857682","0","1026"
"Huub_free_no_gen_bounds","","../container-loading/container-loading.mzn","../container-loading/cl11.dzn","SATISFIED","1200.5517269857228","20031774","complete","5100","32","1397","0","470","605","0.19069","2642","results_free_container","minimize","192668","0","1316","300","870","0.025941","1040","305","","755334","1199.797634","0","846"
"Huub_free_s+o","","../container-loading/container-loading.mzn","../container-loading/cl09.dzn","SATISFIED","1200.58271096088","9571206","complete","14175","42","3812","0","960","1205","0.206184","607","results_free_container","minimize","35125","0","2688","600","1758","0.04729","2118","605","","425265","1199.803784","0","1728"
"Huub_free_m+s","","../container-loading/container-loading.mzn","../container-loading/cl04.dzn","SATISFIED","1200.4216871047392","21353179","complete","3360","53","2380","0","465","605","0.121791","2453","results_free_container","minimize","208131","0","1302","300","864","0.02721","1029","305","","704848","1199.881205","0","837"
"Huub_free_m+o","","../container-loading/container-loading.mzn","../container-loading/cl06.dzn","SATISFIED","1200.659427108243","6096355","complete","11520","21","2599","0","960","1205","0.234463","609","results_free_container","minimize","24031","0","2688","600","1758","0.041858","2118","605","","218143","1199.773864","0","1728"
"Huub_free_s+o","","../container-loading/container-loading.mzn","../container-loading/cl08.dzn","SATISFIED","1200.3423253893852","25820426","complete","4800","42","1595","0","620","785","0.151626","2188","results_free_container","minimize","190129","0","1736","390","1140","0.031859","1370","395","","671994","1199.829341","0","1116"
"Huub_free_decomp","","../container-loading/container-loading.mzn","../container-loading/cl04.dzn","SATISFIED","1200.8062589820474","5318864315","complete","3168","60","36022","0","5415","605","1.68671","35531","results_free_container","minimize","1086369","0","1302","300","30563","0.352216","30728","305","29700","14548409","1197.985481","0","30537"
"Huub_free_no_gen_bounds","","../container-loading/container-loading.mzn","../container-loading/cl06.dzn","SATISFIED","1200.5689631849527","4851420","complete","11160","34","2598","0","960","1205","0.183104","385","results_free_container","minimize","21102","0","2688","600","1758","0.040678","2118","605","","185885","1199.835951","0","1728"
"Huub_free_m+o","","../container-loading/container-loading.mzn","../container-loading/cl03.dzn","SATISFIED","1200.564692929387","4764717","complete","8208","44","4869","0","960","1205","0.183983","289","results_free_container","minimize","10990","0","2688","600","1758","0.042982","2118","605","","281870","1199.83527","0","1728"
"Huub_free_diffn","","../container-loading/container-loading.mzn","../container-loading/cl01.dzn","SATISFIED","1200.5581637937576","25855420","complete","3971","30","1338","0","465","605","0.192727","2761","results_free_container","minimize","211927","0","1302","300","864","0.026229","1029","305","","694535","1199.797482","0","837"
"Huub_free_m+o","","../container-loading/container-loading.mzn","../container-loading/cl01.dzn","SATISFIED","1200.543986145407","25268367","complete","3870","33","1338","0","465","605","0.196487","2204","results_free_container","minimize","268936","0","1302","300","864","0.025856","1029","305","","666782","1199.783749","0","837"
"Huub_free_decomp","","../container-loading/container-loading.mzn","../container-loading/cl02.dzn","SATISFIED","1202.963456290774","5712203305","complete","7590","29","155193","0","20860","1205","6.37665","10584","results_free_container","minimize","346968","0","2688","600","121135","1.427481","121495","605","119378","12075995","1192.320765","0","121106"
"Huub_free_diffn","","../container-loading/container-loading.mzn","../container-loading/cl15.dzn","SATISFIED","1200.610308231786","2474583","complete","27972","36","10160","0","1200","1505","0.222053","68","results_free_container","minimize","3212","0","3360","750","2196","0.06194","2646","755","","244020","1199.813507","0","2160"
"Huub_free_basic","","../container-loading/container-loading.mzn","../container-loading/cl14.dzn","SATISFIED","1200.3910085354","30739791","complete","5376","49","2408","0","570","725","0.150913","3044","results_free_container","minimize","226070","0","1596","360","1050","0.028437","1260","365","","764279","1199.832546","0","1026"
"Huub_free_m+s","","../container-loading/container-loading.mzn","../container-loading/cl11.dzn","SATISFIED","1200.5668502291664","27196490","complete","4950","36","2297","0","470","605","0.195477","2683","results_free_container","minimize","275793","0","1316","300","870","0.026747","1040","305","","741022","1199.803285","0","846"
"Huub_free_diffn","","../container-loading/container-loading.mzn","../container-loading/cl12.dzn","SATISFIED","1200.5354433413595","19448533","complete","5950","27","1565","0","570","725","0.136008","2111","results_free_container","minimize","113414","0","1596","360","1050","0.03081","1260","365","","579410","1199.853647","0","1026"
"Huub_free_basic","","../container-loading/container-loading.mzn","../container-loading/cl15.dzn","SATISFIED","1200.6140600563958","3448162","complete","33120","30","8865","0","1200","1505","0.222323","78","results_free_container","minimize","13455","0","3360","750","2196","0.063761","2646","755","","321560","1199.828487","0","2160"
"Huub_free_s+o","","../container-loading/container-loading.mzn","../container-loading/cl05.dzn","SATISFIED","1200.62680012919","29830253","complete","5070","35","2182","0","570","725","0.193718","2363","results_free_container","minimize","234739","0","1596","360","1050","0.029772","1260","365","","806034","1199.78395","0","1026"
"Huub_free_s+o","","../container-loading/container-loading.mzn","../container-loading/cl01.dzn","SATISFIED","1200.595690744929","22213071","complete","4185","38","1425","0","465","605","0.192414","431","results_free_container","minimize","288885","0","1302","300","864","0.026251","1029","305","","418820","1199.787251","0","837"
"Huub_free_decomp","","../container-loading/container-loading.mzn","../container-loading/cl03.dzn","SATISFIED","1202.9531197100878","5897382334","complete","7168","56","157457","0","20860","1205","6.43462","9005","results_free_container","minimize","325496","0","2688","600","121135","1.442798","121495","605","119378","14439756","1192.237438","0","121106"
"Huub_free_basic","","../container-loading/container-loading.mzn","../container-loading/cl05.dzn","SATISFIED","1200.6295023858547","27660349","complete","4875","30","1524","0","570","725","0.19455","2593","results_free_container","minimize","239293","0","1596","360","1050","0.027206","1260","365","","735026","1199.798498","0","1026"
"Huub_free_no_gen_bounds","","../container-loading/container-loading.mzn","../container-loading/cl14.dzn","SATISFIED","1200.4081983529031","17958599","complete","5520","19","1880","0","570","725","0.145259","2105","results_free_container","minimize","131023","0","1596","360","1050","0.030152","1260","365","","555811","1199.851915","0","1026"
"Huub_free_no_gen_bounds","","../container-loading/container-loading.mzn","../container-loading/cl04.dzn","SATISFIED","1200.2866658316925","19316232","complete","3360","49","1552","0","465","605","0.121179","2418","results_free_container","minimize","167873","0","1302","300","864","0.025209","1029","305","","678266","1199.876038","0","837"
"Huub_free_diffn","","../container-loading/container-loading.mzn","../container-loading/cl07.dzn","SATISFIED","1200.5677796686068","5897661","complete","11913","40","2627","0","960","1205","0.194222","434","results_free_container","minimize","21889","0","2688","600","1758","0.045328","2118","605","","211246","1199.824103","0","1728"
"Huub_free_m+s","","../container-loading/container-loading.mzn","../container-loading/cl01.dzn","SATISFIED","1200.5806401111186","24701188","complete","3978","48","3039","0","465","605","0.191703","3150","results_free_container","minimize","221155","0","1302","300","864","0.026596","1029","305","","757450","1199.817809","0","837"
"Huub_free_s+o","","../container-loading/container-loading.mzn","../container-loading/cl10.dzn","SATISFIED","1200.6555505506694","5643046","complete","19584","38","4394","0","1210","1505","0.226314","240","results_free_container","minimize","31643","0","3388","750","2208","0.062007","2668","755","","321673","1199.838528","0","2178"
"Huub_free_basic","","../container-loading/container-loading.mzn","../container-loading/cl13.dzn","SATISFIED","1200.4184670345858","25053474","complete","7488","42","1709","0","615","785","0.134461","1848","results_free_container","minimize","210715","0","1722","390","1134","0.029405","1359","395","","578317","1199.874334","0","1107"
"Huub_free_decomp","","../container-loading/container-loading.mzn","../container-loading/cl13.dzn","SATISFIED","1201.1690292470157","6732337455","complete","7650","52","63414","0","9000","785","2.63348","31475","results_free_container","minimize","769153","0","1722","390","51443","0.565013","51668","395","50310","12612741","1196.844542","0","51417"
"Huub_free_m+o","","../container-loading/container-loading.mzn","../container-loading/cl08.dzn","SATISFIED","1200.3486864492297","15865023","complete","5040","39","2172","0","620","785","0.150275","1288","results_free_container","minimize","98752","0","1736","390","1140","0.031128","1370","395","","504424","1199.831788","0","1116"
"Huub_free_m+o","","../container-loading/container-loading.mzn","../container-loading/cl12.dzn","SATISFIED","1200.5167759796605","18328887","complete","5950","28","1565","0","570","725","0.136245","1530","results_free_container","minimize","134603","0","1596","360","1050","0.032798","1260","365","","526240","1199.834086","0","1026"
"Huub_free_decomp","","../container-loading/container-loading.mzn","../container-loading/cl09.dzn","SATISFIED","1202.9898953838274","5919555789","complete","12880","38","155453","0","20860","1205","6.43813","9898","results_free_container","minimize","318906","0","2688","600","121157","1.445582","121517","605","119400","11637249","1192.23534","0","121128"
"Huub_free_m+o","","../container-loading/container-loading.mzn","../container-loading/cl05.dzn","SATISFIED","1200.6293518841267","19992697","complete","5040","28","1823","0","570","725","0.190953","1736","results_free_container","minimize","130543","0","1596","360","1050","0.028606","1260","365","","560257","1199.801403","0","1026"
"Huub_free_m+o","","../container-loading/container-loading.mzn","../container-loading/cl13.dzn","SATISFIED","1200.1566654946655","15874652","complete","7920","42","2174","0","615","785","0.128015","1599","results_free_container","minimize","93299","0","1722","390","1134","0.027496","1359","395","","500039","1199.853037","0","1107"
"Huub_free_s+o","","../container-loading/container-loading.mzn","../container-loading/cl02.dzn","SATISFIED","1200.6340877516195","9515623","complete","8190","28","3584","0","960","1205","0.230177","482","results_free_container","minimize","49603","0","2688","600","1758","0.041308","2118","605","","323504","1199.757794","0","1728"
"Huub_free_s+o","","../container-loading/container-loading.mzn","../container-loading/cl03.dzn","SATISFIED","1200.5178469065577","10860554","complete","7980","39","3516","0","960","1205","0.18326","484","results_free_container","minimize","57139","0","2688","600","1758","0.043294","2118","605","","377709","1199.790526","0","1728"
"Huub_free_decomp","","../container-loading/container-loading.mzn","../container-loading/cl06.dzn","SATISFIED","1202.899533610791","5379109761","complete","10868","33","156024","0","20860","1205","6.46575","10288","results_free_container","minimize","312691","0","2688","600","121157","1.4551","121517","605","119400","11569709","1192.192582","0","121128"
"Huub_free_m+s","","../container-loading/container-loading.mzn","../container-loading/cl14.dzn","SATISFIED","1200.5298829199746","23615788","complete","5120","42","2299","0","570","725","0.153579","2426","results_free_container","minimize","191057","0","1596","360","1050","0.031455","1260","365","","587073","1199.832746","0","1026"
"Huub_free_no_gen_bounds","","../container-loading/container-loading.mzn","../container-loading/cl12.dzn","SATISFIED","1200.1712880404666","14671994","complete","6300","52","1567","0","570","725","0.120556","1507","results_free_container","minimize","116602","0","1596","360","1050","0.025729","1260","365","","527335","1199.882605","0","1026"
"Huub_free_diffn","","../container-loading/container-loading.mzn","../container-loading/cl03.dzn","SATISFIED","1200.6066403761506","6024354","complete","8208","44","4869","0","960","1205","0.17398","271","results_free_container","minimize","17384","0","2688","600","1758","0.043063","2118","605","","281304","1199.872796","0","1728"
"Huub_free_m+o","","../container-loading/container-loading.mzn","../container-loading/cl02.dzn","SATISFIED","1200.54806278646","4556959","complete","8400","28","3946","0","960","1205","0.241475","309","results_free_container","minimize","12014","0","2688","600","1758","0.039919","2118","605","","245616","1199.732695","0","1728"
"Huub_free_decomp","","../container-loading/container-loading.mzn","../container-loading/cl05.dzn","SATISFIED","1201.4026442663744","7170101648","complete","4810","39","56489","0","7710","725","2.27477","38280","results_free_container","minimize","988770","0","1596","360","43877","0.481931","44087","365","42828","15684805","1197.27706","0","43854"
"Huub_free_decomp","","../container-loading/container-loading.mzn","../container-loading/cl15.dzn","SATISFIED","1204.3647924512625","5313205710","complete","18500","61","244915","0","32325","1505","10.3458","5382","results_free_container","minimize","177351","0","3360","750","188896","2.289671","189346","755","186701","18818867","1187.550198","0","188861"
"Huub_free_s+o","","../container-loading/container-loading.mzn","../container-loading/cl07.dzn","SATISFIED","1200.2021109703928","9675560","complete","11400","34","2627","0","960","1205","0.163241","521","results_free_container","minimize","50370","0","2688","600","1758","0.039579","2118","605","","308848","1199.847699","0","1728"
"Huub_free_m+s","","../container-loading/container-loading.mzn","../container-loading/cl07.dzn","SATISFIED","1200.2112251231447","8279039","complete","10868","38","2502","0","960","1205","0.159861","480","results_free_container","minimize","55766","0","2688","600","1758","0.040165","2118","605","","241748","1199.806326","0","1728"
"Huub_free_m+o","","../container-loading/container-loading.mzn","../container-loading/cl11.dzn","SATISFIED","1200.5645080776885","23540426","complete","4950","44","1641","0","470","605","0.19375","2092","results_free_container","minimize","232073","0","1316","300","870","0.02607","1040","305","","652530","1199.801007","0","846"
"Huub_free_m+o","","../container-loading/container-loading.mzn","../container-loading/cl14.dzn","SATISFIED","1200.5328380065039","22117590","complete","5940","32","1681","0","570","725","0.153025","2020","results_free_container","minimize","137872","0","1596","360","1050","0.030709","1260","365","","590638","1199.837286","0","1026"
"Huub_free_diffn","","../container-loading/container-loading.mzn","../container-loading/cl06.dzn","SATISFIED","1200.6504772417247","6172528","complete","11844","26","5055","0","960","1205","0.228592","517","results_free_container","minimize","28176","0","2688","600","1758","0.041541","2118","605","","231370","1199.803785","0","1728"
"Huub_free_m+s","","../container-loading/container-loading.mzn","../container-loading/cl09.dzn","SATISFIED","1200.2781863277778","5857819","complete","12789","51","5657","0","960","1205","0.154582","316","results_free_container","minimize","20450","0","2688","600","1758","0.042583","2118","605","","357670","1199.924508","0","1728"
