"configuration","problem","model","data_file","status","time","unifiedVariables","userDecisions","initTime","flatIntConstraints","backjumps","flatBoolVars","intVars","optTime","propagations","peakMem","randomSeed","variables","peakDepth","trailMem","boolVariables","solutions","nSolutions","evaluatedReifiedConstraints","nogoods","solveTime","intVariables","objective","method","paths","objectiveBound","failures","flatTime","flatBoolConstraints","restarts","oracleDecisions","flatIntVars","evaluatedHalfReifiedConstraints","nodes","propagators","blockType","run","extractedViews","baseMem","error"
"gecode","","../carpet-cutting/cc_base-fixed.mzn","../carpet-cutting/mzn_rnd_test.17.dzn","SATISFIED","1201.2298211362213","","","0.14852","320","","118","","","9511369557","","","435","111","","","7","7","87","","1199.81","","2352","minimize","0","","5379514","0.209966","85","0","","189","39","10759242","94467","","results_carpet_new","","",""
"Huub_user_s+o","","../carpet-cutting/cc_base-fixed.mzn","../carpet-cutting/mzn_rnd_test.04.dzn","UNKNOWN","1206.4758783653378","0","","7.833217","325738","","245773","","","","","","","","","","","0","169687","","","44537","","minimize","0","","","9.99719","76177","","","151903","20","","81277","init","results_carpet_new","204783","",""
"Huub_user_diffn","","../carpet-cutting/cc_base-fixed.mzn","../carpet-cutting/mzn_rnd_test.05.dzn","UNKNOWN","1206.3135168375447","0","","8.486611","309206","","225713","","","","","","","","","","","0","156366","","","46927","","minimize","0","","","9.35023","69431","","","148741","14","","84320","init","results_carpet_new","181484","",""
"Huub_user_basic","","../carpet-cutting/cc_base-fixed.mzn","../carpet-cutting/mzn_rnd_test.14.dzn","UNKNOWN","1208.9061021311209","0","","11.978562","506357","","399302","","","","","","","","","","","0","273928","","","62106","","minimize","0","","","16.1144","125481","","","227513","32","","129566","init","results_carpet_new","343270","",""
"chuffed","","../carpet-cutting/cc_base-fixed.mzn","../carpet-cutting/mzn_rnd_test.17.dzn","SATISFIED","1201.291446578689","","","0.097","4801","3120873","4630","225","618.903","5783443891","0.0","-845885318","74564","75","0.28","74337","","10","4651","4545188","1199.622","","2171","minimize","0","","4545188","0.374768","1253","10","","169","1","7666829","9341","","results_carpet_new","","0.0",""
"gecode","","../carpet-cutting/cc_base-fixed.mzn","../carpet-cutting/mzn_rnd_test.08.dzn","SATISFIED","1201.32945723366","","","0.140765","376","","116","","","543732899","","","435","97","","","31","31","93","","1199.82","","3954","minimize","0","","426823","0.198758","69","0","","226","31","854330","108737","","results_carpet_new","","",""
"cp-sat","","../carpet-cutting/cc_base-fixed.mzn","../carpet-cutting/mzn_rnd_test.12.dzn","OPTIMAL_SOLUTION","5.670004894956946","","","","101","","29","","","20202639","","","","","","1626","","33","29","","4.93261","","621","minimize","0","621","102517","0.174073","20","","","65","5","","","","results_carpet_new","","",""
"Huub_user_m+s","","../carpet-cutting/cc_base-fixed.mzn","../carpet-cutting/mzn_rnd_test.18.dzn","UNKNOWN","1202.6726979725063","0","","1.722614","94969","","61282","","","","","","","","","","","0","45244","","","11416","","minimize","0","","","2.95558","16196","","","48937","38","","33635","init","results_carpet_new","51465","",""
"gecode","","../carpet-cutting/cc_base-fixed.mzn","../carpet-cutting/mzn_rnd_test.19.dzn","SATISFIED","1200.6976954648271","","","0.047629","247","","61","","","15728246761","","","307","96","","","42","42","50","","1199.81","","2438","minimize","0","","3596306","0.194544","28","0","","166","11","7192944","38318","","results_carpet_new","","",""
"Huub_user_m+s","","../carpet-cutting/cc_base-fixed.mzn","../carpet-cutting/mzn_rnd_test.05.dzn","UNKNOWN","1206.6413210052997","0","","8.814735","309206","","225713","","","","","","","","","","","0","156366","","","46927","","minimize","0","","","9.58026","69431","","","148741","14","","84320","init","results_carpet_new","181484","",""
"Huub_user_decomp","","../carpet-cutting/cc_base-fixed.mzn","../carpet-cutting/mzn_rnd_test.05.dzn","UNKNOWN","1206.6360861388966","0","","8.315208","310217","","226725","","","","","","","","","","","0","156366","","","46927","","minimize","0","","","10.1387","69684","","","148741","1026","","85281","init","results_carpet_new","181484","",""
"gecode","","../carpet-cutting/cc_base-fixed.mzn","../carpet-cutting/mzn_rnd_test.18.dzn","SATISFIED","1201.1452200226486","","","0.079539","327","","113","","","3547066061","","","426","168","","","33","33","85","","1199.81","","1840","minimize","0","","3803052","0.203138","74","0","","197","36","7606976","82388","","results_carpet_new","","",""
"gecode","","../carpet-cutting/cc_base-fixed.mzn","../carpet-cutting/mzn_rnd_test.14.dzn","SATISFIED","1201.8520265994594","","","0.109785","285","","116","","","117601706","","","341","80","","","6","6","84","","1199.81","","2032","minimize","0","","925081","0.209295","69","0","","159","36","1850314","49186","","results_carpet_new","","",""
"Huub_user_decomp","","../carpet-cutting/cc_base-fixed.mzn","../carpet-cutting/mzn_rnd_test.02.dzn","UNKNOWN","1202.9089842000976","0","","2.788692","104804","","63956","","","","","","","","","","","0","45802","","","18161","","minimize","0","","","3.04875","18110","","","55441","112","","39104","init","results_carpet_new","45802","",""
"Huub_user_basic","","../carpet-cutting/cc_base-fixed.mzn","../carpet-cutting/mzn_rnd_test.04.dzn","UNKNOWN","1206.6100567113608","0","","7.678832","325738","","245773","","","","","","","","","","","0","169687","","","44537","","minimize","0","","","9.95684","76177","","","151903","20","","81277","init","results_carpet_new","204783","",""
"Huub_user_diffn","","../carpet-cutting/cc_base-fixed.mzn","../carpet-cutting/mzn_rnd_test.18.dzn","ERROR","75.01083845738322","0","","1.72848","94969","","61282","","","","","","","","","","","0","45244","","","11416","","minimize","0","","","2.91146","16196","","","48937","38","","33635","init","results_carpet_new","51465","","MiniZinc stopped with a non-zero exit code, but did not output an error message. "
"Huub_user_decomp","","../carpet-cutting/cc_base-fixed.mzn","../carpet-cutting/mzn_rnd_test.20.dzn","UNKNOWN","1203.5918047102168","0","","2.431688","138846","","75238","","","","","","","","","","","0","55753","","","14686","","minimize","0","","","3.87407","16540","","","78022","4150","","54286","init","results_carpet_new","55872","",""
"chuffed","","../carpet-cutting/cc_base-fixed.mzn","../carpet-cutting/mzn_rnd_test.14.dzn","SATISFIED","1200.841763081029","","","0.062","2516","1654524","2360","186","0.786","6541027463","0.0","-1392530394","39685","61","0.12","39497","","9","2362","6627456","1199.728","","1955","minimize","0","","6627456","0.269079","668","9","","151","8","8282551","4767","","results_carpet_new","","0.0",""
"Huub_user_decomp","","../carpet-cutting/cc_base-fixed.mzn","../carpet-cutting/mzn_rnd_test.19.dzn","SATISFIED","1202.5224856939167","0","","1.527202","88225","","46170","","","","","","","","","","","355","35193","","","9312","2381","minimize","0","","","2.32635","9859","","","50479","1628","","32968","init","results_carpet_new","35322","",""
"Huub_user_s+o","","../carpet-cutting/cc_base-fixed.mzn","../carpet-cutting/mzn_rnd_test.09.dzn","UNKNOWN","1202.924165408127","0","","1.727842","115268","","70999","","","","","","","","","","","0","52993","","","13179","","minimize","0","","","3.43811","18147","","","61253","30","","37893","init","results_carpet_new","58995","",""
"chuffed","","../carpet-cutting/cc_base-fixed.mzn","../carpet-cutting/mzn_rnd_test.10.dzn","SATISFIED","1201.0878713382408","","","0.11","5074","668448","4815","306","1.054","5300133789","0.0","2099892136","76801","78","0.28","76493","","18","4829","4125128","1199.59","","4657","minimize","0","","4125128","0.406292","1257","18","","230","10","4794999","9731","","results_carpet_new","","0.0",""
"Huub_user_diffn","","../carpet-cutting/cc_base-fixed.mzn","../carpet-cutting/mzn_rnd_test.08.dzn","UNKNOWN","1203.7436331165954","0","","2.186058","150686","","89443","","","","","","","","","","","0","67560","","","17671","","minimize","0","","","4.41616","22015","","","81889","30","","58302","init","results_carpet_new","73938","",""
"Huub_user_decomp","","../carpet-cutting/cc_base-fixed.mzn","../carpet-cutting/mzn_rnd_test.15.dzn","OPTIMAL_SOLUTION","1073.1923769591376","0","829408213","12.660918","529883","","381858","","","441971676","","","","6201237","","","","1","264935","","1035.547752","77866","2073","minimize","0","","3979","16.9611","116026","0","0","257309","1314","","152061","complete","results_carpet_new","306089","",""
"Huub_user_no_gen_bounds","","../carpet-cutting/cc_base-fixed.mzn","../carpet-cutting/mzn_rnd_test.02.dzn","UNKNOWN","1202.7906639026478","0","","2.705303","104693","","63844","","","","","","","","","","","0","45802","","","18161","","minimize","0","","","2.64677","18082","","","55441","","","39007","init","results_carpet_new","45802","",""
"Huub_user_decomp","","../carpet-cutting/cc_base-fixed.mzn","../carpet-cutting/mzn_rnd_test.03.dzn","UNKNOWN","1204.847624655813","0","","4.097714","191572","","131429","","","","","","","","","","","0","92059","","","29397","","minimize","0","","","5.39972","39113","","","95275","426","","55926","init","results_carpet_new","102876","",""
"gecode","","../carpet-cutting/cc_base-fixed.mzn","../carpet-cutting/mzn_rnd_test.03.dzn","SATISFIED","1203.0255084047094","","","0.117425","110","","22","","","2242338742","","","143","38","","","7","7","22","","1199.68","","1080","minimize","0","","76335057","0.338946","10","0","","73","4","152670204","23890","","results_carpet_new","","",""
"cp-sat","","../carpet-cutting/cc_base-fixed.mzn","../carpet-cutting/mzn_rnd_test.04.dzn","SATISFIED","1200.7741077942774","","","","190","","73","","","89595","","","","","","555","","12","64","","0.287302","","1354","minimize","0","1069","895","0.170043","69","","","109","21","","","","results_carpet_new","","",""
"Huub_user_m+s","","../carpet-cutting/cc_base-fixed.mzn","../carpet-cutting/mzn_rnd_test.12.dzn","UNKNOWN","1202.8567114118487","0","","3.066134","100860","","67442","","","","","","","","","","","0","46697","","","21256","","minimize","0","","","2.63263","20790","","","51819","","","39380","init","results_carpet_new","46701","",""
"gecode","","../carpet-cutting/cc_base-fixed.mzn","../carpet-cutting/mzn_rnd_test.16.dzn","SATISFIED","1200.8682416556403","","","0.141642","172","","37","","","12246523934","","","209","71","","","21","21","34","","1199.83","","1392","minimize","0","","41772050","0.177021","16","0","","114","7","83544253","29022","","results_carpet_new","","",""
"cp-sat","","../carpet-cutting/cc_base-fixed.mzn","../carpet-cutting/mzn_rnd_test.10.dzn","SATISFIED","1200.8682697825134","","","","366","","103","","","3263861","","","","","","2572","","18","107","","3.05625","","4657","minimize","0","3551","15582","0.210232","78","","","230","20","","","","results_carpet_new","","",""
"Huub_user_m+o","","../carpet-cutting/cc_base-fixed.mzn","../carpet-cutting/mzn_rnd_test.02.dzn","UNKNOWN","1202.929650411941","0","","2.830737","104693","","63844","","","","","","","","","","","0","45802","","","18161","","minimize","0","","","2.88561","18082","","","55441","","","39007","init","results_carpet_new","45802","",""
"chuffed","","../carpet-cutting/cc_base-fixed.mzn","../carpet-cutting/mzn_rnd_test.07.dzn","SATISFIED","1201.2335075009614","","","0.041","1702","58361","1565","157","63.133","6065088092","0.0","159337977","45885","50","0.12","45726","","14","1580","4122426","1199.635","","2802","minimize","0","","4122426","0.361398","419","14","","121","6","4181469","3192","","results_carpet_new","","0.0",""
"Huub_user_s+o","","../carpet-cutting/cc_base-fixed.mzn","../carpet-cutting/mzn_rnd_test.11.dzn","UNKNOWN","1202.9695849632844","0","","2.789729","109604","","67086","","","","","","","","","","","0","48123","","","19568","","minimize","0","","","2.69598","18998","","","58256","","","44691","init","results_carpet_new","48127","",""
"Huub_user_decomp","","../carpet-cutting/cc_base-fixed.mzn","../carpet-cutting/mzn_rnd_test.07.dzn","UNKNOWN","1202.369641118683","0","","0.974414","70595","","38481","","","","","","","","","","","0","29072","","","7348","","minimize","0","","","2.14481","8371","","","39090","1526","","26843","init","results_carpet_new","31132","",""
"Huub_user_diffn","","../carpet-cutting/cc_base-fixed.mzn","../carpet-cutting/mzn_rnd_test.16.dzn","UNKNOWN","1206.7105943541974","0","","9.056767","313494","","218571","","","","","","","","","","","0","151926","","","55219","","minimize","0","","","9.3708","66723","","","157346","6","","95500","init","results_carpet_new","164987","",""
"Huub_user_diffn","","../carpet-cutting/cc_base-fixed.mzn","../carpet-cutting/mzn_rnd_test.19.dzn","SATISFIED","1203.1829517763108","0","","1.507886","86602","","44546","","","","","","","","","","","1566","35193","","","9312","2925","minimize","0","","","2.2815","9453","","","50479","4","","31567","init","results_carpet_new","35322","",""
"Huub_user_no_gen_bounds","","../carpet-cutting/cc_base-fixed.mzn","../carpet-cutting/mzn_rnd_test.12.dzn","UNKNOWN","1202.8470450676978","0","","3.021915","100860","","67442","","","","","","","","","","","0","46697","","","21256","","minimize","0","","","2.71963","20790","","","51819","","","39380","init","results_carpet_new","46701","",""
"Huub_user_basic","","../carpet-cutting/cc_base-fixed.mzn","../carpet-cutting/mzn_rnd_test.19.dzn","SATISFIED","1203.0340441102162","0","","1.544202","86602","","44546","","","","","","","","","","","31","35193","","","9312","4655","minimize","0","","","2.36545","9453","","","50479","4","","31567","init","results_carpet_new","35322","",""
"Huub_user_s+o","","../carpet-cutting/cc_base-fixed.mzn","../carpet-cutting/mzn_rnd_test.07.dzn","UNKNOWN","1202.849497191608","0","","0.936793","69084","","36969","","","","","","","","","","","0","29072","","","7348","","minimize","0","","","1.97655","7993","","","39090","14","","25488","init","results_carpet_new","31132","",""
"Huub_user_no_gen_bounds","","../carpet-cutting/cc_base-fixed.mzn","../carpet-cutting/mzn_rnd_test.08.dzn","UNKNOWN","1203.7844793312252","0","","2.174853","150686","","89443","","","","","","","","","","","0","67560","","","17671","","minimize","0","","","4.44097","22015","","","81889","30","","58302","init","results_carpet_new","73938","",""
"cp-sat","","../carpet-cutting/cc_base-fixed.mzn","../carpet-cutting/mzn_rnd_test.19.dzn","SATISFIED","1200.7134178709239","","","","211","","61","","","1281981","","","","","","1904","","43","62","","1.72026","","2430","minimize","0","2033","13058","0.19383","44","","","142","11","","","","results_carpet_new","","",""
"Huub_user_no_gen_bounds","","../carpet-cutting/cc_base-fixed.mzn","../carpet-cutting/mzn_rnd_test.17.dzn","UNKNOWN","1203.6363322827965","0","","1.880002","112942","","74749","","","","","","","","","","","0","54875","","","11765","","minimize","0","","","3.44923","20027","","","57134","46","","33125","init","results_carpet_new","63973","",""
"Huub_user_no_gen_bounds","","../carpet-cutting/cc_base-fixed.mzn","../carpet-cutting/mzn_rnd_test.19.dzn","SATISFIED","1203.008774456568","0","","1.49629","86602","","44546","","","","","","","","","","","24","35193","","","9312","4155","minimize","0","","","2.35648","9453","","","50479","4","","31567","init","results_carpet_new","35322","",""
"Huub_user_decomp","","../carpet-cutting/cc_base-fixed.mzn","../carpet-cutting/mzn_rnd_test.14.dzn","UNKNOWN","1209.647605156526","0","","11.560739","508600","","401546","","","","","","","","","","","0","273928","","","62106","","minimize","0","","","15.938","126042","","","227513","2276","","131733","init","results_carpet_new","343270","",""
"Huub_user_diffn","","../carpet-cutting/cc_base-fixed.mzn","../carpet-cutting/mzn_rnd_test.09.dzn","UNKNOWN","1202.9812555592507","0","","1.712586","115268","","70999","","","","","","","","","","","0","52993","","","13179","","minimize","0","","","3.56425","18147","","","61253","30","","37893","init","results_carpet_new","58995","",""
"Huub_user_basic","","../carpet-cutting/cc_base-fixed.mzn","../carpet-cutting/mzn_rnd_test.03.dzn","UNKNOWN","1204.8399691637605","0","","4.229951","191153","","131009","","","","","","","","","","","0","92059","","","29397","","minimize","0","","","5.66311","39008","","","95275","6","","55535","init","results_carpet_new","102876","",""
"Huub_user_s+o","","../carpet-cutting/cc_base-fixed.mzn","../carpet-cutting/mzn_rnd_test.03.dzn","UNKNOWN","1204.2842206191272","0","","4.194371","191153","","131009","","","","","","","","","","","0","92059","","","29397","","minimize","0","","","5.62668","39008","","","95275","6","","55535","init","results_carpet_new","102876","",""
"Huub_user_diffn","","../carpet-cutting/cc_base-fixed.mzn","../carpet-cutting/mzn_rnd_test.15.dzn","OPTIMAL_SOLUTION","425.5366134727374","0","175676894","12.712996","528584","","380558","","","115587996","","","","6254368","","","","1","264935","","388.264934","77866","2073","minimize","0","","3432","15.7451","115701","0","0","257309","14","","150817","complete","results_carpet_new","306089","",""
"gecode","","../carpet-cutting/cc_base-fixed.mzn","../carpet-cutting/mzn_rnd_test.15.dzn","SATISFIED","1200.6448658155277","","","0.05189","199","","49","","","1756293310","","","237","55","","","8","8","47","","1199.82","","2772","minimize","0","","1222693","0.187469","26","0","","123","10","2445514","53060","","results_carpet_new","","",""
"Huub_user_basic","","../carpet-cutting/cc_base-fixed.mzn","../carpet-cutting/mzn_rnd_test.08.dzn","UNKNOWN","1203.2952420925722","0","","2.196441","150686","","89443","","","","","","","","","","","0","67560","","","17671","","minimize","0","","","4.46506","22015","","","81889","30","","58302","init","results_carpet_new","73938","",""
"Huub_user_m+s","","../carpet-cutting/cc_base-fixed.mzn","../carpet-cutting/mzn_rnd_test.13.dzn","UNKNOWN","1204.6168243093416","0","","5.380288","221760","","171756","","","","","","","","","","","0","117688","","","31949","","minimize","0","","","7.10553","54148","","","100973","16","","80190","init","results_carpet_new","143756","",""
"Huub_user_m+o","","../carpet-cutting/cc_base-fixed.mzn","../carpet-cutting/mzn_rnd_test.17.dzn","UNKNOWN","1203.1824711700901","0","","1.866273","112942","","74749","","","","","","","","","","","0","54875","","","11765","","minimize","0","","","3.34487","20027","","","57134","46","","33125","init","results_carpet_new","63973","",""
"Huub_user_diffn","","../carpet-cutting/cc_base-fixed.mzn","../carpet-cutting/mzn_rnd_test.06.dzn","UNKNOWN","1202.9793632021174","0","","1.792496","105311","","59057","","","","","","","","","","","0","44962","","","13238","","minimize","0","","","3.16735","14157","","","59252","8","","37107","init","results_carpet_new","46305","",""
"Huub_user_m+o","","../carpet-cutting/cc_base-fixed.mzn","../carpet-cutting/mzn_rnd_test.15.dzn","OPTIMAL_SOLUTION","430.02374776173383","0","175676894","12.982686","528584","","380558","","","115587996","","","","6254368","","","","1","264935","","392.179812","77866","2073","minimize","0","","3432","16.3737","115701","0","0","257309","14","","150817","complete","results_carpet_new","306089","",""
"Huub_user_m+o","","../carpet-cutting/cc_base-fixed.mzn","../carpet-cutting/mzn_rnd_test.10.dzn","UNKNOWN","1203.6770642884076","0","","2.491158","137967","","80609","","","","","","","","","","","0","60685","","","17550","","minimize","0","","","3.93142","20068","","","76362","18","","49011","init","results_carpet_new","62698","",""
"chuffed","","../carpet-cutting/cc_base-fixed.mzn","../carpet-cutting/mzn_rnd_test.06.dzn","SATISFIED","1202.264620252885","","","0.065","2066","241167","1902","215","0.336","5795968251","0.0","237044913","60549","42","0.42","60332","","18","1912","4727551","1199.584","","2660","minimize","0","","4727551","0.412399","493","18","","141","2","4969471","3897","","results_carpet_new","","0.0",""
"Huub_user_m+s","","../carpet-cutting/cc_base-fixed.mzn","../carpet-cutting/mzn_rnd_test.02.dzn","UNKNOWN","1202.919578552246","0","","2.92739","104693","","63844","","","","","","","","","","","0","45802","","","18161","","minimize","0","","","2.7504","18082","","","55441","","","39007","init","results_carpet_new","45802","",""
"chuffed","","../carpet-cutting/cc_base-fixed.mzn","../carpet-cutting/mzn_rnd_test.19.dzn","SATISFIED","1201.2053093910217","","","0.044","1834","2045284","1685","184","3.891","3086379862","0.0","449520088","30876","56","0.08","30690","","43","1690","3956479","1199.701","","2430","minimize","0","","3956479","0.295289","450","43","","142","7","6004179","3421","","results_carpet_new","","0.0",""
"Huub_user_m+s","","../carpet-cutting/cc_base-fixed.mzn","../carpet-cutting/mzn_rnd_test.11.dzn","UNKNOWN","1203.3309289468452","0","","2.788039","109604","","67086","","","","","","","","","","","0","48123","","","19568","","minimize","0","","","2.70188","18998","","","58256","","","44691","init","results_carpet_new","48127","",""
"chuffed","","../carpet-cutting/cc_base-fixed.mzn","../carpet-cutting/mzn_rnd_test.18.dzn","SATISFIED","1200.7530831098557","","","0.088","4246","1339599","4071","213","2.165","5720728650","0.0","732280524","53589","81","0.19","53374","","33","4089","3787917","1199.639","","1840","minimize","0","","3787917","0.357431","1102","33","","171","6","5130134","8219","","results_carpet_new","","0.0",""
"Huub_user_s+o","","../carpet-cutting/cc_base-fixed.mzn","../carpet-cutting/mzn_rnd_test.08.dzn","UNKNOWN","1203.3453419841826","0","","2.211095","150686","","89443","","","","","","","","","","","0","67560","","","17671","","minimize","0","","","4.54586","22015","","","81889","30","","58302","init","results_carpet_new","73938","",""
"Huub_user_m+s","","../carpet-cutting/cc_base-fixed.mzn","../carpet-cutting/mzn_rnd_test.14.dzn","UNKNOWN","1208.8141730809584","0","","11.56781","506357","","399302","","","","","","","","","","","0","273928","","","62106","","minimize","0","","","16.4804","125481","","","227513","32","","129566","init","results_carpet_new","343270","",""
"Huub_user_m+o","","../carpet-cutting/cc_base-fixed.mzn","../carpet-cutting/mzn_rnd_test.14.dzn","UNKNOWN","1209.0220437040552","0","","11.611437","506357","","399302","","","","","","","","","","","0","273928","","","62106","","minimize","0","","","16.674399","125481","","","227513","32","","129566","init","results_carpet_new","343270","",""
"Huub_user_decomp","","../carpet-cutting/cc_base-fixed.mzn","../carpet-cutting/mzn_rnd_test.10.dzn","UNKNOWN","1203.3440633788705","0","","2.496803","142670","","85313","","","","","","","","","","","0","60685","","","17550","","minimize","0","","","4.11728","21244","","","76362","4722","","53097","init","results_carpet_new","62698","",""
"gecode","","../carpet-cutting/cc_base-fixed.mzn","../carpet-cutting/mzn_rnd_test.13.dzn","SATISFIED","1200.7247811313719","","","0.04829","203","","64","","","5530460426","","","217","63","","","13","13","56","","1199.76","","742","minimize","0","","7457318","0.24457","32","0","","113","16","14914779","43408","","results_carpet_new","","",""
"gecode","","../carpet-cutting/cc_base-fixed.mzn","../carpet-cutting/mzn_rnd_test.20.dzn","SATISFIED","1201.162474048324","","","0.075521","368","","85","","","748950191","","","465","159","","","69","69","73","","1199.78","","4396","minimize","0","","1115113","0.231117","41","0","","250","16","2230905","60130","","results_carpet_new","","",""
"cp-sat","","../carpet-cutting/cc_base-fixed.mzn","../carpet-cutting/mzn_rnd_test.14.dzn","SATISFIED","1200.9136852780357","","","","273","","116","","","555580","","","","","","995","","9","90","","1.26634","","1955","minimize","0","1640","8233","0.18714","107","","","151","36","","","","results_carpet_new","","",""
"Huub_user_no_gen_bounds","","../carpet-cutting/cc_base-fixed.mzn","../carpet-cutting/mzn_rnd_test.16.dzn","UNKNOWN","1206.3528196299449","0","","8.730332","313494","","218571","","","","","","","","","","","0","151926","","","55219","","minimize","0","","","8.82048","66723","","","157346","6","","95500","init","results_carpet_new","164987","",""
"gecode","","../carpet-cutting/cc_base-fixed.mzn","../carpet-cutting/mzn_rnd_test.04.dzn","SATISFIED","1200.732469801791","","","0.074286","208","","73","","","12949823411","","","251","70","","","12","12","56","","1199.83","","1354","minimize","0","","854346","0.17567","45","0","","121","21","1708891","35271","","results_carpet_new","","",""
"gecode","","../carpet-cutting/cc_base-fixed.mzn","../carpet-cutting/mzn_rnd_test.10.dzn","SATISFIED","1201.0041483659297","","","0.135441","402","","102","","","1019146497","","","473","135","","","16","16","90","","1199.82","","4727","minimize","0","","789347","0.202976","51","0","","254","20","1578935","78544","","results_carpet_new","","",""
"Huub_user_m+s","","../carpet-cutting/cc_base-fixed.mzn","../carpet-cutting/mzn_rnd_test.01.dzn","UNKNOWN","1203.355508509092","0","","2.746453","87306","","57947","","","","","","","","","","","0","40208","","","18170","","minimize","0","","","2.29354","17779","","","44866","","","31716","init","results_carpet_new","40212","",""
"Huub_user_s+o","","../carpet-cutting/cc_base-fixed.mzn","../carpet-cutting/mzn_rnd_test.10.dzn","UNKNOWN","1203.8196011381224","0","","2.539026","137967","","80609","","","","","","","","","","","0","60685","","","17550","","minimize","0","","","3.98724","20068","","","76362","18","","49011","init","results_carpet_new","62698","",""
"Huub_user_diffn","","../carpet-cutting/cc_base-fixed.mzn","../carpet-cutting/mzn_rnd_test.02.dzn","UNKNOWN","1202.9443515073508","0","","2.840815","104693","","63844","","","","","","","","","","","0","45802","","","18161","","minimize","0","","","2.71907","18082","","","55441","","","39007","init","results_carpet_new","45802","",""
"Huub_user_s+o","","../carpet-cutting/cc_base-fixed.mzn","../carpet-cutting/mzn_rnd_test.02.dzn","UNKNOWN","1202.8715793276206","0","","2.829674","104693","","63844","","","","","","","","","","","0","45802","","","18161","","minimize","0","","","2.74696","18082","","","55441","","","39007","init","results_carpet_new","45802","",""
"Huub_user_s+o","","../carpet-cutting/cc_base-fixed.mzn","../carpet-cutting/mzn_rnd_test.18.dzn","ERROR","77.52443930692971","0","","1.764059","94969","","61282","","","","","","","","","","","0","45244","","","11416","","minimize","0","","","2.92593","16196","","","48937","38","","33635","init","results_carpet_new","51465","","MiniZinc stopped with a non-zero exit code, but did not output an error message. "
"Huub_user_no_gen_bounds","","../carpet-cutting/cc_base-fixed.mzn","../carpet-cutting/mzn_rnd_test.01.dzn","UNKNOWN","1202.9777070470154","0","","2.61845","87306","","57947","","","","","","","","","","","0","40208","","","18170","","minimize","0","","","2.35711","17779","","","44866","","","31716","init","results_carpet_new","40212","",""
"gecode","","../carpet-cutting/cc_base-fixed.mzn","../carpet-cutting/mzn_rnd_test.05.dzn","SATISFIED","1200.7917684568092","","","0.108482","192","","58","","","11520793435","","","231","67","","","13","13","47","","1199.82","","1385","minimize","0","","5533949","0.188008","33","0","","117","15","11068079","32411","","results_carpet_new","","",""
"chuffed","","../carpet-cutting/cc_base-fixed.mzn","../carpet-cutting/mzn_rnd_test.15.dzn","SATISFIED","1200.6372817959636","","","0.041","1480","7855247","1349","152","218.658","4539962369","0.0","373997708","37991","44","0.12","37837","","13","1363","3850170","1199.76","","2609","minimize","0","","3850170","0.237761","363","13","","111","4","11706001","2756","","results_carpet_new","","0.0",""
"Huub_user_m+o","","../carpet-cutting/cc_base-fixed.mzn","../carpet-cutting/mzn_rnd_test.03.dzn","UNKNOWN","1204.7587501397356","0","","4.178414","191153","","131009","","","","","","","","","","","0","92059","","","29397","","minimize","0","","","5.51033","39008","","","95275","6","","55535","init","results_carpet_new","102876","",""
"Huub_user_basic","","../carpet-cutting/cc_base-fixed.mzn","../carpet-cutting/mzn_rnd_test.09.dzn","UNKNOWN","1202.9442781014368","0","","1.73884","115268","","70999","","","","","","","","","","","0","52993","","","13179","","minimize","0","","","3.44518","18147","","","61253","30","","37893","init","results_carpet_new","58995","",""
"gecode","","../carpet-cutting/cc_base-fixed.mzn","../carpet-cutting/mzn_rnd_test.01.dzn","SATISFIED","1201.0318655148149","","","0.03119","98","","22","","","22992179637","","","113","40","","","23","23","18","","1199.79","","634","minimize","0","","2709515","0.213684","9","0","","66","4","5419133","13911","","results_carpet_new","","",""
"Huub_user_basic","","../carpet-cutting/cc_base-fixed.mzn","../carpet-cutting/mzn_rnd_test.02.dzn","UNKNOWN","1203.2903650272638","0","","2.811045","104693","","63844","","","","","","","","","","","0","45802","","","18161","","minimize","0","","","2.67389","18082","","","55441","","","39007","init","results_carpet_new","45802","",""
"chuffed","","../carpet-cutting/cc_base-fixed.mzn","../carpet-cutting/mzn_rnd_test.04.dzn","SATISFIED","1200.8329904340208","","","0.05","1389","11550519","1273","132","0.061","5261936846","0.0","693970078","24049","44","0.08","23915","","12","1280","11349840","1199.778","","1354","minimize","0","","11349840","0.218773","369","12","","109","5","22900908","2588","","results_carpet_new","","0.0",""
"Huub_user_decomp","","../carpet-cutting/cc_base-fixed.mzn","../carpet-cutting/mzn_rnd_test.04.dzn","UNKNOWN","1206.3680943269283","0","","7.485649","326937","","246973","","","","","","","","","","","0","169687","","","44537","","minimize","0","","","9.92123","76477","","","151903","1220","","82422","init","results_carpet_new","204783","",""
"Huub_user_m+o","","../carpet-cutting/cc_base-fixed.mzn","../carpet-cutting/mzn_rnd_test.20.dzn","UNKNOWN","1203.6617630729452","0","","2.401094","134708","","71098","","","","","","","","","","","0","55753","","","14686","","minimize","0","","","3.73287","15505","","","78023","10","","50653","init","results_carpet_new","55872","",""
"Huub_user_m+s","","../carpet-cutting/cc_base-fixed.mzn","../carpet-cutting/mzn_rnd_test.17.dzn","UNKNOWN","1203.897477232851","0","","1.883216","112942","","74749","","","","","","","","","","","0","54875","","","11765","","minimize","0","","","3.50921","20027","","","57134","46","","33125","init","results_carpet_new","63973","",""
"chuffed","","../carpet-cutting/cc_base-fixed.mzn","../carpet-cutting/mzn_rnd_test.02.dzn","SATISFIED","1201.5522265229374","","","0.022","162","2804549","126","45","0.185","2343098846","0.0","1829865045","12782","20","0.05","12735","","8","130","20225583","1199.743","","919","minimize","0","","20225583","0.25373","38","8","","37","2","23030294","263","","results_carpet_new","","0.0",""
"Huub_user_m+s","","../carpet-cutting/cc_base-fixed.mzn","../carpet-cutting/mzn_rnd_test.10.dzn","UNKNOWN","1203.168536381796","0","","2.431535","137967","","80609","","","","","","","","","","","0","60685","","","17550","","minimize","0","","","3.8146","20068","","","76362","18","","49011","init","results_carpet_new","62698","",""
"Huub_user_s+o","","../carpet-cutting/cc_base-fixed.mzn","../carpet-cutting/mzn_rnd_test.15.dzn","OPTIMAL_SOLUTION","570.2962893880904","0","378269913","12.737328","528584","","380558","","","111771986","","","","6247096","","","","1","264935","","534.019341","77866","2073","minimize","0","","3278","15.7622","115701","0","0","257309","14","","150817","complete","results_carpet_new","306089","",""
"Huub_user_basic","","../carpet-cutting/cc_base-fixed.mzn","../carpet-cutting/mzn_rnd_test.12.dzn","UNKNOWN","1202.829683127813","0","","3.179568","100860","","67442","","","","","","","","","","","0","46697","","","21256","","minimize","0","","","2.78552","20790","","","51819","","","39380","init","results_carpet_new","46701","",""
"Huub_user_diffn","","../carpet-cutting/cc_base-fixed.mzn","../carpet-cutting/mzn_rnd_test.12.dzn","UNKNOWN","1202.8559301570058","0","","3.197052","100860","","67442","","","","","","","","","","","0","46697","","","21256","","minimize","0","","","2.7704","20790","","","51819","","","39380","init","results_carpet_new","46701","",""
"Huub_user_diffn","","../carpet-cutting/cc_base-fixed.mzn","../carpet-cutting/mzn_rnd_test.04.dzn","UNKNOWN","1206.4946886803955","0","","7.554841","325738","","245773","","","","","","","","","","","0","169687","","","44537","","minimize","0","","","9.83848","76177","","","151903","20","","81277","init","results_carpet_new","204783","",""
"gecode","","../carpet-cutting/cc_base-fixed.mzn","../carpet-cutting/mzn_rnd_test.02.dzn","SATISFIED","1201.5630881628022","","","0.069611","69","","14","","","17771921409","","","93","31","","","8","8","12","","1199.75","","919","minimize","0","","2441541","0.248013","6","0","","49","2","4883133","15096","","results_carpet_new","","",""
"Huub_user_s+o","","../carpet-cutting/cc_base-fixed.mzn","../carpet-cutting/mzn_rnd_test.01.dzn","UNKNOWN","1202.9025571448728","0","","2.702121","87306","","57947","","","","","","","","","","","0","40208","","","18170","","minimize","0","","","2.30639","17779","","","44866","","","31716","init","results_carpet_new","40212","",""
"Huub_user_s+o","","../carpet-cutting/cc_base-fixed.mzn","../carpet-cutting/mzn_rnd_test.14.dzn","UNKNOWN","1208.6204144218937","0","","11.711253","506357","","399302","","","","","","","","","","","0","273928","","","62106","","minimize","0","","","15.7492","125481","","","227513","32","","129566","init","results_carpet_new","343270","",""
"Huub_user_decomp","","../carpet-cutting/cc_base-fixed.mzn","../carpet-cutting/mzn_rnd_test.11.dzn","UNKNOWN","1203.0622498504817","0","","2.8776","109747","","67230","","","","","","","","","","","0","48123","","","19568","","minimize","0","","","2.85984","19034","","","58256","144","","44826","init","results_carpet_new","48127","",""
"Huub_user_basic","","../carpet-cutting/cc_base-fixed.mzn","../carpet-cutting/mzn_rnd_test.07.dzn","UNKNOWN","1202.2705982131884","0","","0.970933","69084","","36969","","","","","","","","","","","0","29072","","","7348","","minimize","0","","","2.068309","7993","","","39090","14","","25488","init","results_carpet_new","31132","",""
"Huub_user_m+o","","../carpet-cutting/cc_base-fixed.mzn","../carpet-cutting/mzn_rnd_test.16.dzn","UNKNOWN","1206.5007924642414","0","","9.734455","313494","","218571","","","","","","","","","","","0","151926","","","55219","","minimize","0","","","9.01922","66723","","","157346","6","","95500","init","results_carpet_new","164987","",""
"Huub_user_no_gen_bounds","","../carpet-cutting/cc_base-fixed.mzn","../carpet-cutting/mzn_rnd_test.15.dzn","OPTIMAL_SOLUTION","573.3227066881955","0","182431197","12.304723","528584","","380558","","","1306355068","","","","6258425","","","","1","264935","","536.132549","77866","2073","minimize","0","","3555","16.6267","115701","0","0","257309","14","","150817","complete","results_carpet_new","306089","",""
"cp-sat","","../carpet-cutting/cc_base-fixed.mzn","../carpet-cutting/mzn_rnd_test.09.dzn","SATISFIED","1200.6722143227234","","","","267","","93","","","125787","","","","","","793","","24","91","","0.446416","","2995","minimize","0","2254","1450","0.204814","87","","","164","26","","","","results_carpet_new","","",""
"Huub_user_s+o","","../carpet-cutting/cc_base-fixed.mzn","../carpet-cutting/mzn_rnd_test.20.dzn","UNKNOWN","1203.6367767769843","0","","2.383841","134708","","71098","","","","","","","","","","","0","55753","","","14686","","minimize","0","","","3.73572","15505","","","78023","10","","50653","init","results_carpet_new","55872","",""
"chuffed","","../carpet-cutting/cc_base-fixed.mzn","../carpet-cutting/mzn_rnd_test.13.dzn","SATISFIED","1200.7887296956033","","","0.04","1114","800298","988","123","0.076","11314896201","0.0","919964181","28270","44","0.08","28145","","13","996","11295709","1199.766","","742","minimize","0","","11295709","0.230668","283","13","","105","8","12096595","2019","","results_carpet_new","","0.0",""
"Huub_user_m+o","","../carpet-cutting/cc_base-fixed.mzn","../carpet-cutting/mzn_rnd_test.08.dzn","UNKNOWN","1203.3579953638837","0","","2.199277","150686","","89443","","","","","","","","","","","0","67560","","","17671","","minimize","0","","","4.45392","22015","","","81889","30","","58302","init","results_carpet_new","73938","",""
"Huub_user_m+o","","../carpet-cutting/cc_base-fixed.mzn","../carpet-cutting/mzn_rnd_test.06.dzn","UNKNOWN","1202.9882411686704","0","","1.772689","105311","","59057","","","","","","","","","","","0","44962","","","13238","","minimize","0","","","2.98058","14157","","","59252","8","","37107","init","results_carpet_new","46305","",""
"Huub_user_basic","","../carpet-cutting/cc_base-fixed.mzn","../carpet-cutting/mzn_rnd_test.15.dzn","OPTIMAL_SOLUTION","447.59622999932617","0","181499784","12.598682","528584","","380558","","","113357538","","","","6239633","","","","1","264935","","409.925447","77866","2073","minimize","0","","3579","16.8027","115701","0","0","257309","14","","150817","complete","results_carpet_new","306089","",""
"cp-sat","","../carpet-cutting/cc_base-fixed.mzn","../carpet-cutting/mzn_rnd_test.15.dzn","SATISFIED","1200.6787589611486","","","","181","","49","","","2977329","","","","","","1506","","12","57","","2.25527","","2634","minimize","0","2073","20837","0.17869","38","","","111","10","","","","results_carpet_new","","",""
"chuffed","","../carpet-cutting/cc_base-fixed.mzn","../carpet-cutting/mzn_rnd_test.08.dzn","SATISFIED","1201.4561614990234","","","0.117","4494","59585","4256","278","183.849","6535181325","0.0","2084681548","90705","75","0.28","90425","","33","4266","2503425","1199.633","","3929","minimize","0","","2503425","0.363395","1138","33","","212","9","2565397","8620","","results_carpet_new","","0.0",""
"Huub_user_no_gen_bounds","","../carpet-cutting/cc_base-fixed.mzn","../carpet-cutting/mzn_rnd_test.10.dzn","UNKNOWN","1203.1966910129413","0","","2.360951","137967","","80609","","","","","","","","","","","0","60685","","","17550","","minimize","0","","","4.02745","20068","","","76362","18","","49011","init","results_carpet_new","62698","",""
"Huub_user_diffn","","../carpet-cutting/cc_base-fixed.mzn","../carpet-cutting/mzn_rnd_test.01.dzn","UNKNOWN","1203.4383812947199","0","","2.666241","87306","","57947","","","","","","","","","","","0","40208","","","18170","","minimize","0","","","2.30285","17779","","","44866","","","31716","init","results_carpet_new","40212","",""
"Huub_user_basic","","../carpet-cutting/cc_base-fixed.mzn","../carpet-cutting/mzn_rnd_test.11.dzn","UNKNOWN","1203.055763952434","0","","2.928025","109604","","67086","","","","","","","","","","","0","48123","","","19568","","minimize","0","","","2.84306","18998","","","58256","","","44691","init","results_carpet_new","48127","",""
"gecode","","../carpet-cutting/cc_base-fixed.mzn","../carpet-cutting/mzn_rnd_test.09.dzn","SATISFIED","1200.7822463409975","","","0.092698","303","","93","","","916214023","","","397","134","","","24","24","75","","1199.82","","2995","minimize","0","","505838","0.193893","59","0","","188","26","1012190","86222","","results_carpet_new","","",""
"Huub_user_basic","","../carpet-cutting/cc_base-fixed.mzn","../carpet-cutting/mzn_rnd_test.01.dzn","UNKNOWN","1203.2919802041724","0","","2.793167","87306","","57947","","","","","","","","","","","0","40208","","","18170","","minimize","0","","","2.42667","17779","","","44866","","","31716","init","results_carpet_new","40212","",""
"cp-sat","","../carpet-cutting/cc_base-fixed.mzn","../carpet-cutting/mzn_rnd_test.13.dzn","SATISFIED","1200.7394459564239","","","","191","","64","","","46478","","","","","","543","","13","64","","0.130273","","742","minimize","0","636","524","0.26303","52","","","105","16","","","","results_carpet_new","","",""
"Huub_user_no_gen_bounds","","../carpet-cutting/cc_base-fixed.mzn","../carpet-cutting/mzn_rnd_test.05.dzn","UNKNOWN","1206.330470468849","0","","8.216542","309206","","225713","","","","","","","","","","","0","156366","","","46927","","minimize","0","","","9.27534","69431","","","148741","14","","84320","init","results_carpet_new","181484","",""
"chuffed","","../carpet-cutting/cc_base-fixed.mzn","../carpet-cutting/mzn_rnd_test.20.dzn","SATISFIED","1201.1948435064405","","","0.086","4439","349504","4214","272","7.061","5786110576","0.0","974504106","92953","84","0.28","92679","","90","4229","2656018","1199.624","","4055","minimize","0","","2656018","0.373742","1096","90","","212","10","3012835","8518","","results_carpet_new","","0.0",""
"Huub_user_m+o","","../carpet-cutting/cc_base-fixed.mzn","../carpet-cutting/mzn_rnd_test.04.dzn","UNKNOWN","1207.1875414717942","0","","7.633035","325738","","245773","","","","","","","","","","","0","169687","","","44537","","minimize","0","","","9.87303","76177","","","151903","20","","81277","init","results_carpet_new","204783","",""
"Huub_user_m+s","","../carpet-cutting/cc_base-fixed.mzn","../carpet-cutting/mzn_rnd_test.19.dzn","SATISFIED","1202.7836244972423","0","","1.498415","86602","","44546","","","","","","","","","","","39","35193","","","9312","4646","minimize","0","","","2.24625","9453","","","50479","4","","31567","init","results_carpet_new","35322","",""
"Huub_user_decomp","","../carpet-cutting/cc_base-fixed.mzn","../carpet-cutting/mzn_rnd_test.06.dzn","UNKNOWN","1203.192284161225","0","","1.811195","107170","","60917","","","","","","","","","","","0","44962","","","13238","","minimize","0","","","3.30311","14622","","","59252","1868","","38852","init","results_carpet_new","46305","",""
"Huub_user_m+s","","../carpet-cutting/cc_base-fixed.mzn","../carpet-cutting/mzn_rnd_test.04.dzn","UNKNOWN","1206.56806743145","0","","7.527699","325738","","245773","","","","","","","","","","","0","169687","","","44537","","minimize","0","","","10.0126","76177","","","151903","20","","81277","init","results_carpet_new","204783","",""
"Huub_user_no_gen_bounds","","../carpet-cutting/cc_base-fixed.mzn","../carpet-cutting/mzn_rnd_test.09.dzn","UNKNOWN","1202.912268335931","0","","1.692401","115268","","70999","","","","","","","","","","","0","52993","","","13179","","minimize","0","","","3.55431","18147","","","61253","30","","37893","init","results_carpet_new","58995","",""
"Huub_user_basic","","../carpet-cutting/cc_base-fixed.mzn","../carpet-cutting/mzn_rnd_test.05.dzn","UNKNOWN","1206.8117322847247","0","","8.368604","309206","","225713","","","","","","","","","","","0","156366","","","46927","","minimize","0","","","9.31992","69431","","","148741","14","","84320","init","results_carpet_new","181484","",""
"Huub_user_m+s","","../carpet-cutting/cc_base-fixed.mzn","../carpet-cutting/mzn_rnd_test.16.dzn","UNKNOWN","1205.980592883192","0","","8.906953","313494","","218571","","","","","","","","","","","0","151926","","","55219","","minimize","0","","","8.97621","66723","","","157346","6","","95500","init","results_carpet_new","164987","",""
"Huub_user_basic","","../carpet-cutting/cc_base-fixed.mzn","../carpet-cutting/mzn_rnd_test.06.dzn","UNKNOWN","1202.98161521554","0","","1.757734","105311","","59057","","","","","","","","","","","0","44962","","","13238","","minimize","0","","","2.92722","14157","","","59252","8","","37107","init","results_carpet_new","46305","",""
"Huub_user_decomp","","../carpet-cutting/cc_base-fixed.mzn","../carpet-cutting/mzn_rnd_test.16.dzn","UNKNOWN","1206.1305837277323","0","","8.929213","314333","","219411","","","","","","","","","","","0","151926","","","55219","","minimize","0","","","9.50502","66933","","","157346","846","","96277","init","results_carpet_new","164987","",""
"Huub_user_basic","","../carpet-cutting/cc_base-fixed.mzn","../carpet-cutting/mzn_rnd_test.13.dzn","UNKNOWN","1204.6259352080524","0","","5.350923","221760","","171756","","","","","","","","","","","0","117688","","","31949","","minimize","0","","","6.92948","54148","","","100973","16","","80190","init","results_carpet_new","143756","",""
"Huub_user_m+s","","../carpet-cutting/cc_base-fixed.mzn","../carpet-cutting/mzn_rnd_test.09.dzn","UNKNOWN","1202.9383531846106","0","","1.647651","115268","","70999","","","","","","","","","","","0","52993","","","13179","","minimize","0","","","3.38053","18147","","","61253","30","","37893","init","results_carpet_new","58995","",""
"Huub_user_basic","","../carpet-cutting/cc_base-fixed.mzn","../carpet-cutting/mzn_rnd_test.20.dzn","UNKNOWN","1203.2959007648751","0","","2.403514","134708","","71098","","","","","","","","","","","0","55753","","","14686","","minimize","0","","","3.79821","15505","","","78023","10","","50653","init","results_carpet_new","55872","",""
"cp-sat","","../carpet-cutting/cc_base-fixed.mzn","../carpet-cutting/mzn_rnd_test.05.dzn","SATISFIED","1200.7713980190456","","","","171","","58","","","153719","","","","","","680","","13","56","","0.335629","","1385","minimize","0","1050","1367","0.179255","51","","","103","15","","","","results_carpet_new","","",""
"Huub_user_m+s","","../carpet-cutting/cc_base-fixed.mzn","../carpet-cutting/mzn_rnd_test.20.dzn","UNKNOWN","1203.2216043593362","0","","2.416252","134708","","71098","","","","","","","","","","","0","55753","","","14686","","minimize","0","","","3.72415","15505","","","78023","10","","50653","init","results_carpet_new","55872","",""
"Huub_user_no_gen_bounds","","../carpet-cutting/cc_base-fixed.mzn","../carpet-cutting/mzn_rnd_test.18.dzn","UNKNOWN","1202.5425440529361","0","303031036","1.740679","94969","","61282","","","321073393","","","","44684","","","","0","45244","","1195.419528","11416","","minimize","0","","16382","3.03661","16196","0","0","48937","38","","33635","complete","results_carpet_new","51465","",""
"cp-sat","","../carpet-cutting/cc_base-fixed.mzn","../carpet-cutting/mzn_rnd_test.01.dzn","OPTIMAL_SOLUTION","1.6634477572515607","","","","83","","22","","","531881","","","","","","606","","25","23","","0.235855","","621","minimize","0","621","4058","0.290652","15","","","56","4","","","","results_carpet_new","","",""
"Huub_user_no_gen_bounds","","../carpet-cutting/cc_base-fixed.mzn","../carpet-cutting/mzn_rnd_test.14.dzn","UNKNOWN","1208.7086763679981","0","","11.416479","506357","","399302","","","","","","","","","","","0","273928","","","62106","","minimize","0","","","16.109","125481","","","227513","32","","129566","init","results_carpet_new","343270","",""
"Huub_user_decomp","","../carpet-cutting/cc_base-fixed.mzn","../carpet-cutting/mzn_rnd_test.01.dzn","UNKNOWN","1203.3257949966937","0","","2.712346","87485","","58127","","","","","","","","","","","0","40208","","","18170","","minimize","0","","","2.44108","17824","","","44866","180","","31871","init","results_carpet_new","40212","",""
"Huub_user_basic","","../carpet-cutting/cc_base-fixed.mzn","../carpet-cutting/mzn_rnd_test.18.dzn","UNKNOWN","1202.6274760598317","0","","1.758131","94969","","61282","","","","","","","","","","","0","45244","","","11416","","minimize","0","","","2.93102","16196","","","48937","38","","33635","init","results_carpet_new","51465","",""
"Huub_user_m+o","","../carpet-cutting/cc_base-fixed.mzn","../carpet-cutting/mzn_rnd_test.18.dzn","ERROR","75.10533709824085","0","","1.728998","94969","","61282","","","","","","","","","","","0","45244","","","11416","","minimize","0","","","3.10607","16196","","","48937","38","","33635","init","results_carpet_new","51465","","MiniZinc stopped with a non-zero exit code, but did not output an error message. "
"Huub_user_diffn","","../carpet-cutting/cc_base-fixed.mzn","../carpet-cutting/mzn_rnd_test.11.dzn","UNKNOWN","1203.4063559155911","0","","2.841188","109604","","67086","","","","","","","","","","","0","48123","","","19568","","minimize","0","","","2.73072","18998","","","58256","","","44691","init","results_carpet_new","48127","",""
"Huub_user_s+o","","../carpet-cutting/cc_base-fixed.mzn","../carpet-cutting/mzn_rnd_test.17.dzn","UNKNOWN","1203.1319088907912","0","","1.925288","112942","","74749","","","","","","","","","","","0","54875","","","11765","","minimize","0","","","3.43172","20027","","","57134","46","","33125","init","results_carpet_new","63973","",""
"Huub_user_decomp","","../carpet-cutting/cc_base-fixed.mzn","../carpet-cutting/mzn_rnd_test.18.dzn","UNKNOWN","1202.7540835486725","0","","1.79824","98928","","65242","","","","","","","","","","","0","45244","","","11416","","minimize","0","","","3.04298","17186","","","48937","3998","","37558","init","results_carpet_new","51465","",""
"Huub_user_m+o","","../carpet-cutting/cc_base-fixed.mzn","../carpet-cutting/mzn_rnd_test.11.dzn","UNKNOWN","1202.9390505701303","0","","2.781307","109604","","67086","","","","","","","","","","","0","48123","","","19568","","minimize","0","","","2.7282","18998","","","58256","","","44691","init","results_carpet_new","48127","",""
"Huub_user_m+o","","../carpet-cutting/cc_base-fixed.mzn","../carpet-cutting/mzn_rnd_test.05.dzn","UNKNOWN","1206.534541924484","0","","8.414728","309206","","225713","","","","","","","","","","","0","156366","","","46927","","minimize","0","","","9.69422","69431","","","148741","14","","84320","init","results_carpet_new","181484","",""
"Huub_user_m+s","","../carpet-cutting/cc_base-fixed.mzn","../carpet-cutting/mzn_rnd_test.06.dzn","UNKNOWN","1203.4845744315535","0","","1.794312","105311","","59057","","","","","","","","","","","0","44962","","","13238","","minimize","0","","","3.01717","14157","","","59252","8","","37107","init","results_carpet_new","46305","",""
"Huub_user_s+o","","../carpet-cutting/cc_base-fixed.mzn","../carpet-cutting/mzn_rnd_test.06.dzn","UNKNOWN","1202.9454807136208","0","","1.786169","105311","","59057","","","","","","","","","","","0","44962","","","13238","","minimize","0","","","2.96937","14157","","","59252","8","","37107","init","results_carpet_new","46305","",""
"Huub_user_m+o","","../carpet-cutting/cc_base-fixed.mzn","../carpet-cutting/mzn_rnd_test.01.dzn","UNKNOWN","1202.9481902662665","0","","2.649612","87306","","57947","","","","","","","","","","","0","40208","","","18170","","minimize","0","","","2.3134","17779","","","44866","","","31716","init","results_carpet_new","40212","",""
"Huub_user_m+o","","../carpet-cutting/cc_base-fixed.mzn","../carpet-cutting/mzn_rnd_test.12.dzn","UNKNOWN","1202.880446289666","0","","3.037919","100860","","67442","","","","","","","","","","","0","46697","","","21256","","minimize","0","","","2.63335","20790","","","51819","","","39380","init","results_carpet_new","46701","",""
"cp-sat","","../carpet-cutting/cc_base-fixed.mzn","../carpet-cutting/mzn_rnd_test.20.dzn","SATISFIED","1201.21428668499","","","","311","","85","","","3611781","","","","","","3168","","90","94","","6.72394","","4055","minimize","0","3490","24230","0.23721","63","","","212","16","","","","results_carpet_new","","",""
"Huub_user_decomp","","../carpet-cutting/cc_base-fixed.mzn","../carpet-cutting/mzn_rnd_test.08.dzn","UNKNOWN","1203.4060189994052","0","","2.231422","154825","","93583","","","","","","","","","","","0","67560","","","17671","","minimize","0","","","4.60028","23050","","","81889","4170","","62286","init","results_carpet_new","73938","",""
"Huub_user_m+s","","../carpet-cutting/cc_base-fixed.mzn","../carpet-cutting/mzn_rnd_test.15.dzn","OPTIMAL_SOLUTION","605.9207148486748","0","377993171","12.928675","528584","","380558","","","114350113","","","","6244495","","","","1","264935","","568.298944","77866","2073","minimize","0","","3560","16.4514","115701","0","0","257309","14","","150817","complete","results_carpet_new","306089","",""
"Huub_user_no_gen_bounds","","../carpet-cutting/cc_base-fixed.mzn","../carpet-cutting/mzn_rnd_test.20.dzn","UNKNOWN","1203.5309719750658","0","","2.34968","134708","","71098","","","","","","","","","","","0","55753","","","14686","","minimize","0","","","3.7456","15505","","","78023","10","","50653","init","results_carpet_new","55872","",""
"chuffed","","../carpet-cutting/cc_base-fixed.mzn","../carpet-cutting/mzn_rnd_test.11.dzn","OPTIMAL_SOLUTION","2.673146741464734","","","0.018","224","608","167","68","0.059","5770276","0.0","1227277276","16253","20","0.02","16183","","19","166","35103","1.886","","963","minimize","0","","35103","0.194596","51","19","","54","5","36045","355","","results_carpet_new","","0.0",""
"chuffed","","../carpet-cutting/cc_base-fixed.mzn","../carpet-cutting/mzn_rnd_test.01.dzn","OPTIMAL_SOLUTION","1.3687233962118626","","","0.018","262","967","202","69","0.124","624053","0.0","-237641663","13692","21","0.04","13621","","25","203","2124","0.13","","621","minimize","0","","2124","0.222394","60","25","","56","4","3592","429","","results_carpet_new","","0.0",""
"chuffed","","../carpet-cutting/cc_base-fixed.mzn","../carpet-cutting/mzn_rnd_test.12.dzn","OPTIMAL_SOLUTION","1.4177470793947577","","","0.017","320","4990","249","78","0.634","2327149","0.0","-1389034537","16929","24","0.05","16849","","33","249","6976","0.65","","621","minimize","0","","6976","0.198174","75","33","","65","5","12711","521","","results_carpet_new","","0.0",""
"Huub_user_basic","","../carpet-cutting/cc_base-fixed.mzn","../carpet-cutting/mzn_rnd_test.17.dzn","UNKNOWN","1203.2723914766684","0","","1.893241","112942","","74749","","","","","","","","","","","0","54875","","","11765","","minimize","0","","","3.67735","20027","","","57134","46","","33125","init","results_carpet_new","63973","",""
"cp-sat","","../carpet-cutting/cc_base-fixed.mzn","../carpet-cutting/mzn_rnd_test.06.dzn","SATISFIED","1201.1781427767128","","","","207","","42","","","431489","","","","","","1784","","18","48","","0.66409","","2660","minimize","0","1992","3142","0.186981","28","","","141","6","","","","results_carpet_new","","",""
"Huub_user_diffn","","../carpet-cutting/cc_base-fixed.mzn","../carpet-cutting/mzn_rnd_test.03.dzn","UNKNOWN","1204.2801193511114","0","","4.152948","191153","","131009","","","","","","","","","","","0","92059","","","29397","","minimize","0","","","5.49997","39008","","","95275","6","","55535","init","results_carpet_new","102876","",""
"Huub_user_decomp","","../carpet-cutting/cc_base-fixed.mzn","../carpet-cutting/mzn_rnd_test.12.dzn","UNKNOWN","1203.3198346765712","0","","3.119814","101079","","67662","","","","","","","","","","","0","46697","","","21256","","minimize","0","","","2.77631","20845","","","51819","220","","39575","init","results_carpet_new","46701","",""
"Huub_user_s+o","","../carpet-cutting/cc_base-fixed.mzn","../carpet-cutting/mzn_rnd_test.05.dzn","UNKNOWN","1206.2346687167883","0","","8.453602","309206","","225713","","","","","","","","","","","0","156366","","","46927","","minimize","0","","","9.53039","69431","","","148741","14","","84320","init","results_carpet_new","181484","",""
"Huub_user_diffn","","../carpet-cutting/cc_base-fixed.mzn","../carpet-cutting/mzn_rnd_test.10.dzn","UNKNOWN","1203.2712436718866","0","","2.531032","137967","","80609","","","","","","","","","","","0","60685","","","17550","","minimize","0","","","3.96083","20068","","","76362","18","","49011","init","results_carpet_new","62698","",""
"Huub_user_s+o","","../carpet-cutting/cc_base-fixed.mzn","../carpet-cutting/mzn_rnd_test.16.dzn","UNKNOWN","1206.789557618089","0","","9.123946","313494","","218571","","","","","","","","","","","0","151926","","","55219","","minimize","0","","","9.38317","66723","","","157346","6","","95500","init","results_carpet_new","164987","",""
"Huub_user_s+o","","../carpet-cutting/cc_base-fixed.mzn","../carpet-cutting/mzn_rnd_test.13.dzn","UNKNOWN","1205.5719722136855","0","","5.458935","221760","","171756","","","","","","","","","","","0","117688","","","31949","","minimize","0","","","7.09775","54148","","","100973","16","","80190","init","results_carpet_new","143756","",""
"cp-sat","","../carpet-cutting/cc_base-fixed.mzn","../carpet-cutting/mzn_rnd_test.18.dzn","SATISFIED","1200.6741022597998","","","","289","","113","","","3749784","","","","","","5137","","33","101","","3.35174","","1840","minimize","0","1513","13614","0.204379","112","","","171","36","","","","results_carpet_new","","",""
"Huub_user_m+o","","../carpet-cutting/cc_base-fixed.mzn","../carpet-cutting/mzn_rnd_test.13.dzn","UNKNOWN","1204.5939048202708","0","","5.314652","221760","","171756","","","","","","","","","","","0","117688","","","31949","","minimize","0","","","6.87707","54148","","","100973","16","","80190","init","results_carpet_new","143756","",""
"Huub_user_m+o","","../carpet-cutting/cc_base-fixed.mzn","../carpet-cutting/mzn_rnd_test.09.dzn","UNKNOWN","1203.6609845561907","0","","1.62706","115268","","70999","","","","","","","","","","","0","52993","","","13179","","minimize","0","","","3.4066","18147","","","61253","30","","37893","init","results_carpet_new","58995","",""
"cp-sat","","../carpet-cutting/cc_base-fixed.mzn","../carpet-cutting/mzn_rnd_test.11.dzn","OPTIMAL_SOLUTION","1.3850458385422826","","","","81","","23","","","366949","","","","","","545","","19","22","","0.179208","","963","minimize","0","963","2268","0.187343","15","","","54","5","","","","results_carpet_new","","",""
"gecode","","../carpet-cutting/cc_base-fixed.mzn","../carpet-cutting/mzn_rnd_test.11.dzn","OPTIMAL_SOLUTION","365.47129778936505","","","0.029619","93","","23","","","2447068589","","","105","29","","","19","19","18","","364.7","","963","minimize","0","","5781694","0.180981","9","0","","62","5","11563490","13717","","results_carpet_new","","",""
"cp-sat","","../carpet-cutting/cc_base-fixed.mzn","../carpet-cutting/mzn_rnd_test.07.dzn","SATISFIED","1201.2320281947032","","","","191","","53","","","121494","","","","","","660","","10","62","","0.203144","","2842","minimize","0","2370","1023","0.29732","41","","","121","12","","","","results_carpet_new","","",""
"Huub_user_decomp","","../carpet-cutting/cc_base-fixed.mzn","../carpet-cutting/mzn_rnd_test.13.dzn","UNKNOWN","1204.8422479517758","0","","5.372466","222683","","172680","","","","","","","","","","","0","117688","","","31949","","minimize","0","","","7.14523","54379","","","100973","940","","81113","init","results_carpet_new","143756","",""
"Huub_user_s+o","","../carpet-cutting/cc_base-fixed.mzn","../carpet-cutting/mzn_rnd_test.19.dzn","SATISFIED","1203.2415886791423","0","","1.532493","86602","","44546","","","","","","","","","","","673","35193","","","9312","4063","minimize","0","","","2.33463","9453","","","50479","4","","31567","init","results_carpet_new","35322","",""
"Huub_user_m+s","","../carpet-cutting/cc_base-fixed.mzn","../carpet-cutting/mzn_rnd_test.03.dzn","UNKNOWN","1204.3911977279931","0","","4.174537","191153","","131009","","","","","","","","","","","0","92059","","","29397","","minimize","0","","","5.57135","39008","","","95275","6","","55535","init","results_carpet_new","102876","",""
"Huub_user_m+s","","../carpet-cutting/cc_base-fixed.mzn","../carpet-cutting/mzn_rnd_test.07.dzn","UNKNOWN","1202.2517161564901","0","","0.90024","69084","","36969","","","","","","","","","","","0","29072","","","7348","","minimize","0","","","1.962","7993","","","39090","14","","25488","init","results_carpet_new","31132","",""
"gecode","","../carpet-cutting/cc_base-fixed.mzn","../carpet-cutting/mzn_rnd_test.07.dzn","SATISFIED","1201.207500438206","","","0.055569","218","","53","","","484701549","","","265","59","","","10","10","49","","1199.71","","2842","minimize","0","","1476169","0.296177","27","0","","139","12","2952460","39900","","results_carpet_new","","",""
"Huub_user_no_gen_bounds","","../carpet-cutting/cc_base-fixed.mzn","../carpet-cutting/mzn_rnd_test.04.dzn","UNKNOWN","1206.5095050148666","0","","7.468827","325738","","245773","","","","","","","","","","","0","169687","","","44537","","minimize","0","","","10.0232","76177","","","151903","20","","81277","init","results_carpet_new","204783","",""
"chuffed","","../carpet-cutting/cc_base-fixed.mzn","../carpet-cutting/mzn_rnd_test.16.dzn","SATISFIED","1200.8315450595692","","","0.035","984","1345582","878","122","87.15","3960324743","0.0","804094101","28621","39","0.12","28497","","28","888","6517070","1199.764","","1215","minimize","0","","6517070","0.23271","237","28","","96","5","7863716","1803","","results_carpet_new","","0.0",""
"Huub_user_m+s","","../carpet-cutting/cc_base-fixed.mzn","../carpet-cutting/mzn_rnd_test.08.dzn","UNKNOWN","1203.3884091712534","0","","2.19797","150686","","89443","","","","","","","","","","","0","67560","","","17671","","minimize","0","","","4.60015","22015","","","81889","30","","58302","init","results_carpet_new","73938","",""
"chuffed","","../carpet-cutting/cc_base-fixed.mzn","../carpet-cutting/mzn_rnd_test.05.dzn","SATISFIED","1200.7941058725119","","","0.04","1182","94009","1070","127","0.077","10198669189","0.0","848279779","22171","43","0.08","22042","","13","1078","6313592","1199.772","","1385","minimize","0","","6313592","0.225235","304","13","","103","5","6408190","2184","","results_carpet_new","","0.0",""
"Huub_user_no_gen_bounds","","../carpet-cutting/cc_base-fixed.mzn","../carpet-cutting/mzn_rnd_test.07.dzn","UNKNOWN","1202.260676764883","0","","0.956758","69084","","36969","","","","","","","","","","","0","29072","","","7348","","minimize","0","","","2.04219","7993","","","39090","14","","25488","init","results_carpet_new","31132","",""
"Huub_user_diffn","","../carpet-cutting/cc_base-fixed.mzn","../carpet-cutting/mzn_rnd_test.20.dzn","UNKNOWN","1203.4285233635455","0","","2.357373","134708","","71098","","","","","","","","","","","0","55753","","","14686","","minimize","0","","","4.039069","15505","","","78023","10","","50653","init","results_carpet_new","55872","",""
"cp-sat","","../carpet-cutting/cc_base-fixed.mzn","../carpet-cutting/mzn_rnd_test.03.dzn","SATISFIED","1202.4050889527425","","","","89","","23","","","172284907","","","","","","1605","","11","32","","66.6686","","1011","minimize","0","930","894984","0.322109","17","","","59","4","","","","results_carpet_new","","",""
"Huub_user_no_gen_bounds","","../carpet-cutting/cc_base-fixed.mzn","../carpet-cutting/mzn_rnd_test.13.dzn","UNKNOWN","1204.6010240148753","0","","5.275862","221760","","171756","","","","","","","","","","","0","117688","","","31949","","minimize","0","","","6.83979","54148","","","100973","16","","80190","init","results_carpet_new","143756","",""
"Huub_user_m+o","","../carpet-cutting/cc_base-fixed.mzn","../carpet-cutting/mzn_rnd_test.19.dzn","SATISFIED","1203.2197504518554","0","","1.493242","86602","","44546","","","","","","","","","","","1566","35193","","","9312","2925","minimize","0","","","2.36695","9453","","","50479","4","","31567","init","results_carpet_new","35322","",""
"cp-sat","","../carpet-cutting/cc_base-fixed.mzn","../carpet-cutting/mzn_rnd_test.17.dzn","SATISFIED","1201.1245145304129","","","","290","","118","","","481973579","","","","","","6622","","9","101","","154.122","","2192","minimize","0","1862","807573","0.212591","125","","","169","39","","","","results_carpet_new","","",""
"cp-sat","","../carpet-cutting/cc_base-fixed.mzn","../carpet-cutting/mzn_rnd_test.08.dzn","SATISFIED","1200.8171654092148","","","","355","","116","","","1189653525","","","","","","4741","","33","104","","880.599","","3929","minimize","0","3072","6217360","0.203115","103","","","212","31","","","","results_carpet_new","","",""
"Huub_user_no_gen_bounds","","../carpet-cutting/cc_base-fixed.mzn","../carpet-cutting/mzn_rnd_test.03.dzn","UNKNOWN","1204.4156133020297","0","","4.111961","191153","","131009","","","","","","","","","","","0","92059","","","29397","","minimize","0","","","5.52306","39008","","","95275","6","","55535","init","results_carpet_new","102876","",""
"Huub_user_m+o","","../carpet-cutting/cc_base-fixed.mzn","../carpet-cutting/mzn_rnd_test.07.dzn","UNKNOWN","1202.2413612129167","0","","0.941664","69084","","36969","","","","","","","","","","","0","29072","","","7348","","minimize","0","","","1.9893","7993","","","39090","14","","25488","init","results_carpet_new","31132","",""
"Huub_user_no_gen_bounds","","../carpet-cutting/cc_base-fixed.mzn","../carpet-cutting/mzn_rnd_test.11.dzn","UNKNOWN","1202.884725594893","0","","2.778604","109604","","67086","","","","","","","","","","","0","48123","","","19568","","minimize","0","","","2.74144","18998","","","58256","","","44691","init","results_carpet_new","48127","",""
"Huub_user_diffn","","../carpet-cutting/cc_base-fixed.mzn","../carpet-cutting/mzn_rnd_test.17.dzn","UNKNOWN","1203.0863883430138","0","","1.860165","112942","","74749","","","","","","","","","","","0","54875","","","11765","","minimize","0","","","3.23494","20027","","","57134","46","","33125","init","results_carpet_new","63973","",""
"Huub_user_diffn","","../carpet-cutting/cc_base-fixed.mzn","../carpet-cutting/mzn_rnd_test.13.dzn","UNKNOWN","1204.5453779073432","0","","5.349621","221760","","171756","","","","","","","","","","","0","117688","","","31949","","minimize","0","","","6.97534","54148","","","100973","16","","80190","init","results_carpet_new","143756","",""
"gecode","","../carpet-cutting/cc_base-fixed.mzn","../carpet-cutting/mzn_rnd_test.06.dzn","SATISFIED","1202.0467752339318","","","0.123857","225","","42","","","753431502","","","273","67","","","18","18","40","","1199.69","","2660","minimize","0","","1132531","0.332686","22","0","","153","6","2265213","60935","","results_carpet_new","","",""
"Huub_user_basic","","../carpet-cutting/cc_base-fixed.mzn","../carpet-cutting/mzn_rnd_test.16.dzn","UNKNOWN","1206.1870301943272","0","","9.124585","313494","","218571","","","","","","","","","","","0","151926","","","55219","","minimize","0","","","9.32322","66723","","","157346","6","","95500","init","results_carpet_new","164987","",""
"Huub_user_no_gen_bounds","","../carpet-cutting/cc_base-fixed.mzn","../carpet-cutting/mzn_rnd_test.06.dzn","UNKNOWN","1203.764203411527","0","","1.791302","105311","","59057","","","","","","","","","","","0","44962","","","13238","","minimize","0","","","3.03496","14157","","","59252","8","","37107","init","results_carpet_new","46305","",""
"Huub_user_decomp","","../carpet-cutting/cc_base-fixed.mzn","../carpet-cutting/mzn_rnd_test.17.dzn","UNKNOWN","1203.3023544000462","0","","1.925196","117453","","79261","","","","","","","","","","","0","54875","","","11765","","minimize","0","","","3.54757","21155","","","57134","4558","","37430","init","results_carpet_new","63973","",""
"Huub_user_decomp","","../carpet-cutting/cc_base-fixed.mzn","../carpet-cutting/mzn_rnd_test.09.dzn","UNKNOWN","1202.985902636312","0","","1.754965","118711","","74443","","","","","","","","","","","0","52993","","","13179","","minimize","0","","","3.637","19008","","","61253","3474","","41175","init","results_carpet_new","58995","",""
"chuffed","","../carpet-cutting/cc_base-fixed.mzn","../carpet-cutting/mzn_rnd_test.09.dzn","SATISFIED","1201.676747750491","","","0.081","3710","808833","3537","216","77.309","7453605466","0.0","-350593429","75674","74","0.28","75456","","47","3557","4763356","1199.473","","2629","minimize","0","","4763356","0.525263","948","47","","164","4","5575621","7148","","results_carpet_new","","0.0",""
"cp-sat","","../carpet-cutting/cc_base-fixed.mzn","../carpet-cutting/mzn_rnd_test.16.dzn","SATISFIED","1200.7104936195537","","","","145","","38","","","237939264","","","","","","2165","","25","46","","118.47","","1271","minimize","0","1075","1313731","0.175479","27","","","96","7","","","","results_carpet_new","","",""
"cp-sat","","../carpet-cutting/cc_base-fixed.mzn","../carpet-cutting/mzn_rnd_test.02.dzn","SATISFIED","1201.5375273497775","","","","51","","14","","","204056","","","","","","766","","8","18","","0.244515","","919","minimize","0","815","1215","0.247638","10","","","37","2","","","","results_carpet_new","","",""
"Huub_user_diffn","","../carpet-cutting/cc_base-fixed.mzn","../carpet-cutting/mzn_rnd_test.14.dzn","UNKNOWN","1208.6418809816241","0","","11.589111","506357","","399302","","","","","","","","","","","0","273928","","","62106","","minimize","0","","","15.6543","125481","","","227513","32","","129566","init","results_carpet_new","343270","",""
"Huub_user_s+o","","../carpet-cutting/cc_base-fixed.mzn","../carpet-cutting/mzn_rnd_test.12.dzn","UNKNOWN","1202.9010232221335","0","","3.179529","100860","","67442","","","","","","","","","","","0","46697","","","21256","","minimize","0","","","2.65382","20790","","","51819","","","39380","init","results_carpet_new","46701","",""
"Huub_user_basic","","../carpet-cutting/cc_base-fixed.mzn","../carpet-cutting/mzn_rnd_test.10.dzn","UNKNOWN","1203.1838134611025","0","","2.463075","137967","","80609","","","","","","","","","","","0","60685","","","17550","","minimize","0","","","3.90238","20068","","","76362","18","","49011","init","results_carpet_new","62698","",""
"Huub_user_diffn","","../carpet-cutting/cc_base-fixed.mzn","../carpet-cutting/mzn_rnd_test.07.dzn","UNKNOWN","1202.8087787637487","0","","0.976607","69084","","36969","","","","","","","","","","","0","29072","","","7348","","minimize","0","","","2.01974","7993","","","39090","14","","25488","init","results_carpet_new","31132","",""
"chuffed","","../carpet-cutting/cc_base-fixed.mzn","../carpet-cutting/mzn_rnd_test.03.dzn","SATISFIED","1202.602277547121","","","0.025","499","5858081","434","75","287.758","3646053487","0.0","-409869973","23757","29","0.08","23680","","12","445","7823193","1199.649","","1007","minimize","0","","7823193","0.347899","120","12","","59","2","13681607","897","","results_carpet_new","","0.0",""
"gecode","","../carpet-cutting/cc_base-fixed.mzn","../carpet-cutting/mzn_rnd_test.12.dzn","SATISFIED","1200.6127084661275","","","0.029122","116","","29","","","11593076881","","","129","44","","","28","28","24","","1199.81","","641","minimize","0","","4522919","0.192983","12","0","","75","5","9045975","15578","","results_carpet_new","","",""
