"configuration","problem","model","data_file","status","time","randomSeed","flatBoolConstraints","optTime","trailMem","evaluatedReifiedConstraints","intVariables","failures","oracleDecisions","nogoods","solutions","nodes","peakDepth","flatTime","flatIntVars","objective","userDecisions","evaluatedHalfReifiedConstraints","initTime","propagations","solveTime","variables","intVars","backjumps","propagators","extractedViews","blockType","flatIntConstraints","objectiveBound","nSolutions","unifiedVariables","flatBoolVars","paths","baseMem","run","peakMem","boolVariables","method","restarts"
"gecode","","../container-loading/container-loading.mzn","../container-loading/cl01.dzn","UNKNOWN","1200.9352933000773","","4950","","","","","1620988","","","0","3242090","157","1.65939","605","","","29700","0.264755","3298405116","1198.34","30305","","","35048","","","30098","","0","","29700","0","","results_container_new","","","minimize","0"
"Huub_user_s+o","","../container-loading/container-loading.mzn","../container-loading/cl09.dzn","SATISFIED","1200.3292102729902","","960","","","2688","605","146626","312248","","","","3511","0.158835","1205","12636","0","","0.044963","12547504","1199.853054","","","","2118","600","complete","1758","","40","0","1728","0","","results_container_new","","","minimize","0"
"Huub_user_diffn","","../container-loading/container-loading.mzn","../container-loading/cl15.dzn","SATISFIED","1200.3152928408235","","1200","","","3360","755","65672","257047","","","","4718","0.179328","1505","18648","0","","0.063886","6807827","1199.772845","","","","2646","750","complete","2196","","39","0","2160","0","","results_container_new","","","minimize","0"
"Huub_user_basic","","../container-loading/container-loading.mzn","../container-loading/cl06.dzn","SATISFIED","1200.4350200621411","","960","","","2688","605","126756","191403","","","","1321","0.162278","1205","10976","0","","0.04189","9159919","1199.921578","","","","2118","600","complete","1758","","28","0","1728","0","","results_container_new","","","minimize","0"
"chuffed","","../container-loading/container-loading.mzn","../container-loading/cl01.dzn","SATISFIED","1201.2095099417493","406766617","5415","1104.989","0.63","30327","","2310951","","2310951","","4000888","598","1.6936","899","4320","","","0.414","5248885202","1198.303","80395","899","1662717","61089","","","30740","","64","","30234","0","0.0","results_container_new","0.0","79494","minimize","64"
"gecode","","../container-loading/container-loading.mzn","../container-loading/cl14.dzn","UNKNOWN","1201.2381032695994","","7140","","","","","893968","","","0","1788124","238","2.45243","725","","","42840","0.378543","2822282211","1197.55","43565","","","50459","","","43319","","0","","42840","0","","results_container_new","","","minimize","0"
"Huub_user_m+s","","../container-loading/container-loading.mzn","../container-loading/cl07.dzn","SATISFIED","1200.2916262634099","","960","","","2688","605","98897","163147","","","","2944","0.171855","1205","11088","0","","0.041998","8952369","1199.910341","","","","2118","600","complete","1758","","33","0","1728","0","","results_container_new","","","minimize","0"
"Huub_user_m+s","","../container-loading/container-loading.mzn","../container-loading/cl15.dzn","SATISFIED","1200.218542110175","","1200","","","3360","755","65586","289038","","","","4608","0.17954","1505","18144","0","","0.060797","5160369","1199.804589","","","","2646","750","complete","2196","","45","0","2160","0","","results_container_new","","","minimize","0"
"Huub_user_decomp","","../container-loading/container-loading.mzn","../container-loading/cl15.dzn","SATISFIED","1203.9779076520354","","32325","","","3360","755","947102","6613312","","","","62625","10.2798","1505","15120","0","186701","2.250389","2621254707","1187.677964","","","","189346","750","complete","188896","","71","0","188861","0","","results_container_new","","","minimize","0"
"gecode","","../container-loading/container-loading.mzn","../container-loading/cl07.dzn","UNKNOWN","1203.2422772189602","","19900","","","","","","","","","","","6.77161","1205","","","119400","","","","","","","","","","120197","","0","","119400","0","","results_container_new","","","minimize",""
"gecode","","../container-loading/container-loading.mzn","../container-loading/cl06.dzn","UNKNOWN","1203.2096378868446","","19900","","","","","","","","","","","6.8954","1205","","","119400","","","","","","","","","","120197","","0","","119400","0","","results_container_new","","","minimize",""
"Huub_user_decomp","","../container-loading/container-loading.mzn","../container-loading/cl03.dzn","SATISFIED","1202.5796057293192","","20860","","","2688","605","1110189","4955755","","","","42602","6.46514","1205","6664","0","119378","1.454448","1878893581","1192.212487","","","","121495","600","complete","121135","","63","0","121106","0","","results_container_new","","","minimize","0"
"Huub_user_basic","","../container-loading/container-loading.mzn","../container-loading/cl09.dzn","SATISFIED","1200.2252756673843","","960","","","2688","605","159311","395545","","","","3541","0.161431","1205","11704","0","","0.044532","10419988","1199.848957","","","","2118","600","complete","1758","","63","0","1728","0","","results_container_new","","","minimize","0"
"Huub_user_diffn","","../container-loading/container-loading.mzn","../container-loading/cl07.dzn","SATISFIED","1200.2716890173033","","960","","","2688","605","72773","123219","","","","1105","0.157768","1205","10472","0","","0.04156","5224520","1199.869385","","","","2118","600","complete","1758","","31","0","1728","0","","results_container_new","","","minimize","0"
"chuffed","","../container-loading/container-loading.mzn","../container-loading/cl06.dzn","SATISFIED","1203.2096496773884","","20860","","","120744","","","","","","","","7.05901","1799","20520","","","","","","","","","","","","121559","","19","","120552","0","","results_container_new","","","minimize",""
"Huub_user_s+o","","../container-loading/container-loading.mzn","../container-loading/cl04.dzn","SATISFIED","1200.160207113251","","465","","","1302","305","594492","659135","","","","794","0.115532","605","3240","0","","0.022055","35353702","1199.874863","","","","1029","300","complete","864","","37","0","837","0","","results_container_new","","","minimize","0"
"chuffed","","../container-loading/container-loading.mzn","../container-loading/cl12.dzn","SATISFIED","1201.5455704750493","2089319340","7710","148.63","0.94","43638","","1698524","","1698524","","2713883","711","2.47921","1079","10800","","","0.572","8948878249","1197.517","110180","1079","995957","87786","","","44129","","33","","43524","0","0.0","results_container_new","0.0","109099","minimize","33"
"Huub_user_diffn","","../container-loading/container-loading.mzn","../container-loading/cl14.dzn","SATISFIED","1200.222653966397","","570","","","1596","365","253201","288306","","","","591","0.131649","725","5434","0","","0.028203","16775690","1199.856129","","","","1260","360","complete","1050","","18","0","1026","0","","results_container_new","","","minimize","0"
"Huub_user_no_gen_bounds","","../container-loading/container-loading.mzn","../container-loading/cl03.dzn","SATISFIED","1200.3292761882767","","960","","","2688","605","80516","161932","","","","3505","0.16037","1205","7560","0","","0.041751","5039931","1199.82752","","","","2118","600","complete","1758","","38","0","1728","0","","results_container_new","","","minimize","0"
"Huub_user_decomp","","../container-loading/container-loading.mzn","../container-loading/cl05.dzn","SATISFIED","1201.038297395222","","7710","","","1596","365","1902963","3794616","","","","14425","2.27025","725","4640","0","42828","0.488142","1904681818","1197.281997","","","","44087","360","complete","43877","","43","0","43854","0","","results_container_new","","","minimize","0"
"gecode","","../container-loading/container-loading.mzn","../container-loading/cl05.dzn","UNKNOWN","1201.26806762442","","7140","","","","","875140","","","0","1750436","209","2.48097","725","","","42840","0.388401","2906352221","1197.52","43565","","","50459","","","43319","","0","","42840","0","","results_container_new","","","minimize","0"
"cp-sat","","../container-loading/container-loading.mzn","../container-loading/cl09.dzn","SATISFIED","1202.1916411770508","","20860","","","1344","","478","","","","","","6.93572","1205","12852","","119400","","2170267","52.2656","","","","","","","120965","225","1","","120552","0","","results_container_new","","119554","minimize",""
"gecode","","../container-loading/container-loading.mzn","../container-loading/cl13.dzn","UNKNOWN","1201.4101639678702","","8385","","","","","600360","","","0","1200849","221","2.84269","785","","","50310","0.447469","2227377846","1197.16","51095","","","59213","","","50828","","0","","50310","0","","results_container_new","","","minimize","0"
"cp-sat","","../container-loading/container-loading.mzn","../container-loading/cl12.dzn","SATISFIED","1200.9560134988278","","7710","","","798","","434","","","","","","2.40248","725","5376","","42840","","4627548","26.8674","","","","","","","43775","96","4","","43524","0","","results_container_new","","42958","minimize",""
"Huub_user_m+o","","../container-loading/container-loading.mzn","../container-loading/cl03.dzn","SATISFIED","1200.310320917517","","960","","","2688","605","67250","166507","","","","3429","0.164077","1205","7488","0","","0.043324","5851297","1199.827194","","","","2118","600","complete","1758","","45","0","1728","0","","results_container_new","","","minimize","0"
"chuffed","","../container-loading/container-loading.mzn","../container-loading/cl11.dzn","SATISFIED","1201.1613120194525","-1679086100","5420","199.543","0.63","30358","","2430934","","2430934","","3422353","646","1.76106","899","6240","","","0.414","4723924273","1198.236","82899","899","972470","61146","","","30769","","39","","30264","0","0.0","results_container_new","0.0","81998","minimize","39"
"Huub_user_s+o","","../container-loading/container-loading.mzn","../container-loading/cl10.dzn","SATISFIED","1200.3568845940754","","1210","","","3388","755","62948","290367","","","","4457","0.186283","1505","16320","0","","0.059889","6012963","1199.873761","","","","2668","750","complete","2208","","44","0","2178","0","","results_container_new","","","minimize","0"
"Huub_user_decomp","","../container-loading/container-loading.mzn","../container-loading/cl11.dzn","SATISFIED","1200.7151285028085","","5420","","","1316","305","2035251","3615360","","","","10847","1.66071","605","5040","0","29700","0.353349","1581499159","1198.015458","","","","30739","300","complete","30569","","32","0","30546","0","","results_container_new","","","minimize","0"
"Huub_user_diffn","","../container-loading/container-loading.mzn","../container-loading/cl13.dzn","SATISFIED","1200.2806099420413","","615","","","1722","395","218984","264748","","","","914","0.127904","785","7840","0","","0.027986","14167958","1199.971369","","","","1359","390","complete","1134","","31","0","1107","0","","results_container_new","","","minimize","0"
"Huub_user_s+o","","../container-loading/container-loading.mzn","../container-loading/cl11.dzn","SATISFIED","1200.2303492398933","","470","","","1316","305","486485","545590","","","","697","0.118817","605","5115","0","","0.023893","31732404","1199.869421","","","","1040","300","complete","870","","37","0","846","0","","results_container_new","","","minimize","0"
"Huub_user_no_gen_bounds","","../container-loading/container-loading.mzn","../container-loading/cl14.dzn","SATISFIED","1200.159293519333","","570","","","1596","365","310293","366409","","","","738","0.123023","725","5292","0","","0.025994","13215955","1199.859595","","","","1260","360","complete","1050","","41","0","1026","0","","results_container_new","","","minimize","0"
"Huub_user_no_gen_bounds","","../container-loading/container-loading.mzn","../container-loading/cl01.dzn","SATISFIED","1200.1683708317578","","465","","","1302","305","346584","394242","","","","629","0.118099","605","3952","0","","0.022387","14391938","1199.866898","","","","1029","300","complete","864","","36","0","837","0","","results_container_new","","","minimize","0"
"Huub_user_decomp","","../container-loading/container-loading.mzn","../container-loading/cl06.dzn","SATISFIED","1202.490618380718","","20860","","","2688","605","1108252","3838714","","","","38412","6.43198","1205","9792","0","119400","1.448383","1971524237","1192.240754","","","","121517","600","complete","121157","","37","0","121128","0","","results_container_new","","","minimize","0"
"Huub_user_diffn","","../container-loading/container-loading.mzn","../container-loading/cl04.dzn","SATISFIED","1200.1995344981551","","465","","","1302","305","412639","465480","","","","651","0.115642","605","3306","0","","0.022737","26111802","1199.876443","","","","1029","300","complete","864","","34","0","837","0","","results_container_new","","","minimize","0"
"Huub_user_basic","","../container-loading/container-loading.mzn","../container-loading/cl05.dzn","SATISFIED","1200.2988477041945","","570","","","1596","365","396628","449875","","","","836","0.128575","725","4968","0","","0.025757","22158063","1199.88743","","","","1260","360","complete","1050","","36","0","1026","0","","results_container_new","","","minimize","0"
"Huub_user_s+o","","../container-loading/container-loading.mzn","../container-loading/cl05.dzn","SATISFIED","1200.2571253320202","","570","","","1596","365","378191","438702","","","","769","0.122796","725","5040","0","","0.026105","24575953","1199.858441","","","","1260","360","complete","1050","","32","0","1026","0","","results_container_new","","","minimize","0"
"Huub_user_basic","","../container-loading/container-loading.mzn","../container-loading/cl14.dzn","SATISFIED","1200.160485908389","","570","","","1596","365","403678","460156","","","","905","0.122695","725","5376","0","","0.026391","25820585","1199.868694","","","","1260","360","complete","1050","","34","0","1026","0","","results_container_new","","","minimize","0"
"Huub_user_m+s","","../container-loading/container-loading.mzn","../container-loading/cl02.dzn","SATISFIED","1200.2474459921941","","960","","","2688","605","93811","147722","","","","1300","0.161724","1205","7560","0","","0.039775","6981405","1199.881837","","","","2118","600","complete","1758","","27","0","1728","0","","results_container_new","","","minimize","0"
"Huub_user_m+o","","../container-loading/container-loading.mzn","../container-loading/cl01.dzn","SATISFIED","1200.2512515960261","","465","","","1302","305","290288","333758","","","","672","0.120562","605","4131","0","","0.025021","18069306","1199.860683","","","","1029","300","complete","864","","34","0","837","0","","results_container_new","","","minimize","0"
"Huub_user_diffn","","../container-loading/container-loading.mzn","../container-loading/cl08.dzn","SATISFIED","1200.2259370191023","","620","","","1736","395","245324","310777","","","","2491","0.137048","785","4864","0","","0.029684","17470002","1199.87763","","","","1370","390","complete","1140","","41","0","1116","0","","results_container_new","","","minimize","0"
"Huub_user_m+o","","../container-loading/container-loading.mzn","../container-loading/cl12.dzn","SATISFIED","1200.2286101402715","","570","","","1596","365","304269","358954","","","","832","0.123414","725","5890","0","","0.026095","19637145","1199.873341","","","","1260","360","complete","1050","","34","0","1026","0","","results_container_new","","","minimize","0"
"chuffed","","../container-loading/container-loading.mzn","../container-loading/cl08.dzn","SATISFIED","1201.7771074920893","-1567562393","9005","497.87","1.41","51178","","1599676","","1599676","","2232131","791","2.84711","1169","16200","","","0.675","7895690690","1197.151","123000","1169","617224","102906","","","51709","","23","","51054","0","0.0","results_container_new","0.0","121829","minimize","23"
"Huub_user_m+s","","../container-loading/container-loading.mzn","../container-loading/cl03.dzn","SATISFIED","1200.5276409704238","","960","","","2688","605","106769","191336","","","","3373","0.173641","1205","7280","0","","0.043543","7806349","1199.968549","","","","2118","600","complete","1758","","41","0","1728","0","","results_container_new","","","minimize","0"
"Huub_user_m+s","","../container-loading/container-loading.mzn","../container-loading/cl10.dzn","SATISFIED","1200.3267175350338","","1210","","","3388","755","62057","295322","","","","7114","0.180157","1505","16848","0","","0.057967","5515229","1199.849613","","","","2668","750","complete","2208","","44","0","2178","0","","results_container_new","","","minimize","0"
"chuffed","","../container-loading/container-loading.mzn","../container-loading/cl07.dzn","UNKNOWN","1203.2329791830853","","20860","","","120744","","","","","","","","7.03916","1799","","","","","","","","","","","","","121559","","0","","120552","0","","results_container_new","","","minimize",""
"Huub_user_s+o","","../container-loading/container-loading.mzn","../container-loading/cl14.dzn","SATISFIED","1200.1670816754922","","570","","","1596","365","404777","469170","","","","725","0.123433","725","5400","0","","0.027538","27089933","1199.864563","","","","1260","360","complete","1050","","37","0","1026","0","","results_container_new","","","minimize","0"
"Huub_user_m+s","","../container-loading/container-loading.mzn","../container-loading/cl06.dzn","SATISFIED","1200.2692771097645","","960","","","2688","605","91700","137594","","","","1135","0.158617","1205","9996","0","","0.041526","6226973","1199.852113","","","","2118","600","complete","1758","","25","0","1728","0","","results_container_new","","","minimize","0"
"Huub_user_m+o","","../container-loading/container-loading.mzn","../container-loading/cl06.dzn","SATISFIED","1200.2258756672964","","960","","","2688","605","72299","115222","","","","1176","0.171804","1205","11088","0","","0.040948","5992897","1199.843355","","","","2118","600","complete","1758","","25","0","1728","0","","results_container_new","","","minimize","0"
"Huub_user_decomp","","../container-loading/container-loading.mzn","../container-loading/cl12.dzn","SATISFIED","1200.964870840311","","7710","","","1596","365","1709468","3516861","","","","15289","2.27634","725","5760","0","42840","0.488597","1713336876","1197.271765","","","","44099","360","complete","43889","","36","0","43866","0","","results_container_new","","","minimize","0"
"gecode","","../container-loading/container-loading.mzn","../container-loading/cl02.dzn","UNKNOWN","1203.269948859699","","19900","","","","","","","","","","","6.89239","1205","","","119400","","","","","","","","","","120197","","0","","119400","0","","results_container_new","","","minimize",""
"cp-sat","","../container-loading/container-loading.mzn","../container-loading/cl06.dzn","SATISFIED","1202.192246175371","","20860","","","1344","","843","","","","","","6.89914","1205","9975","","119400","","7253091","85.0851","","","","","","","120965","180","2","","120552","0","","results_container_new","","119543","minimize",""
"Huub_user_no_gen_bounds","","../container-loading/container-loading.mzn","../container-loading/cl13.dzn","SATISFIED","1200.342692735605","","615","","","1722","395","223658","274775","","","","802","0.12773","785","7400","0","","0.0279","9523775","1199.884686","","","","1359","390","complete","1134","","39","0","1107","0","","results_container_new","","","minimize","0"
"gecode","","../container-loading/container-loading.mzn","../container-loading/cl09.dzn","UNKNOWN","1203.1850745268166","","19900","","","","","","","","","","","6.91725","1205","","","119400","","","","","","","","","","120197","","0","","119400","0","","results_container_new","","","minimize",""
"gecode","","../container-loading/container-loading.mzn","../container-loading/cl12.dzn","UNKNOWN","1201.3662195708603","","7140","","","","","700524","","","0","1401195","209","2.44965","725","","","42840","0.391168","1645927352","1197.55","43565","","","50459","","","43319","","0","","42840","0","","results_container_new","","","minimize","0"
"Huub_user_s+o","","../container-loading/container-loading.mzn","../container-loading/cl12.dzn","SATISFIED","1200.2609876710922","","570","","","1596","365","392893","453790","","","","758","0.125196","725","6076","0","","0.026292","25818995","1199.865783","","","","1260","360","complete","1050","","31","0","1026","0","","results_container_new","","","minimize","0"
"Huub_user_diffn","","../container-loading/container-loading.mzn","../container-loading/cl03.dzn","SATISFIED","1200.1950164707378","","960","","","2688","605","83392","188863","","","","3384","0.157567","1205","7722","0","","0.041945","7639003","1199.831834","","","","2118","600","complete","1758","","50","0","1728","0","","results_container_new","","","minimize","0"
"Huub_user_s+o","","../container-loading/container-loading.mzn","../container-loading/cl03.dzn","SATISFIED","1200.3926321920007","","960","","","2688","605","162155","260831","","","","3557","0.176959","1205","7500","0","","0.043878","12901875","1199.857901","","","","2118","600","complete","1758","","45","0","1728","0","","results_container_new","","","minimize","0"
"Huub_user_s+o","","../container-loading/container-loading.mzn","../container-loading/cl07.dzn","SATISFIED","1200.206149496138","","960","","","2688","605","151524","211998","","","","1506","0.1598","1205","9800","0","","0.041569","12642983","1199.836404","","","","2118","600","complete","1758","","29","0","1728","0","","results_container_new","","","minimize","0"
"gecode","","../container-loading/container-loading.mzn","../container-loading/cl15.dzn","UNKNOWN","1204.4974208241329","","31125","","","","","","","","","","","11.1583","1505","","","186750","","","","","","","","","","187745","","0","","186750","0","","results_container_new","","","minimize",""
"Huub_user_m+o","","../container-loading/container-loading.mzn","../container-loading/cl05.dzn","SATISFIED","1200.1785609666258","","570","","","1596","365","287293","337701","","","","982","0.123392","725","4800","0","","0.027277","17540260","1199.881651","","","","1260","360","complete","1050","","33","0","1026","0","","results_container_new","","","minimize","0"
"Huub_user_basic","","../container-loading/container-loading.mzn","../container-loading/cl04.dzn","SATISFIED","1200.2812674650922","","465","","","1302","305","524935","577959","","","","677","0.114762","605","3480","0","","0.022418","30041096","1199.883647","","","","1029","300","complete","864","","29","0","837","0","","results_container_new","","","minimize","0"
"Huub_user_basic","","../container-loading/container-loading.mzn","../container-loading/cl03.dzn","SATISFIED","1200.2997051477432","","960","","","2688","605","119460","217659","","","","3429","0.169979","1205","7623","0","","0.04213","9367373","1199.85457","","","","2118","600","complete","1758","","49","0","1728","0","","results_container_new","","","minimize","0"
"chuffed","","../container-loading/container-loading.mzn","../container-loading/cl09.dzn","UNKNOWN","1203.3713928209618","","20860","","","120744","","","","","","","","7.13778","1799","","","","","","","","","","","","","121559","","0","","120552","0","","results_container_new","","","minimize",""
"Huub_user_decomp","","../container-loading/container-loading.mzn","../container-loading/cl09.dzn","SATISFIED","1202.7078575668857","","20860","","","2688","605","1128902","5015301","","","","40846","6.61814","1205","11340","0","119400","1.463887","1955546264","1192.07296","","","","121517","600","complete","121157","","65","0","121128","0","","results_container_new","","","minimize","0"
"Huub_user_m+s","","../container-loading/container-loading.mzn","../container-loading/cl01.dzn","SATISFIED","1200.163514064625","","465","","","1302","305","386157","432128","","","","539","0.117745","605","4032","0","","0.022405","23088254","1199.869642","","","","1029","300","complete","864","","39","0","837","0","","results_container_new","","","minimize","0"
"chuffed","","../container-loading/container-loading.mzn","../container-loading/cl03.dzn","SATISFIED","1203.1708169775084","","20860","","","120744","","","","","","","","7.00769","1799","35910","","","","","","","","","","","","121559","","9","","120552","0","","results_container_new","","","minimize",""
"Huub_user_m+s","","../container-loading/container-loading.mzn","../container-loading/cl12.dzn","SATISFIED","1200.1834128880873","","570","","","1596","365","340807","391261","","","","724","0.123258","725","5760","0","","0.026726","19825283","1199.8811","","","","1260","360","complete","1050","","33","0","1026","0","","results_container_new","","","minimize","0"
"Huub_user_diffn","","../container-loading/container-loading.mzn","../container-loading/cl09.dzn","SATISFIED","1200.2979582175612","","960","","","2688","605","110124","284977","","","","3620","0.164524","1205","12160","0","","0.045289","9901480","1199.805977","","","","2118","600","complete","1758","","44","0","1728","0","","results_container_new","","","minimize","0"
"gecode","","../container-loading/container-loading.mzn","../container-loading/cl03.dzn","UNKNOWN","1203.1527636591345","","19900","","","","","","","","","","","6.81761","1205","","","119400","","","","","","","","","","120197","","0","","119400","0","","results_container_new","","","minimize",""
"Huub_user_s+o","","../container-loading/container-loading.mzn","../container-loading/cl06.dzn","SATISFIED","1200.301008800976","","960","","","2688","605","159585","212394","","","","1502","0.15998","1205","10962","0","","0.041412","11437089","1199.878172","","","","2118","600","complete","1758","","23","0","1728","0","","results_container_new","","","minimize","0"
"Huub_user_decomp","","../container-loading/container-loading.mzn","../container-loading/cl10.dzn","SATISFIED","1204.012716870755","","32335","","","3388","755","930638","5263381","","","","61024","10.4128","1505","15750","0","186750","2.268758","2252251817","1187.553183","","","","189417","750","complete","188957","","50","0","188928","0","","results_container_new","","","minimize","0"
"Huub_user_basic","","../container-loading/container-loading.mzn","../container-loading/cl11.dzn","SATISFIED","1200.2324112625793","","470","","","1316","305","493460","555085","","","","630","0.116307","605","5265","0","","0.023276","30861030","1199.881208","","","","1040","300","complete","870","","40","0","846","0","","results_container_new","","","minimize","0"
"Huub_user_m+o","","../container-loading/container-loading.mzn","../container-loading/cl13.dzn","SATISFIED","1200.2026816820726","","615","","","1722","395","191670","236241","","","","914","0.126607","785","7776","0","","0.02818","11247899","1199.894099","","","","1359","390","complete","1134","","30","0","1107","0","","results_container_new","","","minimize","0"
"cp-sat","","../container-loading/container-loading.mzn","../container-loading/cl04.dzn","SATISFIED","1200.7494443897158","","5415","","","651","","328","","","","","","1.74756","605","5568","","29700","","2660720","11.54","","","","","","","30470","90","2","","30258","0","","results_container_new","","30122","minimize",""
"chuffed","","../container-loading/container-loading.mzn","../container-loading/cl02.dzn","SATISFIED","1203.1560658710077","","20860","","","120744","","","","","","","","7.00478","1799","15225","","","","","","","","","","","","121559","","11","","120552","0","","results_container_new","","","minimize",""
"Huub_user_m+o","","../container-loading/container-loading.mzn","../container-loading/cl14.dzn","SATISFIED","1200.2529627438635","","570","","","1596","365","278340","327687","","","","702","0.123459","725","5320","0","","0.026281","17903289","1199.894321","","","","1260","360","complete","1050","","34","0","1026","0","","results_container_new","","","minimize","0"
"Huub_user_m+o","","../container-loading/container-loading.mzn","../container-loading/cl08.dzn","SATISFIED","1200.1810348704457","","620","","","1736","395","269640","333373","","","","2525","0.131772","785","4788","0","","0.029136","17932317","1199.857038","","","","1370","390","complete","1140","","38","0","1116","0","","results_container_new","","","minimize","0"
"chuffed","","../container-loading/container-loading.mzn","../container-loading/cl14.dzn","SATISFIED","1201.7590227648616","-178313657","7710","1197.498","0.94","43638","","1376562","","1376562","","2158970","1175","2.47217","1079","14256","","","0.581","7504928285","1197.576","111628","1079","763150","87786","","","44129","","30","","43524","0","0.0","results_container_new","0.0","110547","minimize","30"
"Huub_user_no_gen_bounds","","../container-loading/container-loading.mzn","../container-loading/cl12.dzn","SATISFIED","1200.1620212784037","","570","","","1596","365","292986","341726","","","","827","0.125341","725","6384","0","","0.026989","12155349","1199.855525","","","","1260","360","complete","1050","","33","0","1026","0","","results_container_new","","","minimize","0"
"Huub_user_basic","","../container-loading/container-loading.mzn","../container-loading/cl10.dzn","SATISFIED","1200.3359530419111","","1210","","","3388","755","75753","313945","","","","4534","0.186808","1505","16698","0","","0.05848","6827625","1199.831982","","","","2668","750","complete","2208","","50","0","2178","0","","results_container_new","","","minimize","0"
"gecode","","../container-loading/container-loading.mzn","../container-loading/cl04.dzn","UNKNOWN","1200.9354376271367","","4950","","","","","1152152","","","0","2304440","247","1.65924","605","","","29700","0.266571","3269932593","1198.34","30305","","","35048","","","30098","","0","","29700","0","","results_container_new","","","minimize","0"
"cp-sat","","../container-loading/container-loading.mzn","../container-loading/cl02.dzn","SATISFIED","1202.1807896010578","","20860","","","1366","","507","","","","","","7.04446","1205","8775","","119378","","2292435","52.9413","","","","","","","120965","144","1","","120552","0","","results_container_new","","119546","minimize",""
"Huub_user_no_gen_bounds","","../container-loading/container-loading.mzn","../container-loading/cl15.dzn","SATISFIED","1200.3074969248846","","1200","","","3360","755","30592","276757","","","","4440","0.194603","1505","17248","0","","0.058724","3117484","1199.755132","","","","2646","750","complete","2196","","52","0","2160","0","","results_container_new","","","minimize","0"
"Huub_user_m+o","","../container-loading/container-loading.mzn","../container-loading/cl09.dzn","SATISFIED","1200.2047561239451","","960","","","2688","605","70472","274192","","","","3671","0.157743","1205","12992","0","","0.044111","5718819","1199.844183","","","","2118","600","complete","1758","","53","0","1728","0","","results_container_new","","","minimize","0"
"Huub_user_decomp","","../container-loading/container-loading.mzn","../container-loading/cl08.dzn","SATISFIED","1201.1880845455453","","9005","","","1736","395","1519604","3717674","","","","17554","2.82052","785","4524","0","50310","0.577528","1581416476","1196.650946","","","","51679","390","complete","51449","","48","0","51426","0","","results_container_new","","","minimize","0"
"Huub_user_m+s","","../container-loading/container-loading.mzn","../container-loading/cl09.dzn","SATISFIED","1200.2545787505805","","960","","","2688","605","88786","300377","","","","3667","0.171215","1205","11904","0","","0.043814","7373590","1199.86423","","","","2118","600","complete","1758","","55","0","1728","0","","results_container_new","","","minimize","0"
"Huub_user_no_gen_bounds","","../container-loading/container-loading.mzn","../container-loading/cl04.dzn","SATISFIED","1200.158302246593","","465","","","1302","305","428813","481332","","","","651","0.113646","605","3312","0","","0.022304","18754708","1199.87821","","","","1029","300","complete","864","","41","0","837","0","","results_container_new","","","minimize","0"
"Huub_user_basic","","../container-loading/container-loading.mzn","../container-loading/cl15.dzn","SATISFIED","1200.3170133717358","","1200","","","3360","755","72160","278252","","","","5936","0.180952","1505","18240","0","","0.060114","5970032","1199.898915","","","","2646","750","complete","2196","","38","0","2160","0","","results_container_new","","","minimize","0"
"Huub_user_m+s","","../container-loading/container-loading.mzn","../container-loading/cl13.dzn","SATISFIED","1200.2869383869693","","615","","","1722","395","301811","349333","","","","859","0.131927","785","7800","0","","0.028132","16705480","1199.903295","","","","1359","390","complete","1134","","31","0","1107","0","","results_container_new","","","minimize","0"
"Huub_user_basic","","../container-loading/container-loading.mzn","../container-loading/cl08.dzn","SATISFIED","1200.19176838547","","620","","","1736","395","379141","447493","","","","1003","0.139687","785","4860","0","","0.028064","24270232","1199.850117","","","","1370","390","complete","1140","","43","0","1116","0","","results_container_new","","","minimize","0"
"Huub_user_decomp","","../container-loading/container-loading.mzn","../container-loading/cl13.dzn","SATISFIED","1201.1249975292012","","9000","","","1722","395","1732667","3575159","","","","17848","2.67482","785","7360","0","50310","0.573265","1777825100","1196.79377","","","","51668","390","complete","51443","","43","0","51417","0","","results_container_new","","","minimize","0"
"Huub_user_basic","","../container-loading/container-loading.mzn","../container-loading/cl02.dzn","SATISFIED","1200.3695442872122","","960","","","2688","605","158228","210912","","","","1143","0.190546","1205","7308","0","","0.040514","10989001","1199.880614","","","","2118","600","complete","1758","","22","0","1728","0","","results_container_new","","","minimize","0"
"Huub_user_m+s","","../container-loading/container-loading.mzn","../container-loading/cl04.dzn","SATISFIED","1200.2998286196962","","465","","","1302","305","402476","450542","","","","658","0.121163","605","3420","0","","0.022915","25318895","1199.889139","","","","1029","300","complete","864","","30","0","837","0","","results_container_new","","","minimize","0"
"cp-sat","","../container-loading/container-loading.mzn","../container-loading/cl15.dzn","SATISFIED","1203.4141125483438","","32325","","","1681","","1093","","","","","","11.5457","1505","20286","","186749","","5129936","116.01","","","","","","","188705","375","1","","188190","0","","results_container_new","","188575","minimize",""
"Huub_user_no_gen_bounds","","../container-loading/container-loading.mzn","../container-loading/cl07.dzn","SATISFIED","1200.2808714425191","","960","","","2688","605","106927","169842","","","","1509","0.176466","1205","11088","0","","0.040795","6441677","1199.800268","","","","2118","600","complete","1758","","39","0","1728","0","","results_container_new","","","minimize","0"
"Huub_user_no_gen_bounds","","../container-loading/container-loading.mzn","../container-loading/cl06.dzn","SATISFIED","1200.3717100145295","","960","","","2688","605","96225","151133","","","","1229","0.166321","1205","10920","0","","0.040782","4865529","1199.827514","","","","2118","600","complete","1758","","30","0","1728","0","","results_container_new","","","minimize","0"
"Huub_user_basic","","../container-loading/container-loading.mzn","../container-loading/cl07.dzn","SATISFIED","1200.347894073464","","960","","","2688","605","126321","194453","","","","1078","0.165402","1205","9792","0","","0.042046","8503697","1199.861621","","","","2118","600","complete","1758","","38","0","1728","0","","results_container_new","","","minimize","0"
"Huub_user_m+o","","../container-loading/container-loading.mzn","../container-loading/cl07.dzn","SATISFIED","1200.2865470936522","","960","","","2688","605","88284","143049","","","","1699","0.159558","1205","10584","0","","0.041144","7164608","1199.86705","","","","2118","600","complete","1758","","33","0","1728","0","","results_container_new","","","minimize","0"
"Huub_user_diffn","","../container-loading/container-loading.mzn","../container-loading/cl10.dzn","SATISFIED","1200.268326553516","","1210","","","3388","755","41211","235420","","","","4347","0.178868","1505","17556","0","","0.058084","4032074","1199.861722","","","","2668","750","complete","2208","","39","0","2178","0","","results_container_new","","","minimize","0"
"Huub_user_s+o","","../container-loading/container-loading.mzn","../container-loading/cl01.dzn","SATISFIED","1200.2914290204644","","465","","","1302","305","324553","349362","","","","655","0.123448","605","4320","0","","0.022515","22566611","1199.854246","","","","1029","300","complete","864","","28","0","837","0","","results_container_new","","","minimize","0"
"Huub_user_decomp","","../container-loading/container-loading.mzn","../container-loading/cl07.dzn","SATISFIED","1202.6274111876264","","20860","","","2688","605","1058736","3805402","","","","39570","6.41736","1205","10230","0","119400","1.446321","1954502887","1192.267984","","","","121517","600","complete","121157","","39","0","121128","0","","results_container_new","","","minimize","0"
"Huub_user_m+o","","../container-loading/container-loading.mzn","../container-loading/cl10.dzn","SATISFIED","1200.4449801975861","","1210","","","3388","755","43705","244441","","","","4456","0.180208","1505","16830","0","","0.059158","4845688","1199.925974","","","","2668","750","complete","2208","","42","0","2178","0","","results_container_new","","","minimize","0"
"Huub_user_m+o","","../container-loading/container-loading.mzn","../container-loading/cl15.dzn","SATISFIED","1200.4002916682512","","1200","","","3360","755","57170","238954","","","","4614","0.181986","1505","19404","0","","0.05928","4962051","1199.99253","","","","2646","750","complete","2196","","36","0","2160","0","","results_container_new","","","minimize","0"
"Huub_user_m+s","","../container-loading/container-loading.mzn","../container-loading/cl08.dzn","SATISFIED","1200.1762974737212","","620","","","1736","395","267618","324108","","","","814","0.130914","785","4576","0","","0.027206","16049729","1199.861405","","","","1370","390","complete","1140","","47","0","1116","0","","results_container_new","","","minimize","0"
"Huub_user_s+o","","../container-loading/container-loading.mzn","../container-loading/cl08.dzn","SATISFIED","1200.1598550751805","","620","","","1736","395","343849","412730","","","","876","0.12597","785","4524","0","","0.028006","21902803","1199.853702","","","","1370","390","complete","1140","","42","0","1116","0","","results_container_new","","","minimize","0"
"Huub_user_decomp","","../container-loading/container-loading.mzn","../container-loading/cl14.dzn","SATISFIED","1201.0702947806567","","7710","","","1596","365","2123931","4017361","","","","13828","2.28337","725","5152","0","42835","0.491142","2018318511","1197.26715","","","","44094","360","complete","43884","","48","0","43861","0","","results_container_new","","","minimize","0"
"chuffed","","../container-loading/container-loading.mzn","../container-loading/cl10.dzn","SATISFIED","1204.2273919554427","","32335","","","188444","","","","","","","","11.1042","2249","62208","","","","","","","","","","","","189459","","4","","188202","0","","results_container_new","","","minimize",""
"Huub_user_basic","","../container-loading/container-loading.mzn","../container-loading/cl01.dzn","SATISFIED","1200.2273270776495","","465","","","1302","305","355552","395800","","","","974","0.117655","605","4048","0","","0.021739","28755556","1199.888562","","","","1029","300","complete","864","","46","0","837","0","","results_container_new","","","minimize","0"
"cp-sat","","../container-loading/container-loading.mzn","../container-loading/cl08.dzn","SATISFIED","1201.1022516097873","","9005","","","868","","48776","","","","","","2.93069","785","5940","","50310","","73280731","849.009","","","","","","","51325","81","4","","51054","0","","results_container_new","","50983","minimize",""
"Huub_user_diffn","","../container-loading/container-loading.mzn","../container-loading/cl05.dzn","SATISFIED","1200.1883718613535","","570","","","1596","365","278802","326059","","","","946","0.123465","725","5175","0","","0.028841","17057286","1199.864858","","","","1260","360","complete","1050","","32","0","1026","0","","results_container_new","","","minimize","0"
"Huub_user_s+o","","../container-loading/container-loading.mzn","../container-loading/cl15.dzn","SATISFIED","1200.2201807908714","","1200","","","3360","755","59342","327963","","","","4702","0.190068","1505","18772","0","","0.059826","6849381","1199.790459","","","","2646","750","complete","2196","","50","0","2160","0","","results_container_new","","","minimize","0"
"Huub_user_diffn","","../container-loading/container-loading.mzn","../container-loading/cl12.dzn","SATISFIED","1200.2146738190204","","570","","","1596","365","351069","408893","","","","900","0.126535","725","6120","0","","0.02624","22259297","1199.865432","","","","1260","360","complete","1050","","35","0","1026","0","","results_container_new","","","minimize","0"
"Huub_user_s+o","","../container-loading/container-loading.mzn","../container-loading/cl13.dzn","SATISFIED","1200.2571198726073","","615","","","1722","395","365875","417381","","","","1101","0.138694","785","7866","0","","0.029912","23673217","1199.866182","","","","1359","390","complete","1134","","25","0","1107","0","","results_container_new","","","minimize","0"
"Huub_user_s+o","","../container-loading/container-loading.mzn","../container-loading/cl02.dzn","SATISFIED","1200.2006012098864","","960","","","2688","605","151086","225940","","","","1768","0.161759","1205","7560","0","","0.041286","10403006","1199.836229","","","","2118","600","complete","1758","","30","0","1728","0","","results_container_new","","","minimize","0"
"cp-sat","","../container-loading/container-loading.mzn","../container-loading/cl07.dzn","SATISFIED","1202.342147231102","","20860","","","1344","","6924","","","","","","7.01885","1205","12635","","119400","","28503660","194.102","","","","","","","120965","180","2","","120552","0","","results_container_new","","119723","minimize",""
"Huub_user_m+o","","../container-loading/container-loading.mzn","../container-loading/cl02.dzn","SATISFIED","1200.2435762481764","","960","","","2688","605","97683","139138","","","","1299","0.175129","1205","7695","0","","0.040571","7445777","1199.796533","","","","2118","600","complete","1758","","22","0","1728","0","","results_container_new","","","minimize","0"
"Huub_user_m+o","","../container-loading/container-loading.mzn","../container-loading/cl04.dzn","SATISFIED","1200.2904622079805","","465","","","1302","305","413163","469838","","","","824","0.131467","605","3400","0","","0.022054","24585324","1199.855378","","","","1029","300","complete","864","","40","0","837","0","","results_container_new","","","minimize","0"
"cp-sat","","../container-loading/container-loading.mzn","../container-loading/cl10.dzn","SATISFIED","1203.2702752156183","","32335","","","1694","","2263","","","","","","11.3719","1505","15120","","186750","","16597943","124.535","","","","","","","188715","225","2","","188202","0","","results_container_new","","188503","minimize",""
"gecode","","../container-loading/container-loading.mzn","../container-loading/cl10.dzn","UNKNOWN","1204.2654647575691","","31125","","","","","","","","","","","10.8857","1505","","","186750","","","","","","","","","","187747","","0","","186750","0","","results_container_new","","","minimize",""
"cp-sat","","../container-loading/container-loading.mzn","../container-loading/cl11.dzn","SATISFIED","1200.769876821898","","5420","","","658","","12935","","","","","","1.72094","605","5445","","29700","","14018301","91.3064","","","","","","","30475","150","5","","30264","0","","results_container_new","","30865","minimize",""
"Huub_user_decomp","","../container-loading/container-loading.mzn","../container-loading/cl02.dzn","SATISFIED","1202.6496560359374","","20860","","","2688","605","1086952","3834732","","","","38445","6.50706","1205","6750","0","119378","1.449851","1963883925","1192.162769","","","","121495","600","complete","121135","","33","0","121106","0","","results_container_new","","","minimize","0"
"Huub_user_m+s","","../container-loading/container-loading.mzn","../container-loading/cl05.dzn","SATISFIED","1200.1798975206912","","570","","","1596","365","287763","329926","","","","743","0.122824","725","5016","0","","0.026806","19192629","1199.878354","","","","1260","360","complete","1050","","24","0","1026","0","","results_container_new","","","minimize","0"
"Huub_user_m+s","","../container-loading/container-loading.mzn","../container-loading/cl11.dzn","SATISFIED","1200.3285591062158","","470","","","1316","305","472083","526407","","","","776","0.120335","605","5104","0","","0.023674","29153543","1199.875046","","","","1040","300","complete","870","","36","0","846","0","","results_container_new","","","minimize","0"
"gecode","","../container-loading/container-loading.mzn","../container-loading/cl11.dzn","UNKNOWN","1200.9783356096596","","4950","","","","","1305851","","","0","2611843","248","1.68146","605","","","29700","0.269279","1486046208","1198.32","30305","","","35049","","","30099","","0","","29700","0","","results_container_new","","","minimize","0"
"Huub_user_no_gen_bounds","","../container-loading/container-loading.mzn","../container-loading/cl09.dzn","SATISFIED","1200.2191145336255","","960","","","2688","605","84907","259222","","","","4579","0.161981","1205","13419","0","","0.042643","5373426","1199.853594","","","","2118","600","complete","1758","","41","0","1728","0","","results_container_new","","","minimize","0"
"chuffed","","../container-loading/container-loading.mzn","../container-loading/cl13.dzn","SATISFIED","1201.8152056280524","-189350259","9000","473.841","1.41","51171","","1775765","","1775765","","3042047","862","2.87232","1169","9180","","","0.684","7345065913","1197.125","124023","1169","1234685","102897","","","51704","","50","","51048","0","0.0","results_container_new","0.0","122852","minimize","50"
"Huub_user_m+s","","../container-loading/container-loading.mzn","../container-loading/cl14.dzn","SATISFIED","1200.2545395139605","","570","","","1596","365","322992","374185","","","","637","0.139721","725","5474","0","","0.026197","21488265","1199.85109","","","","1260","360","complete","1050","","37","0","1026","0","","results_container_new","","","minimize","0"
"chuffed","","../container-loading/container-loading.mzn","../container-loading/cl15.dzn","SATISFIED","1204.300901407376","","32325","","","188408","","","","","","","","10.9237","2249","73206","","","","","","","","","","","","189427","","9","","188168","0","","results_container_new","","","minimize",""
"Huub_user_no_gen_bounds","","../container-loading/container-loading.mzn","../container-loading/cl11.dzn","SATISFIED","1200.2452057497576","","470","","","1316","305","520247","576180","","","","984","0.118196","605","4998","0","","0.023346","20499967","1199.893406","","","","1040","300","complete","870","","44","0","846","0","","results_container_new","","","minimize","0"
"cp-sat","","../container-loading/container-loading.mzn","../container-loading/cl05.dzn","SATISFIED","1200.966454334557","","7710","","","810","","247","","","","","","2.48835","725","7410","","42828","","908925","10.3164","","","","","","","43775","150","1","","43524","0","","results_container_new","","42740","minimize",""
"Huub_user_no_gen_bounds","","../container-loading/container-loading.mzn","../container-loading/cl02.dzn","SATISFIED","1200.230850229971","","960","","","2688","605","79784","135294","","","","1845","0.158712","1205","7344","0","","0.041703","4664749","1199.864782","","","","2118","600","complete","1758","","29","0","1728","0","","results_container_new","","","minimize","0"
"cp-sat","","../container-loading/container-loading.mzn","../container-loading/cl01.dzn","SATISFIED","1200.7678298261017","","5415","","","651","","160717","","","","","","1.78181","605","6000","","29666","","229945730","933.218","","","","","","","30436","180","9","","30224","0","","results_container_new","","32044","minimize",""
"cp-sat","","../container-loading/container-loading.mzn","../container-loading/cl14.dzn","SATISFIED","1201.0413828985766","","7710","","","803","","523","","","","","","2.41726","725","9216","","42835","","4039105","19.8905","","","","","","","43775","180","2","","43524","0","","results_container_new","","43066","minimize",""
"Huub_user_no_gen_bounds","","../container-loading/container-loading.mzn","../container-loading/cl05.dzn","SATISFIED","1200.2151442319155","","570","","","1596","365","290345","346448","","","","878","0.126834","725","5040","0","","0.02553","13467825","1199.895682","","","","1260","360","complete","1050","","43","0","1026","0","","results_container_new","","","minimize","0"
"Huub_user_m+o","","../container-loading/container-loading.mzn","../container-loading/cl11.dzn","SATISFIED","1200.17611751426","","470","","","1316","305","420996","479177","","","","869","0.117384","605","5060","0","","0.022735","26059393","1199.881115","","","","1040","300","complete","870","","45","0","846","0","","results_container_new","","","minimize","0"
"Huub_user_no_gen_bounds","","../container-loading/container-loading.mzn","../container-loading/cl10.dzn","SATISFIED","1200.4037809185684","","1210","","","3388","755","46080","231274","","","","4408","0.179437","1505","17400","0","","0.0567","3359781","1199.939355","","","","2668","750","complete","2208","","37","0","2178","0","","results_container_new","","","minimize","0"
"Huub_user_diffn","","../container-loading/container-loading.mzn","../container-loading/cl01.dzn","SATISFIED","1200.2931363368407","","465","","","1302","305","324950","367320","","","","595","0.141003","605","3971","0","","0.024602","22200551","1199.856286","","","","1029","300","complete","864","","33","0","837","0","","results_container_new","","","minimize","0"
"Huub_user_diffn","","../container-loading/container-loading.mzn","../container-loading/cl02.dzn","SATISFIED","1200.3680069092661","","960","","","2688","605","88195","133157","","","","1478","0.162965","1205","7866","0","","0.040854","7194872","1199.872758","","","","2118","600","complete","1758","","22","0","1728","0","","results_container_new","","","minimize","0"
"gecode","","../container-loading/container-loading.mzn","../container-loading/cl08.dzn","UNKNOWN","1201.4518393613398","","8385","","","","","955457","","","0","1911137","273","2.87115","785","","","50310","0.461511","1661152046","1197.13","51095","","","59214","","","50829","","0","","50310","0","","results_container_new","","","minimize","0"
"Huub_user_basic","","../container-loading/container-loading.mzn","../container-loading/cl13.dzn","SATISFIED","1200.2313346872106","","615","","","1722","395","369502","435101","","","","886","0.128227","785","7560","0","","0.029548","21999815","1199.865419","","","","1359","390","complete","1134","","47","0","1107","0","","results_container_new","","","minimize","0"
"Huub_user_no_gen_bounds","","../container-loading/container-loading.mzn","../container-loading/cl08.dzn","SATISFIED","1200.199091596529","","620","","","1736","395","272405","333038","","","","2103","0.127674","785","4788","0","","0.02773","11761206","1199.885209","","","","1370","390","complete","1140","","39","0","1116","0","","results_container_new","","","minimize","0"
"Huub_user_decomp","","../container-loading/container-loading.mzn","../container-loading/cl01.dzn","SATISFIED","1200.7735417066142","","5415","","","1302","305","2365809","3870545","","","","35732","1.69608","605","3640","0","29666","0.359692","1861092696","1197.969024","","","","30694","300","complete","30529","","13","0","30503","0","","results_container_new","","","minimize","0"
"Huub_user_decomp","","../container-loading/container-loading.mzn","../container-loading/cl04.dzn","SATISFIED","1200.6774188000709","","5415","","","1302","305","2170417","4108276","","","","10221","1.67074","605","3230","0","29700","0.34493","1723078051","1198.007935","","","","30728","300","complete","30563","","39","0","30537","0","","results_container_new","","","minimize","0"
"chuffed","","../container-loading/container-loading.mzn","../container-loading/cl04.dzn","SATISFIED","1201.23204515595","1088558136","5415","1125.804","0.63","30351","","2143671","","2143671","","3616118","633","1.7524","899","4032","","","0.407","4362569597","1198.244","82756","899","1446783","61137","","","30764","","53","","30258","0","0.0","results_container_new","0.0","81855","minimize","53"
"cp-sat","","../container-loading/container-loading.mzn","../container-loading/cl13.dzn","SATISFIED","1201.0785384196788","","9000","","","861","","329","","","","","","3.06409","785","9918","","50310","","4425545","21.3213","","","","","","","51320","180","2","","51048","0","","results_container_new","","50379","minimize",""
"cp-sat","","../container-loading/container-loading.mzn","../container-loading/cl03.dzn","SATISFIED","1202.2099004825577","","20860","","","1366","","438","","","","","","6.9911","1205","8645","","119378","","2126830","52.1588","","","","","","","120965","144","1","","120552","0","","results_container_new","","119462","minimize",""
"Huub_user_diffn","","../container-loading/container-loading.mzn","../container-loading/cl06.dzn","SATISFIED","1200.2637820737436","","960","","","2688","605","98303","145187","","","","1479","0.171098","1205","12168","0","","0.040918","7808347","1199.879612","","","","2118","600","complete","1758","","25","0","1728","0","","results_container_new","","","minimize","0"
"Huub_user_basic","","../container-loading/container-loading.mzn","../container-loading/cl12.dzn","SATISFIED","1200.1778012737632","","570","","","1596","365","379353","440951","","","","797","0.132127","725","6300","0","","0.026271","21531932","1199.86119","","","","1260","360","complete","1050","","32","0","1026","0","","results_container_new","","","minimize","0"
"Huub_user_diffn","","../container-loading/container-loading.mzn","../container-loading/cl11.dzn","SATISFIED","1200.2660106858239","","470","","","1316","305","399657","448310","","","","869","0.120568","605","5225","0","","0.023621","24061518","1199.864988","","","","1040","300","complete","870","","34","0","846","0","","results_container_new","","","minimize","0"
"chuffed","","../container-loading/container-loading.mzn","../container-loading/cl05.dzn","SATISFIED","1201.54944930505","-1372543787","7710","1187.758","0.94","43638","","1962937","","1962937","","3246389","715","2.52554","1079","5850","","","0.57","6586899576","1197.471","102550","1079","1263353","87786","","","44129","","37","","43524","0","0.0","results_container_new","0.0","101469","minimize","37"
