"configuration","problem","model","data_file","status","time","extractedViews","flatIntVars","propagators","method","evaluatedReifiedConstraints","userDecisions","objective","eliminatedImplications","evaluatedHalfReifiedConstraints","blockType","solveTime","nSolutions","restarts","intVariables","failures","unifiedVariables","run","flatBoolConstraints","flatTime","flatIntConstraints","initTime","flatBoolVars","peakDepth","oracleDecisions","paths","propagations"
"Huub_free_diffn","","../products-and-shelves/product-and-shelves.mzn","../products-and-shelves/ps-75-12.dzn","SATISFIED","1201.0297410190105","15750","13650","30098","minimize","45150","0","S(21)","2250","","complete","1196.782523","1","303","13647","38218","0","results_free_prod_shelf","21750","2.61931","35349","0.625759","36900","29544","3981698","0","88160892"
"Huub_free_m+s","","../products-and-shelves/product-and-shelves.mzn","../products-and-shelves/ps-50-07.dzn","SATISFIED","1200.5528163099661","7000","6100","13063","minimize","19600","0","S(14)","1000","","complete","1198.681309","7","47","6097","8635","0","results_free_prod_shelf","9500","1.0681","15564","0.268155","16100","14432","9809097","0","143207372"
"Huub_free_diffn","","../products-and-shelves/product-and-shelves.mzn","../products-and-shelves/ps-100-17.dzn","UNKNOWN","1202.1259412718937","35000","30200","68144","minimize","102200","0","","5000","","complete","1193.418953","0","407","30197","34706","0","results_free_prod_shelf","49000","5.27841","79145","1.402617","83200","61567","2566692","0","82762129"
"Huub_free_basic","","../products-and-shelves/product-and-shelves.mzn","../products-and-shelves/ps-50-08.dzn","SATISFIED","1200.5160661768168","7000","6100","13726","minimize","20440","0","S(18)","1000","","complete","1198.712913","3","36","6097","435018","0","results_free_prod_shelf","9800","1.07981","15927","0.245502","16640","12571","8206500","0","476031083"
"Huub_free_no_gen_bounds","","../products-and-shelves/product-and-shelves.mzn","../products-and-shelves/ps-100-20.dzn","UNKNOWN","1202.3881840547547","35000","30200","64838","minimize","98000","0","","5000","","complete","1193.147454","0","25","30197","1591","0","results_free_prod_shelf","47500","5.34804","77339","1.680983","80500","43982","1091007","0","17364684"
"Huub_free_m+s","","../products-and-shelves/product-and-shelves.mzn","../products-and-shelves/ps-50-06.dzn","OPTIMAL_SOLUTION","357.96990690380335","7000","6100","13063","minimize","19600","0","S(16)","1000","","complete","356.08824","5","69","6097","30875","0","results_free_prod_shelf","9500","1.024899","15564","0.263078","16100","14729","2710884","0","36506037"
"Huub_free_m+o","","../products-and-shelves/product-and-shelves.mzn","../products-and-shelves/ps-100-19.dzn","OPTIMAL_SOLUTION","892.1614833790809","35000","30200","68144","minimize","102200","0","S(30)","5000","","complete","883.687698","12","1200","30197","71916","0","results_free_prod_shelf","49000","5.26579","79145","1.224052","83200","65934","2097299","0","62227533"
"Huub_free_basic","","../products-and-shelves/product-and-shelves.mzn","../products-and-shelves/ps-75-12.dzn","UNKNOWN","1200.9894003346562","15750","13650","30098","minimize","45150","0","","2250","","complete","1197.029295","0","57","13647","179763","0","results_free_prod_shelf","21750","2.40915","35349","0.612236","36900","29498","3766545","0","249611302"
"Huub_free_no_gen_bounds","","../products-and-shelves/product-and-shelves.mzn","../products-and-shelves/ps-50-06.dzn","OPTIMAL_SOLUTION","261.9541326360777","7000","6100","13063","minimize","19600","0","S(16)","1000","","complete","260.206328","5","143","6097","11208","0","results_free_prod_shelf","9500","1.02213","15564","0.265354","16100","14775","1421927","0","24047982"
"Huub_free_decomp","","../products-and-shelves/product-and-shelves.mzn","../products-and-shelves/ps-50-06.dzn","OPTIMAL_SOLUTION","23.79858550056815","7000","6100","160043","minimize","19600","0","S(15)","1000","147000","complete","4.92449","2","11","6097","1687","0","results_free_prod_shelf","34000","12.3072","162544","2.339505","163100","291410","744729","0","30596390"
"Huub_free_m+s","","../products-and-shelves/product-and-shelves.mzn","../products-and-shelves/ps-100-17.dzn","UNKNOWN","1202.1256415974349","35000","30200","68144","minimize","102200","0","","5000","","complete","1193.381498","0","252","30197","55284","0","results_free_prod_shelf","49000","5.2919","79145","1.443249","83200","55442","2901266","0","72641927"
"Huub_free_no_gen_bounds","","../products-and-shelves/product-and-shelves.mzn","../products-and-shelves/ps-100-17.dzn","SATISFIED","1202.045593732968","35000","30200","68144","minimize","102200","0","S(50)","5000","","complete","1193.444032","1","50","30197","6752","0","results_free_prod_shelf","49000","5.29429","79145","1.369415","83200","64766","1304369","0","30831863"
"Huub_free_m+s","","../products-and-shelves/product-and-shelves.mzn","../products-and-shelves/ps-50-09.dzn","OPTIMAL_SOLUTION","184.95566163305193","7000","6100","13284","minimize","19880","0","S(20)","1000","","complete","183.149618","1","4745","6097","155913","0","results_free_prod_shelf","9600","1.04779","15685","0.229827","16280","10714","1191699","0","47778806"
"Huub_free_s+o","","../products-and-shelves/product-and-shelves.mzn","../products-and-shelves/ps-25-01.dzn","OPTIMAL_SOLUTION","7.803994691930711","1680","1488","3107","minimize","4620","0","S(5)","240","","complete","7.080035","4","350","1485","25776","0","results_free_prod_shelf","2250","0.338109","3738","0.063065","3810","3136","146675","0","2942239"
"Huub_free_no_gen_bounds","","../products-and-shelves/product-and-shelves.mzn","../products-and-shelves/ps-100-19.dzn","SATISFIED","1202.0661605624482","35000","30200","68144","minimize","102200","0","S(34)","5000","","complete","1193.663359","7","739","30197","21770","0","results_free_prod_shelf","49000","5.20061","79145","1.194204","83200","52367","1676823","0","40833034"
"Huub_free_s+o","","../products-and-shelves/product-and-shelves.mzn","../products-and-shelves/ps-75-15.dzn","UNKNOWN","1201.0312010375783","15750","13650","28443","minimize","43050","0","","2250","","complete","1197.205514","0","6","13647","122545","0","results_free_prod_shelf","21000","2.15727","34444","0.712375","35550","26168","4804199","0","98949235"
"Huub_free_diffn","","../products-and-shelves/product-and-shelves.mzn","../products-and-shelves/ps-25-01.dzn","OPTIMAL_SOLUTION","13.296288510784507","1680","1488","3107","minimize","4620","0","S(5)","240","","complete","12.579727","3","492","1485","27013","0","results_free_prod_shelf","2250","0.338796","3738","0.062075","3810","3023","253394","0","4429718"
"Huub_free_basic","","../products-and-shelves/product-and-shelves.mzn","../products-and-shelves/ps-25-03.dzn","SATISFIED","1200.3682753294706","1750","1550","3250","minimize","4830","0","S(6)","250","","complete","1199.780686","4","31","1547","1777739","0","results_free_prod_shelf","2350","0.311427","3901","0.058789","3980","3315","31512960","0","508786654"
"Huub_free_basic","","../products-and-shelves/product-and-shelves.mzn","../products-and-shelves/ps-50-10.dzn","SATISFIED","1200.5387698616832","7000","6100","11958","minimize","18200","0","S(7)","1000","","complete","1198.60539","6","36","6097","99298","0","results_free_prod_shelf","9000","1.08311","14959","0.335272","15200","26045","9136352","0","94298459"
"Huub_free_basic","","../products-and-shelves/product-and-shelves.mzn","../products-and-shelves/ps-25-02.dzn","OPTIMAL_SOLUTION","8.052553308196366","1750","1550","3250","minimize","4830","0","S(6)","250","","complete","7.440368","4","15","1547","12287","0","results_free_prod_shelf","2350","0.314424","3901","0.059156","3980","3119","338008","0","4487975"
"Huub_free_no_gen_bounds","","../products-and-shelves/product-and-shelves.mzn","../products-and-shelves/ps-75-14.dzn","OPTIMAL_SOLUTION","159.30496443528682","15750","13650","30429","minimize","45570","0","S(20)","2250","","complete","155.301729","7","185","13647","3507","0","results_free_prod_shelf","21900","2.51506","35530","0.527797","37170","25584","422006","0","7894018"
"Huub_free_s+o","","../products-and-shelves/product-and-shelves.mzn","../products-and-shelves/ps-25-05.dzn","OPTIMAL_SOLUTION","5.09078286215663","1750","1550","2917","minimize","4410","0","S(10)","250","","complete","4.530121","1","37","1547","14013","0","results_free_prod_shelf","2200","0.302111","3718","0.061027","3710","3658","102693","0","2217076"
"Huub_free_diffn","","../products-and-shelves/product-and-shelves.mzn","../products-and-shelves/ps-50-06.dzn","OPTIMAL_SOLUTION","337.59430542215705","7000","6100","13063","minimize","19600","0","S(15)","1000","","complete","335.790602","6","150","6097","13441","0","results_free_prod_shelf","9500","1.02824","15564","0.265056","16100","14718","2772555","0","36602673"
"Huub_free_m+o","","../products-and-shelves/product-and-shelves.mzn","../products-and-shelves/ps-50-07.dzn","OPTIMAL_SOLUTION","279.09805125091225","7000","6100","13063","minimize","19600","0","S(8)","1000","","complete","277.288316","13","207","6097","24803","0","results_free_prod_shelf","9500","1.08248","15564","0.265908","16100","15097","2119480","0","30184556"
"Huub_free_s+o","","../products-and-shelves/product-and-shelves.mzn","../products-and-shelves/ps-25-04.dzn","OPTIMAL_SOLUTION","10.59566322248429","1750","1550","3028","minimize","4550","0","S(8)","250","","complete","9.974991","3","67","1547","5884","0","results_free_prod_shelf","2250","0.301688","3779","0.057161","3800","3630","267307","0","3141736"
"Huub_free_decomp","","../products-and-shelves/product-and-shelves.mzn","../products-and-shelves/ps-25-02.dzn","OPTIMAL_SOLUTION","2.807546269148588","1750","1550","21240","minimize","4830","0","S(6)","250","18000","complete","0.272506","5","0","1547","586","0","results_free_prod_shelf","5350","1.53716","21891","0.299326","21980","36450","188627","0","1693623"
"Huub_free_m+s","","../products-and-shelves/product-and-shelves.mzn","../products-and-shelves/ps-50-08.dzn","OPTIMAL_SOLUTION","15.329926777631044","7000","6100","13726","minimize","20440","0","S(13)","1000","","complete","13.503611","6","57","6097","5358","0","results_free_prod_shelf","9800","1.12064","15927","0.235544","16640","12377","162413","0","3370496"
"Huub_free_decomp","","../products-and-shelves/product-and-shelves.mzn","../products-and-shelves/ps-75-15.dzn","OPTIMAL_SOLUTION","102.64995727408677","15750","13650","527913","minimize","43050","0","S(8)","2250","499500","complete","39.959341","4","124","13647","10837","0","results_free_prod_shelf","104250","41.514","533914","8.503357","535050","1014498","5627729","0","277173683"
"Huub_free_basic","","../products-and-shelves/product-and-shelves.mzn","../products-and-shelves/ps-75-14.dzn","OPTIMAL_SOLUTION","133.3440400371328","15750","13650","30429","minimize","45570","0","S(20)","2250","","complete","129.44432","9","235","13647","13139","0","results_free_prod_shelf","21900","2.46728","35530","0.537269","37170","24786","627779","0","11159364"
"Huub_free_basic","","../products-and-shelves/product-and-shelves.mzn","../products-and-shelves/ps-50-06.dzn","SATISFIED","1200.5517786527053","7000","6100","13063","minimize","19600","0","S(16)","1000","","complete","1198.671821","5","20","6097","106662","0","results_free_prod_shelf","9500","1.07625","15564","0.270478","16100","14951","32912458","0","136436655"
"Huub_free_m+s","","../products-and-shelves/product-and-shelves.mzn","../products-and-shelves/ps-75-12.dzn","SATISFIED","1200.97783937864","15750","13650","30098","minimize","45150","0","S(17)","2250","","complete","1196.980452","7","518","13647","56263","0","results_free_prod_shelf","21750","2.42062","35349","0.633254","36900","29764","4093676","0","89600407"
"Huub_free_basic","","../products-and-shelves/product-and-shelves.mzn","../products-and-shelves/ps-75-15.dzn","SATISFIED","1200.935598794371","15750","13650","28443","minimize","43050","0","S(11)","2250","","complete","1196.9772","3","88","13647","39844","0","results_free_prod_shelf","21000","2.34933","34444","0.71111","35550","48385","4808283","0","58694357"
"Huub_free_no_gen_bounds","","../products-and-shelves/product-and-shelves.mzn","../products-and-shelves/ps-50-10.dzn","OPTIMAL_SOLUTION","356.0952179841697","7000","6100","11958","minimize","18200","0","S(6)","1000","","complete","354.245253","9","91","6097","13112","0","results_free_prod_shelf","9000","1.08279","14959","0.32567","15200","27035","2165903","0","17891225"
"Huub_free_s+o","","../products-and-shelves/product-and-shelves.mzn","../products-and-shelves/ps-75-13.dzn","UNKNOWN","1200.9992711702362","15750","13650","31091","minimize","46410","0","","2250","","complete","1197.225738","0","2","13647","280420","0","results_free_prod_shelf","22200","2.26754","35892","0.567111","37710","1734","5996087","0","470379768"
"Huub_free_no_gen_bounds","","../products-and-shelves/product-and-shelves.mzn","../products-and-shelves/ps-25-04.dzn","OPTIMAL_SOLUTION","3.869356045499444","1750","1550","3028","minimize","4550","0","S(9)","250","","complete","3.327225","2","141","1547","5061","0","results_free_prod_shelf","2250","0.297702","3779","0.056578","3800","3613","67098","0","877516"
"Huub_free_no_gen_bounds","","../products-and-shelves/product-and-shelves.mzn","../products-and-shelves/ps-50-08.dzn","OPTIMAL_SOLUTION","34.26170651335269","7000","6100","13726","minimize","20440","0","S(13)","1000","","complete","32.412736","5","113","6097","4882","0","results_free_prod_shelf","9800","1.06531","15927","0.239457","16640","12743","150381","0","3220485"
"Huub_free_s+o","","../products-and-shelves/product-and-shelves.mzn","../products-and-shelves/ps-75-11.dzn","SATISFIED","1201.0311615346","15750","13650","30098","minimize","45150","0","S(15)","2250","","complete","1197.114728","2","40","13647","38010","0","results_free_prod_shelf","21750","2.29919","35349","0.614752","36900","31029","4250077","0","85462099"
"Huub_free_basic","","../products-and-shelves/product-and-shelves.mzn","../products-and-shelves/ps-75-11.dzn","UNKNOWN","1201.1013260008767","15750","13650","30098","minimize","45150","0","","2250","","complete","1197.090095","0","24","13647","272619","0","results_free_prod_shelf","21750","2.34428","35349","0.62249","36900","30987","4654064","0","278654628"
"Huub_free_basic","","../products-and-shelves/product-and-shelves.mzn","../products-and-shelves/ps-50-09.dzn","OPTIMAL_SOLUTION","158.8470074282959","7000","6100","13284","minimize","19880","0","S(20)","1000","","complete","157.053421","1","4765","6097","149698","0","results_free_prod_shelf","9600","1.029369","15685","0.227456","16280","11144","1098792","0","45415940"
"Huub_free_diffn","","../products-and-shelves/product-and-shelves.mzn","../products-and-shelves/ps-75-11.dzn","SATISFIED","1201.0401718113571","15750","13650","30098","minimize","45150","0","S(15)","2250","","complete","1197.121275","4","159","13647","21385","0","results_free_prod_shelf","21750","2.304","35349","0.615366","36900","31201","29272901","0","65717066"
"Huub_free_diffn","","../products-and-shelves/product-and-shelves.mzn","../products-and-shelves/ps-100-19.dzn","OPTIMAL_SOLUTION","856.3420556252822","35000","30200","68144","minimize","102200","0","S(30)","5000","","complete","848.065607","15","911","30197","46165","0","results_free_prod_shelf","49000","5.14961","79145","1.193736","83200","52086","2041402","0","58036433"
"Huub_free_s+o","","../products-and-shelves/product-and-shelves.mzn","../products-and-shelves/ps-50-07.dzn","OPTIMAL_SOLUTION","252.47889465652406","7000","6100","13063","minimize","19600","0","S(8)","1000","","complete","250.546745","7","206","6097","28974","0","results_free_prod_shelf","9500","1.028899","15564","0.266878","16100","14139","2049655","0","29246639"
"Huub_free_basic","","../products-and-shelves/product-and-shelves.mzn","../products-and-shelves/ps-100-20.dzn","UNKNOWN","1202.059490904212","35000","30200","64838","minimize","98000","0","","5000","","complete","1193.213827","0","5","30197","86625","0","results_free_prod_shelf","47500","5.25771","77339","1.681183","80500","39355","1662293","0","136613945"
"Huub_free_no_gen_bounds","","../products-and-shelves/product-and-shelves.mzn","../products-and-shelves/ps-75-13.dzn","OPTIMAL_SOLUTION","1198.8620163034648","15750","13650","31091","minimize","46410","0","S(13)","2250","","complete","1194.961128","11","3075","13647","172187","0","results_free_prod_shelf","22200","2.37614","35892","0.555244","37710","23170","2159530","0","79345229"
"Huub_free_m+o","","../products-and-shelves/product-and-shelves.mzn","../products-and-shelves/ps-100-20.dzn","SATISFIED","1202.0716941896826","35000","30200","64838","minimize","98000","0","S(20)","5000","","complete","1193.293545","3","70","30197","4014","0","results_free_prod_shelf","47500","5.24988","77339","1.605607","80500","91538","2661305","0","37379188"
"Huub_free_m+s","","../products-and-shelves/product-and-shelves.mzn","../products-and-shelves/ps-25-04.dzn","OPTIMAL_SOLUTION","2.9124381681904197","1750","1550","3028","minimize","4550","0","S(8)","250","","complete","2.263916","3","134","1547","3975","0","results_free_prod_shelf","2250","0.297475","3779","0.059721","3800","3593","58045","0","856739"
"Huub_free_diffn","","../products-and-shelves/product-and-shelves.mzn","../products-and-shelves/ps-50-08.dzn","OPTIMAL_SOLUTION","31.432992487214506","7000","6100","13726","minimize","20440","0","S(13)","1000","","complete","29.599392","7","127","6097","12883","0","results_free_prod_shelf","9800","1.08932","15927","0.249483","16640","15160","275104","0","5934094"
"Huub_free_diffn","","../products-and-shelves/product-and-shelves.mzn","../products-and-shelves/ps-100-20.dzn","SATISFIED","1201.9674488641322","35000","30200","64838","minimize","98000","0","S(20)","5000","","complete","1193.551507","3","80","30197","10128","0","results_free_prod_shelf","47500","4.98504","77339","1.61219","80500","91522","2606571","0","35716730"
"Huub_free_no_gen_bounds","","../products-and-shelves/product-and-shelves.mzn","../products-and-shelves/ps-50-09.dzn","OPTIMAL_SOLUTION","244.04640958365053","7000","6100","13284","minimize","19880","0","S(20)","1000","","complete","242.262159","1","4173","6097","148839","0","results_free_prod_shelf","9600","1.0625","15685","0.229237","16280","11017","1200235","0","43358886"
"Huub_free_m+s","","../products-and-shelves/product-and-shelves.mzn","../products-and-shelves/ps-75-14.dzn","OPTIMAL_SOLUTION","55.91932686325163","15750","13650","30429","minimize","45570","0","S(20)","2250","","complete","52.040965","5","137","13647","3674","0","results_free_prod_shelf","21900","2.44653","35530","0.541107","37170","24956","294167","0","6161759"
"Huub_free_diffn","","../products-and-shelves/product-and-shelves.mzn","../products-and-shelves/ps-100-16.dzn","UNKNOWN","1202.032819245942","35000","30200","67593","minimize","101500","0","","5000","","complete","1193.234","0","185","30197","16381","0","results_free_prod_shelf","48750","5.47209","78844","1.369982","82750","66929","2522346","0","59960981"
"Huub_free_m+o","","../products-and-shelves/product-and-shelves.mzn","../products-and-shelves/ps-75-14.dzn","OPTIMAL_SOLUTION","119.96067879255861","15750","13650","30429","minimize","45570","0","S(20)","2250","","complete","116.005748","5","305","13647","9585","0","results_free_prod_shelf","21900","2.45217","35530","0.54233","37170","25158","497911","0","11506775"
"Huub_free_m+o","","../products-and-shelves/product-and-shelves.mzn","../products-and-shelves/ps-25-04.dzn","OPTIMAL_SOLUTION","3.2725223312154412","1750","1550","3028","minimize","4550","0","S(9)","250","","complete","2.642888","2","115","1547","6326","0","results_free_prod_shelf","2250","0.300773","3779","0.058073","3800","3585","59594","0","939328"
"Huub_free_s+o","","../products-and-shelves/product-and-shelves.mzn","../products-and-shelves/ps-75-14.dzn","OPTIMAL_SOLUTION","77.65259528160095","15750","13650","30429","minimize","45570","0","S(20)","2250","","complete","73.714583","7","150","13647","4474","0","results_free_prod_shelf","21900","2.47704","35530","0.547142","37170","25722","434312","0","7499696"
"Huub_free_decomp","","../products-and-shelves/product-and-shelves.mzn","../products-and-shelves/ps-25-01.dzn","OPTIMAL_SOLUTION","4.5548434080556035","1680","1488","19657","minimize","4620","0","S(5)","240","16560","complete","2.101532","6","686","1485","14022","0","results_free_prod_shelf","5010","1.49078","20288","0.284917","20370","32714","349985","0","8997637"
"Huub_free_decomp","","../products-and-shelves/product-and-shelves.mzn","../products-and-shelves/ps-50-10.dzn","OPTIMAL_SOLUTION","24.93548245728016","7000","6100","158938","minimize","18200","0","S(6)","1000","147000","complete","5.601274","5","19","6097","1077","0","results_free_prod_shelf","33500","12.5852","161939","2.399466","162200","309992","1846305","0","51897834"
"Huub_free_m+s","","../products-and-shelves/product-and-shelves.mzn","../products-and-shelves/ps-100-20.dzn","SATISFIED","1202.1692725764588","35000","30200","64838","minimize","98000","0","S(20)","5000","","complete","1193.18218","4","75","30197","25296","0","results_free_prod_shelf","47500","5.27894","77339","1.632703","80500","68374","3060066","0","44255291"
"Huub_free_basic","","../products-and-shelves/product-and-shelves.mzn","../products-and-shelves/ps-25-05.dzn","OPTIMAL_SOLUTION","11.157836724072695","1750","1550","2917","minimize","4410","0","S(10)","250","","complete","10.601287","1","26","1547","6360","0","results_free_prod_shelf","2200","0.303264","3718","0.059654","3710","3688","312559","0","3705181"
"Huub_free_m+o","","../products-and-shelves/product-and-shelves.mzn","../products-and-shelves/ps-75-11.dzn","SATISFIED","1200.9413192626089","15750","13650","30098","minimize","45150","0","S(13)","2250","","complete","1197.097984","5","222","13647","36402","0","results_free_prod_shelf","21750","2.32195","35349","0.607868","36900","30954","4142615","0","76008424"
"Huub_free_m+o","","../products-and-shelves/product-and-shelves.mzn","../products-and-shelves/ps-25-02.dzn","OPTIMAL_SOLUTION","1.4799400409683585","1750","1550","3250","minimize","4830","0","S(6)","250","","complete","0.770323","5","12","1547","1164","0","results_free_prod_shelf","2350","0.326946","3901","0.060498","3980","3002","30876","0","375592"
"Huub_free_no_gen_bounds","","../products-and-shelves/product-and-shelves.mzn","../products-and-shelves/ps-75-12.dzn","SATISFIED","1201.003505521454","15750","13650","30098","minimize","45150","0","S(20)","2250","","complete","1197.061091","1","273","13647","17098","0","results_free_prod_shelf","21750","2.37948","35349","0.600147","36900","29421","2343240","0","46024838"
"Huub_free_decomp","","../products-and-shelves/product-and-shelves.mzn","../products-and-shelves/ps-75-14.dzn","OPTIMAL_SOLUTION","129.85986721888185","15750","13650","529899","minimize","45570","0","S(20)","2250","499500","complete","65.986297","6","404","13647","10854","0","results_free_prod_shelf","105150","42.3095","535000","8.025023","536670","968832","8551071","0","267350022"
"Huub_free_diffn","","../products-and-shelves/product-and-shelves.mzn","../products-and-shelves/ps-75-13.dzn","OPTIMAL_SOLUTION","794.9507948206738","15750","13650","31091","minimize","46410","0","S(13)","2250","","complete","791.190042","12","2318","13647","154870","0","results_free_prod_shelf","22200","2.23706","35892","0.564559","37710","26513","2527156","0","96154919"
"Huub_free_basic","","../products-and-shelves/product-and-shelves.mzn","../products-and-shelves/ps-25-01.dzn","OPTIMAL_SOLUTION","27.193904723972082","1680","1488","3107","minimize","4620","0","S(5)","240","","complete","26.551969","6","563","1485","79870","0","results_free_prod_shelf","2250","0.356842","3738","0.061544","3810","3212","593412","0","12459083"
"Huub_free_basic","","../products-and-shelves/product-and-shelves.mzn","../products-and-shelves/ps-100-18.dzn","UNKNOWN","1202.166624375619","35000","30200","69246","minimize","103600","0","","5000","","complete","1193.021889","0","40","30197","64116","0","results_free_prod_shelf","49500","5.78084","79747","1.276782","84100","55996","2490375","0","158343515"
"Huub_free_m+o","","../products-and-shelves/product-and-shelves.mzn","../products-and-shelves/ps-50-06.dzn","SATISFIED","1200.561412983574","7000","6100","13063","minimize","19600","0","S(17)","1000","","complete","1198.625894","4","116","6097","17939","0","results_free_prod_shelf","9500","1.12338","15564","0.260085","16100","14718","9185619","0","100487880"
"Huub_free_decomp","","../products-and-shelves/product-and-shelves.mzn","../products-and-shelves/ps-100-16.dzn","OPTIMAL_SOLUTION","448.52156552951783","35000","30200","1552543","minimize","101500","0","S(16)","5000","1485000","complete","261.461928","28","305","30197","36614","0","results_free_prod_shelf","296250","123.781","1563794","24.295238","1567750","2955750","55858757","0","1070010598"
"Huub_free_decomp","","../products-and-shelves/product-and-shelves.mzn","../products-and-shelves/ps-50-08.dzn","OPTIMAL_SOLUTION","22.654442436993122","7000","6100","160706","minimize","20440","0","S(13)","1000","147000","complete","4.387708","5","47","6097","1055","0","results_free_prod_shelf","34300","12.0442","162907","2.27582","163640","285214","1468512","0","28425267"
"Huub_free_m+s","","../products-and-shelves/product-and-shelves.mzn","../products-and-shelves/ps-25-05.dzn","OPTIMAL_SOLUTION","2.896480699069798","1750","1550","2917","minimize","4410","0","S(10)","250","","complete","2.239634","1","55","1547","1933","0","results_free_prod_shelf","2200","0.303129","3718","0.059426","3710","4058","60015","0","580570"
"Huub_free_basic","","../products-and-shelves/product-and-shelves.mzn","../products-and-shelves/ps-100-19.dzn","SATISFIED","1202.0747958598658","35000","30200","68144","minimize","102200","0","S(31)","5000","","complete","1193.615904","7","817","30197","94523","0","results_free_prod_shelf","49000","5.20358","79145","1.220702","83200","52391","2792159","0","89383519"
"Huub_free_s+o","","../products-and-shelves/product-and-shelves.mzn","../products-and-shelves/ps-100-16.dzn","SATISFIED","1202.09935942851","35000","30200","67593","minimize","101500","0","S(47)","5000","","complete","1193.072255","4","63","30197","49668","0","results_free_prod_shelf","48750","5.60696","78844","1.409476","82750","67076","2493685","0","71009783"
"Huub_free_no_gen_bounds","","../products-and-shelves/product-and-shelves.mzn","../products-and-shelves/ps-25-02.dzn","OPTIMAL_SOLUTION","1.224189454689622","1750","1550","3250","minimize","4830","0","S(6)","250","","complete","0.660564","5","6","1547","995","0","results_free_prod_shelf","2350","0.308255","3901","0.058096","3980","2959","19907","0","186693"
"Huub_free_m+s","","../products-and-shelves/product-and-shelves.mzn","../products-and-shelves/ps-75-13.dzn","SATISFIED","1201.070058843121","15750","13650","31091","minimize","46410","0","S(14)","2250","","complete","1197.192505","15","4583","13647","270332","0","results_free_prod_shelf","22200","2.26846","35892","0.57558","37710","23055","3686364","0","145947050"
"Huub_free_m+s","","../products-and-shelves/product-and-shelves.mzn","../products-and-shelves/ps-75-15.dzn","SATISFIED","1201.0491388039663","15750","13650","28443","minimize","43050","0","S(11)","2250","","complete","1197.093612","5","112","13647","34761","0","results_free_prod_shelf","21000","2.23563","34444","0.741915","35550","48812","4262607","0","47908999"
"Huub_free_diffn","","../products-and-shelves/product-and-shelves.mzn","../products-and-shelves/ps-50-07.dzn","OPTIMAL_SOLUTION","243.31818427983671","7000","6100","13063","minimize","19600","0","S(8)","1000","","complete","241.42325","10","317","6097","21551","0","results_free_prod_shelf","9500","1.05776","15564","0.271965","16100","15066","1830494","0","26118261"
"Huub_free_no_gen_bounds","","../products-and-shelves/product-and-shelves.mzn","../products-and-shelves/ps-25-01.dzn","OPTIMAL_SOLUTION","8.035990266129375","1680","1488","3107","minimize","4620","0","S(5)","240","","complete","7.435295","6","393","1485","20738","0","results_free_prod_shelf","2250","0.321785","3738","0.062608","3810","3268","142697","0","2311809"
"Huub_free_s+o","","../products-and-shelves/product-and-shelves.mzn","../products-and-shelves/ps-100-19.dzn","SATISFIED","1202.022884982638","35000","30200","68144","minimize","102200","0","S(31)","5000","","complete","1193.648424","19","1045","30197","58517","0","results_free_prod_shelf","49000","5.1684","79145","1.232764","83200","52486","2766769","0","76725943"
"Huub_free_m+s","","../products-and-shelves/product-and-shelves.mzn","../products-and-shelves/ps-75-11.dzn","SATISFIED","1200.9741555238143","15750","13650","30098","minimize","45150","0","S(13)","2250","","complete","1196.933604","7","623","13647","101403","0","results_free_prod_shelf","21750","2.49014","35349","0.605537","36900","31554","4065685","0","85922493"
"Huub_free_decomp","","../products-and-shelves/product-and-shelves.mzn","../products-and-shelves/ps-25-03.dzn","OPTIMAL_SOLUTION","2.6977090211585164","1750","1550","21240","minimize","4830","0","S(4)","250","18000","complete","0.317623","4","16","1547","581","0","results_free_prod_shelf","5350","1.49642","21891","0.290756","21980","36451","157215","0","2177339"
"Huub_free_m+o","","../products-and-shelves/product-and-shelves.mzn","../products-and-shelves/ps-25-05.dzn","OPTIMAL_SOLUTION","1.5961777726188302","1750","1550","2917","minimize","4410","0","S(10)","250","","complete","1.040474","1","37","1547","1427","0","results_free_prod_shelf","2200","0.302915","3718","0.059296","3710","3935","27168","0","306823"
"Huub_free_s+o","","../products-and-shelves/product-and-shelves.mzn","../products-and-shelves/ps-50-08.dzn","OPTIMAL_SOLUTION","164.375264627859","7000","6100","13726","minimize","20440","0","S(13)","1000","","complete","162.52936","8","87","6097","59686","0","results_free_prod_shelf","9800","1.12475","15927","0.236256","16640","13343","1272125","0","35265624"
"Huub_free_decomp","","../products-and-shelves/product-and-shelves.mzn","../products-and-shelves/ps-75-11.dzn","OPTIMAL_SOLUTION","118.69303503539413","15750","13650","529568","minimize","45150","0","S(13)","2250","499500","complete","54.563568","4","174","13647","21285","0","results_free_prod_shelf","105000","42.4833","534819","8.128193","536400","984208","5646051","0","300677399"
"Huub_free_no_gen_bounds","","../products-and-shelves/product-and-shelves.mzn","../products-and-shelves/ps-25-05.dzn","OPTIMAL_SOLUTION","4.823811310343444","1750","1550","2917","minimize","4410","0","S(10)","250","","complete","4.266588","1","20","1547","2685","0","results_free_prod_shelf","2200","0.304019","3718","0.058884","3710","3870","90742","0","1362494"
"Huub_free_m+o","","../products-and-shelves/product-and-shelves.mzn","../products-and-shelves/ps-50-09.dzn","OPTIMAL_SOLUTION","175.7233022172004","7000","6100","13284","minimize","19880","0","S(20)","1000","","complete","173.872711","1","5652","6097","158184","0","results_free_prod_shelf","9600","1.14923","15685","0.226391","16280","11153","1084859","0","48968210"
"Huub_free_diffn","","../products-and-shelves/product-and-shelves.mzn","../products-and-shelves/ps-50-10.dzn","SATISFIED","1200.6662599323317","7000","6100","11958","minimize","18200","0","S(8)","1000","","complete","1198.580228","5","37","6097","19839","0","results_free_prod_shelf","9000","1.10426","14959","0.334947","15200","26569","8729692","0","80552647"
"Huub_free_diffn","","../products-and-shelves/product-and-shelves.mzn","../products-and-shelves/ps-25-03.dzn","OPTIMAL_SOLUTION","1.4727719398215413","1750","1550","3250","minimize","4830","0","S(4)","250","","complete","0.905803","6","30","1547","1142","0","results_free_prod_shelf","2350","0.30975","3901","0.058889","3980","3458","35585","0","342903"
"Huub_free_m+o","","../products-and-shelves/product-and-shelves.mzn","../products-and-shelves/ps-50-10.dzn","OPTIMAL_SOLUTION","497.57544928137213","7000","6100","11958","minimize","18200","0","S(6)","1000","","complete","495.605066","7","77","6097","47068","0","results_free_prod_shelf","9000","1.12222","14959","0.325553","15200","26569","3655470","0","33862726"
"Huub_free_decomp","","../products-and-shelves/product-and-shelves.mzn","../products-and-shelves/ps-100-18.dzn","OPTIMAL_SOLUTION","820.1331559838727","35000","30200","1554196","minimize","103600","0","S(17)","5000","1485000","complete","631.666984","24","3411","30197","115072","0","results_free_prod_shelf","297000","125.218","1564697","24.218437","1569100","2941603","90917754","0","2442887530"
"Huub_free_m+s","","../products-and-shelves/product-and-shelves.mzn","../products-and-shelves/ps-100-18.dzn","SATISFIED","1202.1003916906193","35000","30200","69246","minimize","103600","0","S(32)","5000","","complete","1192.956436","7","439","30197","44285","0","results_free_prod_shelf","49500","5.80129","79747","1.310711","84100","69702","2720437","0","96633051"
"Huub_free_no_gen_bounds","","../products-and-shelves/product-and-shelves.mzn","../products-and-shelves/ps-50-07.dzn","OPTIMAL_SOLUTION","282.3082983708009","7000","6100","13063","minimize","19600","0","S(8)","1000","","complete","280.556235","8","242","6097","35969","0","results_free_prod_shelf","9500","1.03298","15564","0.264447","16100","15031","1534700","0","23310203"
"Huub_free_basic","","../products-and-shelves/product-and-shelves.mzn","../products-and-shelves/ps-50-07.dzn","UNKNOWN","1200.528715246357","7000","6100","13063","minimize","19600","0","","1000","","complete","1198.742159","0","2","6097","458866","0","results_free_prod_shelf","9500","1.04221","15564","0.269554","16100","3258","9016225","0","487566826"
"Huub_free_decomp","","../products-and-shelves/product-and-shelves.mzn","../products-and-shelves/ps-75-12.dzn","OPTIMAL_SOLUTION","214.7642394034192","15750","13650","529568","minimize","45150","0","S(14)","2250","499500","complete","150.998317","4","1437","13647","56020","0","results_free_prod_shelf","105000","42.3518","534819","8.09582","536400","984982","21583174","0","566436178"
"Huub_free_diffn","","../products-and-shelves/product-and-shelves.mzn","../products-and-shelves/ps-25-04.dzn","OPTIMAL_SOLUTION","2.5620636390522122","1750","1550","3028","minimize","4550","0","S(9)","250","","complete","2.001193","2","82","1547","4428","0","results_free_prod_shelf","2250","0.2997","3779","0.059943","3800","3585","65240","0","677231"
"Huub_free_basic","","../products-and-shelves/product-and-shelves.mzn","../products-and-shelves/ps-100-16.dzn","UNKNOWN","1202.117204286158","35000","30200","67593","minimize","101500","0","","5000","","complete","1192.917949","0","15","30197","11997","0","results_free_prod_shelf","48750","5.77723","78844","1.399085","82750","11120","2345850","0","135795341"
"Huub_free_m+s","","../products-and-shelves/product-and-shelves.mzn","../products-and-shelves/ps-25-01.dzn","OPTIMAL_SOLUTION","11.023342963308096","1680","1488","3107","minimize","4620","0","S(5)","240","","complete","10.326293","4","746","1485","47726","0","results_free_prod_shelf","2250","0.370679","3738","0.064686","3810","3198","148993","0","4079070"
"Huub_free_s+o","","../products-and-shelves/product-and-shelves.mzn","../products-and-shelves/ps-100-18.dzn","UNKNOWN","1202.0488693322986","35000","30200","69246","minimize","103600","0","","5000","","complete","1193.184632","0","57","30197","112792","0","results_free_prod_shelf","49500","5.57402","79747","1.325058","84100","57837","2861338","0","399956979"
"Huub_free_diffn","","../products-and-shelves/product-and-shelves.mzn","../products-and-shelves/ps-75-15.dzn","SATISFIED","1200.9631790379062","15750","13650","28443","minimize","43050","0","S(11)","2250","","complete","1197.165627","5","100","13647","8025","0","results_free_prod_shelf","21000","2.18383","34444","0.703078","35550","49158","4329013","0","43816157"
"Huub_free_basic","","../products-and-shelves/product-and-shelves.mzn","../products-and-shelves/ps-25-04.dzn","OPTIMAL_SOLUTION","5.120117956772447","1750","1550","3028","minimize","4550","0","S(9)","250","","complete","4.506672","2","12","1547","13614","0","results_free_prod_shelf","2250","0.31416","3779","0.057573","3800","3486","119616","0","1402326"
"Huub_free_s+o","","../products-and-shelves/product-and-shelves.mzn","../products-and-shelves/ps-100-17.dzn","UNKNOWN","1202.2000657441095","35000","30200","68144","minimize","102200","0","","5000","","complete","1193.402781","0","62","30197","85166","0","results_free_prod_shelf","49000","5.2763","79145","1.414714","83200","61736","2384849","0","384982425"
"Huub_free_m+o","","../products-and-shelves/product-and-shelves.mzn","../products-and-shelves/ps-25-03.dzn","OPTIMAL_SOLUTION","1.4561755061149597","1750","1550","3250","minimize","4830","0","S(4)","250","","complete","0.885686","6","30","1547","1142","0","results_free_prod_shelf","2350","0.311719","3901","0.059823","3980","3458","35585","0","342903"
"Huub_free_s+o","","../products-and-shelves/product-and-shelves.mzn","../products-and-shelves/ps-50-10.dzn","OPTIMAL_SOLUTION","900.9188176849857","7000","6100","11958","minimize","18200","0","S(6)","1000","","complete","898.946914","7","97","6097","35299","0","results_free_prod_shelf","9000","1.08442","14959","0.329272","15200","26006","6900435","0","61340672"
"Huub_free_decomp","","../products-and-shelves/product-and-shelves.mzn","../products-and-shelves/ps-50-09.dzn","OPTIMAL_SOLUTION","139.19563653413206","7000","6100","160264","minimize","19880","0","S(20)","1000","147000","complete","120.90994","1","3456","6097","114941","0","results_free_prod_shelf","34100","12.0764","162665","2.247502","163280","275420","4591093","0","570396426"
"Huub_free_basic","","../products-and-shelves/product-and-shelves.mzn","../products-and-shelves/ps-100-17.dzn","UNKNOWN","1202.1584319109097","35000","30200","68144","minimize","102200","0","","5000","","complete","1193.551983","0","44","30197","142994","0","results_free_prod_shelf","49000","5.15338","79145","1.389225","83200","61469","3100758","0","106503316"
"Huub_free_no_gen_bounds","","../products-and-shelves/product-and-shelves.mzn","../products-and-shelves/ps-100-18.dzn","SATISFIED","1202.2369657866657","35000","30200","69246","minimize","103600","0","S(43)","5000","","complete","1192.99559","8","193","30197","21510","0","results_free_prod_shelf","49500","5.77818","79747","1.322526","84100","56354","880363","0","30954718"
"Huub_free_no_gen_bounds","","../products-and-shelves/product-and-shelves.mzn","../products-and-shelves/ps-100-16.dzn","SATISFIED","1202.0608130460605","35000","30200","67593","minimize","101500","0","S(22)","5000","","complete","1193.168861","1","53","30197","7614","0","results_free_prod_shelf","48750","5.54927","78844","1.395194","82750","61442","794613","0","23120228"
"Huub_free_decomp","","../products-and-shelves/product-and-shelves.mzn","../products-and-shelves/ps-50-07.dzn","OPTIMAL_SOLUTION","25.20361900050193","7000","6100","160043","minimize","19600","0","S(8)","1000","147000","complete","6.633429","6","47","6097","1738","0","results_free_prod_shelf","34000","12.2159","162544","2.321741","163100","290957","1917378","0","44967597"
"Huub_free_m+s","","../products-and-shelves/product-and-shelves.mzn","../products-and-shelves/ps-25-03.dzn","OPTIMAL_SOLUTION","1.3242949387058616","1750","1550","3250","minimize","4830","0","S(4)","250","","complete","0.670491","5","19","1547","1139","0","results_free_prod_shelf","2350","0.316605","3901","0.065907","3980","3294","27844","0","278276"
"Huub_free_no_gen_bounds","","../products-and-shelves/product-and-shelves.mzn","../products-and-shelves/ps-75-11.dzn","SATISFIED","1201.0499336775392","15750","13650","30098","minimize","45150","0","S(14)","2250","","complete","1197.115853","4","169","13647","27292","0","results_free_prod_shelf","21750","2.30536","35349","0.620641","36900","30596","2106772","0","42174310"
"Huub_free_no_gen_bounds","","../products-and-shelves/product-and-shelves.mzn","../products-and-shelves/ps-25-03.dzn","OPTIMAL_SOLUTION","10.257139657624066","1750","1550","3250","minimize","4830","0","S(4)","250","","complete","9.645894","6","35","1547","2665","0","results_free_prod_shelf","2350","0.316818","3901","0.05828","3980","3396","197766","0","2549342"
"Huub_free_diffn","","../products-and-shelves/product-and-shelves.mzn","../products-and-shelves/ps-25-02.dzn","OPTIMAL_SOLUTION","1.1429865872487426","1750","1550","3250","minimize","4830","0","S(6)","250","","complete","0.518193","5","13","1547","1109","0","results_free_prod_shelf","2350","0.318543","3901","0.057957","3980","3002","22921","0","242673"
"Huub_free_s+o","","../products-and-shelves/product-and-shelves.mzn","../products-and-shelves/ps-25-03.dzn","OPTIMAL_SOLUTION","1.4575345795601606","1750","1550","3250","minimize","4830","0","S(4)","250","","complete","0.896407","6","11","1547","2119","0","results_free_prod_shelf","2350","0.306656","3901","0.058892","3980","3306","35715","0","331671"
"Huub_free_m+s","","../products-and-shelves/product-and-shelves.mzn","../products-and-shelves/ps-50-10.dzn","OPTIMAL_SOLUTION","249.84404854103923","7000","6100","11958","minimize","18200","0","S(6)","1000","","complete","247.997519","8","55","6097","9979","0","results_free_prod_shelf","9000","1.06411","14959","0.32605","15200","26815","1816059","0","18283404"
"Huub_free_s+o","","../products-and-shelves/product-and-shelves.mzn","../products-and-shelves/ps-50-06.dzn","OPTIMAL_SOLUTION","690.0126566970721","7000","6100","13063","minimize","19600","0","S(16)","1000","","complete","688.245495","4","112","6097","40583","0","results_free_prod_shelf","9500","1.03851","15564","0.266223","16100","14765","5590014","0","81276524"
"Huub_free_basic","","../products-and-shelves/product-and-shelves.mzn","../products-and-shelves/ps-75-13.dzn","UNKNOWN","1201.004292299971","15750","13650","31091","minimize","46410","0","","2250","","complete","1197.187663","0","14","13647","73852","0","results_free_prod_shelf","22200","2.27339","35892","0.566233","37710","25998","4276834","0","163144597"
"Huub_free_decomp","","../products-and-shelves/product-and-shelves.mzn","../products-and-shelves/ps-75-13.dzn","OPTIMAL_SOLUTION","170.48379701655358","15750","13650","530561","minimize","46410","0","S(13)","2250","499500","complete","104.480606","17","2224","13647","50553","0","results_free_prod_shelf","105450","44.1508","535362","8.027864","537210","536239","10655474","0","440959395"
"Huub_free_decomp","","../products-and-shelves/product-and-shelves.mzn","../products-and-shelves/ps-100-20.dzn","OPTIMAL_SOLUTION","433.5361239993945","35000","30200","1549788","minimize","98000","0","S(11)","5000","1485000","complete","243.967783","13","332","30197","25489","0","results_free_prod_shelf","295000","126.285","1562289","24.882115","1565500","3004897","43759027","0","1876269535"
"Huub_free_m+o","","../products-and-shelves/product-and-shelves.mzn","../products-and-shelves/ps-50-08.dzn","OPTIMAL_SOLUTION","80.30489414464682","7000","6100","13726","minimize","20440","0","S(13)","1000","","complete","78.458618","8","261","6097","16066","0","results_free_prod_shelf","9800","1.0521","15927","0.234763","16640","15212","21391617","0","22673362"
"Huub_free_m+o","","../products-and-shelves/product-and-shelves.mzn","../products-and-shelves/ps-75-15.dzn","SATISFIED","1201.057842639275","15750","13650","28443","minimize","43050","0","S(11)","2250","","complete","1197.136014","5","102","13647","16608","0","results_free_prod_shelf","21000","2.21346","34444","0.707228","35550","48951","4460460","0","48665785"
"Huub_free_decomp","","../products-and-shelves/product-and-shelves.mzn","../products-and-shelves/ps-100-19.dzn","OPTIMAL_SOLUTION","535.6467296835035","35000","30200","1553094","minimize","102200","0","S(30)","5000","1485000","complete","346.747357","10","656","30197","27007","0","results_free_prod_shelf","296500","124.686","1564095","23.834255","1568200","1714390","39211498","0","1287165733"
"Huub_free_m+o","","../products-and-shelves/product-and-shelves.mzn","../products-and-shelves/ps-100-17.dzn","UNKNOWN","1202.0545225292444","35000","30200","68144","minimize","102200","0","","5000","","complete","1193.352908","0","330","30197","20963","0","results_free_prod_shelf","49000","5.31186","79145","1.438347","83200","61567","2656003","0","90441372"
"Huub_free_m+o","","../products-and-shelves/product-and-shelves.mzn","../products-and-shelves/ps-75-13.dzn","OPTIMAL_SOLUTION","771.1334941675887","15750","13650","31091","minimize","46410","0","S(13)","2250","","complete","767.191525","11","2827","13647","206246","0","results_free_prod_shelf","22200","2.29378","35892","0.566696","37710","22381","2419715","0","97786983"
"Huub_free_s+o","","../products-and-shelves/product-and-shelves.mzn","../products-and-shelves/ps-75-12.dzn","UNKNOWN","1200.978441985324","15750","13650","30098","minimize","45150","0","","2250","","complete","1196.998749","0","13","13647","146201","0","results_free_prod_shelf","21750","2.39538","35349","0.642762","36900","29663","4708529","0","216064964"
"Huub_free_s+o","","../products-and-shelves/product-and-shelves.mzn","../products-and-shelves/ps-50-09.dzn","OPTIMAL_SOLUTION","160.06232160516083","7000","6100","13284","minimize","19880","0","S(20)","1000","","complete","158.255307","1","4423","6097","141510","0","results_free_prod_shelf","9600","1.06914","15685","0.227517","16280","11363","1037927","0","40984218"
"Huub_free_s+o","","../products-and-shelves/product-and-shelves.mzn","../products-and-shelves/ps-100-20.dzn","UNKNOWN","1202.1186930201948","35000","30200","64838","minimize","98000","0","","5000","","complete","1193.242659","0","3","30197","31669","0","results_free_prod_shelf","47500","5.22958","77339","1.686028","80500","39355","2201779","0","51077468"
"Huub_free_decomp","","../products-and-shelves/product-and-shelves.mzn","../products-and-shelves/ps-25-05.dzn","OPTIMAL_SOLUTION","2.8282768931239843","1750","1550","20907","minimize","4410","0","S(10)","250","18000","complete","0.325252","1","21","1547","825","0","results_free_prod_shelf","5200","1.52912","21708","0.291945","21710","36510","69604","0","2069431"
"Huub_free_m+s","","../products-and-shelves/product-and-shelves.mzn","../products-and-shelves/ps-100-16.dzn","SATISFIED","1201.9259044835344","35000","30200","67593","minimize","101500","0","S(21)","5000","","complete","1193.121034","6","168","30197","21578","0","results_free_prod_shelf","48750","5.57207","78844","1.38753","82750","51216","2751967","0","66936756"
"Huub_free_no_gen_bounds","","../products-and-shelves/product-and-shelves.mzn","../products-and-shelves/ps-75-15.dzn","SATISFIED","1201.0020629428327","15750","13650","28443","minimize","43050","0","S(11)","2250","","complete","1197.057144","2","56","13647","17561","0","results_free_prod_shelf","21000","2.30083","34444","0.706033","35550","48123","3037125","0","41518481"
"Huub_free_diffn","","../products-and-shelves/product-and-shelves.mzn","../products-and-shelves/ps-50-09.dzn","OPTIMAL_SOLUTION","169.9429488973692","7000","6100","13284","minimize","19880","0","S(20)","1000","","complete","168.155592","1","5052","6097","156572","0","results_free_prod_shelf","9600","1.06281","15685","0.221508","16280","11210","1021394","0","45436898"
"Huub_free_m+o","","../products-and-shelves/product-and-shelves.mzn","../products-and-shelves/ps-75-12.dzn","SATISFIED","1201.0806065974757","15750","13650","30098","minimize","45150","0","S(17)","2250","","complete","1197.004292","6","397","13647","54049","0","results_free_prod_shelf","21750","2.40386","35349","0.62747","36900","29544","4005428","0","77312860"
"Huub_free_decomp","","../products-and-shelves/product-and-shelves.mzn","../products-and-shelves/ps-100-17.dzn","OPTIMAL_SOLUTION","671.5457450961694","35000","30200","1553094","minimize","102200","0","S(24)","5000","1485000","complete","476.343288","9","205","30197","25860","0","results_free_prod_shelf","296500","131.8","1564095","24.392046","1568200","2948534","97963299","0","1774405686"
"Huub_free_m+o","","../products-and-shelves/product-and-shelves.mzn","../products-and-shelves/ps-100-18.dzn","SATISFIED","1202.1142808599398","35000","30200","69246","minimize","103600","0","S(26)","5000","","complete","1193.052552","3","1170","30197","81965","0","results_free_prod_shelf","49500","5.65493","79747","1.383977","84100","57478","2735560","0","88100807"
"Huub_free_decomp","","../products-and-shelves/product-and-shelves.mzn","../products-and-shelves/ps-25-04.dzn","OPTIMAL_SOLUTION","3.105597791261971","1750","1550","21018","minimize","4550","0","S(9)","250","18000","complete","0.611449","2","32","1547","2013","0","results_free_prod_shelf","5250","1.51911","21769","0.297214","21800","36487","146747","0","3841430"
"Huub_free_s+o","","../products-and-shelves/product-and-shelves.mzn","../products-and-shelves/ps-25-02.dzn","OPTIMAL_SOLUTION","823.8950958848","1750","1550","3250","minimize","4830","0","S(6)","250","","complete","823.290322","5","19","1547","2079939","0","results_free_prod_shelf","2350","0.311877","3901","0.060454","3980","3095","16434456","0","713658584"
"Huub_free_m+s","","../products-and-shelves/product-and-shelves.mzn","../products-and-shelves/ps-25-02.dzn","OPTIMAL_SOLUTION","1.4993589594960213","1750","1550","3250","minimize","4830","0","S(6)","250","","complete","0.718846","5","16","1547","2051","0","results_free_prod_shelf","2350","0.312925","3901","0.059956","3980","3056","26732","0","368192"
"Huub_free_m+o","","../products-and-shelves/product-and-shelves.mzn","../products-and-shelves/ps-25-01.dzn","OPTIMAL_SOLUTION","5.532136345282197","1680","1488","3107","minimize","4620","0","S(5)","240","","complete","4.81589","3","421","1485","18606","0","results_free_prod_shelf","2250","0.338467","3738","0.06204","3810","3023","90616","0","1886524"
"Huub_free_diffn","","../products-and-shelves/product-and-shelves.mzn","../products-and-shelves/ps-75-14.dzn","OPTIMAL_SOLUTION","96.4589101113379","15750","13650","30429","minimize","45570","0","S(20)","2250","","complete","92.397386","9","245","13647","5323","0","results_free_prod_shelf","21900","2.49071","35530","0.543463","37170","25705","518047","0","9224578"
"Huub_free_m+o","","../products-and-shelves/product-and-shelves.mzn","../products-and-shelves/ps-100-16.dzn","SATISFIED","1202.1096228435636","35000","30200","67593","minimize","101500","0","S(36)","5000","","complete","1192.931985","11","163","30197","11701","0","results_free_prod_shelf","48750","5.7032","78844","1.438359","82750","67615","2760284","0","54252823"
"Huub_free_diffn","","../products-and-shelves/product-and-shelves.mzn","../products-and-shelves/ps-25-05.dzn","OPTIMAL_SOLUTION","1.5897897463291883","1750","1550","2917","minimize","4410","0","S(10)","250","","complete","1.037461","1","35","1547","1372","0","results_free_prod_shelf","2200","0.301047","3718","0.059","3710","3935","26534","0","292222"
"Huub_free_diffn","","../products-and-shelves/product-and-shelves.mzn","../products-and-shelves/ps-100-18.dzn","SATISFIED","1202.019413861446","35000","30200","69246","minimize","103600","0","S(35)","5000","","complete","1193.201746","16","660","30197","54755","0","results_free_prod_shelf","49500","5.60791","79747","1.279651","84100","57357","2571278","0","97732691"
"Huub_free_m+s","","../products-and-shelves/product-and-shelves.mzn","../products-and-shelves/ps-100-19.dzn","OPTIMAL_SOLUTION","788.5537922400981","35000","30200","68144","minimize","102200","0","S(30)","5000","","complete","780.166226","10","751","30197","31837","0","results_free_prod_shelf","49000","5.21452","79145","1.197056","83200","70139","2117214","0","53610229"
