"configuration","problem","model","data_file","status","time","propagators","error","restarts","flatBoolConstraints","unifiedVariables","trailMem","variables","userDecisions","run","eliminatedImplications","paths","propagations","baseMem","flatIntVars","flatTime","randomSeed","backjumps","peakDepth","extractedViews","intVariables","objective","evaluatedReifiedConstraints","flatBoolVars","optTime","method","peakMem","solveTime","nodes","nogoods","evaluatedHalfReifiedConstraints","objectiveBound","boolVariables","failures","blockType","nSolutions","oracleDecisions","intVars","solutions","initTime","flatIntConstraints"
"gecode","","../products-and-shelves/product-and-shelves.mzn","../products-and-shelves/ps-50-10.dzn","UNKNOWN","1204.3049118537456","","","","29500","","","","","results_prod_shelf_new","1000","0","","","6100","12.9424","","","","","","","7000","155000","","minimize","","","","","147000","","","","","0","","","","","157909"
"Huub_user_s+o","","../products-and-shelves/product-and-shelves.mzn","../products-and-shelves/ps-100-19.dzn","OPTIMAL_SOLUTION","769.4203721024096","68144","","0","49000","0","","","0","results_prod_shelf_new","5000","0","48385365","","30200","5.33277","","","14175","35000","30197","S(30)","102200","83200","","minimize","","760.876853","","","","","","77642","complete","11","1857473","","","1.204475","79145"
"Huub_user_diffn","","../products-and-shelves/product-and-shelves.mzn","../products-and-shelves/ps-25-04.dzn","OPTIMAL_SOLUTION","2.856495749205351","3028","","0","2250","0","","","0","results_prod_shelf_new","250","0","774966","","1550","0.309659","","","3486","1750","1547","S(9)","4550","3800","","minimize","","2.287031","","","","","","6576","complete","2","46877","","","0.055717","3779"
"Huub_user_basic","","../products-and-shelves/product-and-shelves.mzn","../products-and-shelves/ps-25-05.dzn","OPTIMAL_SOLUTION","2.652091532945633","2917","","0","2200","0","","","0","results_prod_shelf_new","250","0","493317","","1550","0.323836","","","3780","1750","1547","S(10)","4410","3710","","minimize","","1.768785","","","","","","2529","complete","1","47513","","","0.061967","3718"
"chuffed","","../products-and-shelves/product-and-shelves.mzn","../products-and-shelves/ps-50-10.dzn","OPTIMAL_SOLUTION","65.61773193534464","304291","","15","33500","","0.63","637580","","results_prod_shelf_new","1000","0","200299797","0.0","6099","13.1107","2066483828","648292","7554","","","6","159600","159800","46.047","minimize","0.0","46.199","760396","10640","","","631479","10640","","15","","6099","","2.941","161090"
"gecode","","../products-and-shelves/product-and-shelves.mzn","../products-and-shelves/ps-100-16.dzn","ERROR","223.79505202639848","","MiniZinc stopped with a non-zero exit code, but did not output an error message. ","","272500","","","","","results_prod_shelf_new","5000","0","","","30200","133.472","","","","","","","35000","1525000","","minimize","","","","","1485000","","","","","0","","","","","1539954"
"cp-sat","","../products-and-shelves/product-and-shelves.mzn","../products-and-shelves/ps-100-20.dzn","UNKNOWN","1231.7594706034288","","","","295000","","","","","results_prod_shelf_new","5000","0","","","30200","134.166","","","","","","","66500","1552000","","minimize","","","","","1485000","","","","","0","","","","","1557789"
"Huub_user_m+s","","../products-and-shelves/product-and-shelves.mzn","../products-and-shelves/ps-25-02.dzn","OPTIMAL_SOLUTION","1.0640981197357178","3250","","0","2350","0","","","0","results_prod_shelf_new","250","0","237840","","1550","0.302061","","","2983","1750","1547","S(6)","4830","3980","","minimize","","0.519046","","","","","","1868","complete","5","21172","","","0.056219","3901"
"gecode","","../products-and-shelves/product-and-shelves.mzn","../products-and-shelves/ps-50-07.dzn","UNKNOWN","1204.8276411974803","","","","29500","","","","","results_prod_shelf_new","1000","0","","","6100","12.6977","","","","","","","7000","155000","","minimize","","","","","147000","","","","","0","","","","","158004"
"Huub_user_m+s","","../products-and-shelves/product-and-shelves.mzn","../products-and-shelves/ps-25-04.dzn","OPTIMAL_SOLUTION","3.454950080253184","3028","","0","2250","0","","","0","results_prod_shelf_new","250","0","1007311","","1550","0.309564","","","3377","1750","1547","S(9)","4550","3800","","minimize","","2.881241","","","","","","9196","complete","2","66101","","","0.058172","3779"
"gecode","","../products-and-shelves/product-and-shelves.mzn","../products-and-shelves/ps-25-02.dzn","UNKNOWN","1200.6953818788752","24265","","0","4250","","","21550","","results_prod_shelf_new","250","0","2249950633","","1550","1.49132","","","394","","","","1750","20000","","minimize","","1198.51","6370128","","18000","","","3184885","","0","","","0","0.185348","20772"
"gecode","","../products-and-shelves/product-and-shelves.mzn","../products-and-shelves/ps-25-05.dzn","UNKNOWN","1200.642181663774","23367","","0","4250","","","21550","","results_prod_shelf_new","250","0","1842594187","","1550","1.57704","","","488","","","","1750","20000","","minimize","","1198.42","2497011","","18000","","","1248270","","0","","","0","0.202122","20745"
"Huub_user_basic","","../products-and-shelves/product-and-shelves.mzn","../products-and-shelves/ps-100-19.dzn","UNKNOWN","1202.0604609018192","68144","","0","49000","0","","","0","results_prod_shelf_new","5000","0","199311257","","30200","5.08647","","","3188","35000","30197","","102200","83200","","minimize","","1193.766999","","","","","","6421","complete","0","2577222","","","1.203414","79145"
"Huub_user_diffn","","../products-and-shelves/product-and-shelves.mzn","../products-and-shelves/ps-25-02.dzn","OPTIMAL_SOLUTION","1.0824756706133485","3250","","0","2350","0","","","0","results_prod_shelf_new","250","0","240229","","1550","0.316566","","","3024","1750","1547","S(6)","4830","3980","","minimize","","0.501542","","","","","","1184","complete","5","22185","","","0.058745","3901"
"chuffed","","../products-and-shelves/product-and-shelves.mzn","../products-and-shelves/ps-25-05.dzn","OPTIMAL_SOLUTION","3.189576373435557","38505","","1","5200","","0.12","61130","","results_prod_shelf_new","250","0","5812172","0.0","1549","1.54337","399937933","37417","1278","","","10","21080","21140","0.614","minimize","0.0","0.832","40620","1948","","","59579","1948","","1","","1549","","0.328","21494"
"Huub_user_s+o","","../products-and-shelves/product-and-shelves.mzn","../products-and-shelves/ps-75-11.dzn","UNKNOWN","1201.110197803937","30098","","0","21750","0","","","0","results_prod_shelf_new","2250","0","128408821","","13650","2.49496","","","6924","15750","13647","","45150","36900","","minimize","","1196.924168","","","","","","80540","complete","0","3576125","","","0.615565","35349"
"chuffed","","../products-and-shelves/product-and-shelves.mzn","../products-and-shelves/ps-75-15.dzn","SATISFIED","1211.4322935137898","","","","104250","","","","","results_prod_shelf_new","2250","0","","","13649","45.6582","","","","","","S(18)","528900","529200","","minimize","","","","","","","","","","13","","","","","531890"
"Huub_user_diffn","","../products-and-shelves/product-and-shelves.mzn","../products-and-shelves/ps-100-16.dzn","SATISFIED","1202.1349448496476","67593","","0","48750","0","","","0","results_prod_shelf_new","5000","0","53064850","","30200","5.50962","","","25577","35000","30197","S(18)","101500","82750","","minimize","","1193.185061","","","","","","64728","complete","2","2357888","","","1.374095","78844"
"Huub_user_no_gen_bounds","","../products-and-shelves/product-and-shelves.mzn","../products-and-shelves/ps-50-09.dzn","OPTIMAL_SOLUTION","123.94137843698263","13284","","0","9600","0","","","0","results_prod_shelf_new","1000","0","20077738","","6100","1.18626","","","2531","7000","6097","S(20)","19880","16280","","minimize","","121.708667","","","","","","143656","complete","1","460589","","","0.226931","15685"
"gecode","","../products-and-shelves/product-and-shelves.mzn","../products-and-shelves/ps-100-17.dzn","ERROR","219.81409186311066","","MiniZinc stopped with a non-zero exit code, but did not output an error message. ","","272500","","","","","results_prod_shelf_new","5000","0","","","30200","134.84","","","","","","","35000","1525000","","minimize","","","","","1485000","","","","","0","","","","","1540003"
"cp-sat","","../products-and-shelves/product-and-shelves.mzn","../products-and-shelves/ps-100-19.dzn","UNKNOWN","1231.1534860422835","","","","296500","","","","","results_prod_shelf_new","5000","0","","","30200","141.294","","","","","","","68600","1553800","","minimize","","","","","1485000","","","","","0","","","","","1559295"
"Huub_user_m+s","","../products-and-shelves/product-and-shelves.mzn","../products-and-shelves/ps-100-20.dzn","SATISFIED","1202.2646809136495","64838","","0","47500","0","","","0","results_prod_shelf_new","5000","0","30973205","","30200","5.28928","","","47896","35000","30197","S(16)","98000","80500","","minimize","","1193.2054","","","","","","33776","complete","1","2173896","","","1.651327","77339"
"gecode","","../products-and-shelves/product-and-shelves.mzn","../products-and-shelves/ps-75-13.dzn","ERROR","111.45807601045817","","MiniZinc stopped with a non-zero exit code, but did not output an error message. ","","94500","","","","","results_prod_shelf_new","2250","0","","","13650","45.6467","","","","","","","15750","517500","","minimize","","","","","499500","","","","","0","","","","","524341"
"cp-sat","","../products-and-shelves/product-and-shelves.mzn","../products-and-shelves/ps-75-15.dzn","SATISFIED","1210.501735886559","","","","104250","","","","","results_prod_shelf_new","2250","0","51515848","","13650","45.9142","","","","","","S(30)","29400","529200","","minimize","","782.785","","","499500","2","524307","13256","","1","","","","","531964"
"Huub_user_m+o","","../products-and-shelves/product-and-shelves.mzn","../products-and-shelves/ps-50-09.dzn","OPTIMAL_SOLUTION","92.24183263536543","13284","","0","9600","0","","","0","results_prod_shelf_new","1000","0","22714621","","6100","1.07331","","","2214","7000","6097","S(20)","19880","16280","","minimize","","90.454305","","","","","","155384","complete","1","520012","","","0.227867","15685"
"chuffed","","../products-and-shelves/product-and-shelves.mzn","../products-and-shelves/ps-25-01.dzn","OPTIMAL_SOLUTION","5.89762469381094","35776","","5","5010","","0.12","50926","","results_prod_shelf_new","240","0","34107003","0.0","1487","1.525","1770957935","49518","1079","","","5","19710","19740","1.242","minimize","0.0","3.499","94156","39621","","","49437","39621","","5","","1487","","0.302","20055"
"Huub_user_s+o","","../products-and-shelves/product-and-shelves.mzn","../products-and-shelves/ps-50-06.dzn","SATISFIED","1200.4817483471707","13063","","0","9500","0","","","0","results_prod_shelf_new","1000","0","112840822","","6100","1.09558","","","14602","7000","6097","S(16)","19600","16100","","minimize","","1198.645457","","","","","","39169","complete","5","9275476","","","0.269167","15564"
"Huub_user_diffn","","../products-and-shelves/product-and-shelves.mzn","../products-and-shelves/ps-75-13.dzn","SATISFIED","1201.04593294207","31091","","0","22200","0","","","0","results_prod_shelf_new","2250","0","179369839","","13650","2.30574","","","6541","15750","13647","S(15)","46410","37710","","minimize","","1197.189861","","","","","","585053","complete","6","2985783","","","0.567152","35892"
"Huub_user_diffn","","../products-and-shelves/product-and-shelves.mzn","../products-and-shelves/ps-50-07.dzn","OPTIMAL_SOLUTION","235.74045324977487","13063","","0","9500","0","","","0","results_prod_shelf_new","1000","0","24855181","","6100","1.04111","","","14428","7000","6097","S(8)","19600","16100","","minimize","","233.97941","","","","","","75841","complete","5","1666955","","","0.260639","15564"
"Huub_user_no_gen_bounds","","../products-and-shelves/product-and-shelves.mzn","../products-and-shelves/ps-100-20.dzn","UNKNOWN","1202.0044121462852","64838","","0","47500","0","","","0","results_prod_shelf_new","5000","0","33722789","","30200","5.02016","","","43832","35000","30197","","98000","80500","","minimize","","1193.531083","","","","","","10560","complete","0","1422799","","","1.570228","77339"
"Huub_user_basic","","../products-and-shelves/product-and-shelves.mzn","../products-and-shelves/ps-50-07.dzn","UNKNOWN","1200.4655278855935","13063","","0","9500","0","","","0","results_prod_shelf_new","1000","0","170326435","","6100","1.05363","","","5316","7000","6097","","19600","16100","","minimize","","1198.688912","","","","","","608215","complete","0","7823850","","","0.269917","15564"
"Huub_user_s+o","","../products-and-shelves/product-and-shelves.mzn","../products-and-shelves/ps-25-01.dzn","OPTIMAL_SOLUTION","162.6239716866985","3107","","0","2250","0","","","0","results_prod_shelf_new","240","0","76005374","","1488","0.404547","","","3122","1680","1485","S(5)","4620","3810","","minimize","","161.53457","","","","","","681443","complete","4","1424471","","","0.064662","3738"
"Huub_user_no_gen_bounds","","../products-and-shelves/product-and-shelves.mzn","../products-and-shelves/ps-100-16.dzn","UNKNOWN","1202.4368050573394","67593","","0","48750","0","","","0","results_prod_shelf_new","5000","0","30277942","","30200","5.67989","","","24857","35000","30197","","101500","82750","","minimize","","1193.032734","","","","","","24972","complete","0","1348730","","","1.379693","78844"
"cp-sat","","../products-and-shelves/product-and-shelves.mzn","../products-and-shelves/ps-50-07.dzn","OPTIMAL_SOLUTION","546.3491008505225","","","","34000","","","","","results_prod_shelf_new","1000","0","72074710","","6100","13.2994","","","","","","8","13300","160400","","minimize","","526.548","","","147000","8","160621","19999","","13","","","","","161644"
"Huub_user_no_gen_bounds","","../products-and-shelves/product-and-shelves.mzn","../products-and-shelves/ps-50-10.dzn","OPTIMAL_SOLUTION","597.1061559338123","11958","","0","9000","0","","","0","results_prod_shelf_new","1000","0","28935282","","6100","1.14966","","","26468","7000","6097","S(6)","18200","15200","","minimize","","594.837826","","","","","","31061","complete","6","3364357","","","0.307138","14959"
"Huub_user_no_gen_bounds","","../products-and-shelves/product-and-shelves.mzn","../products-and-shelves/ps-50-07.dzn","OPTIMAL_SOLUTION","330.193347543478","13063","","0","9500","0","","","0","results_prod_shelf_new","1000","0","25403039","","6100","1.07344","","","14480","7000","6097","S(8)","19600","16100","","minimize","","328.43058","","","","","","65915","complete","8","1564904","","","0.250276","15564"
"Huub_user_diffn","","../products-and-shelves/product-and-shelves.mzn","../products-and-shelves/ps-75-11.dzn","SATISFIED","1201.0103189917281","30098","","0","21750","0","","","0","results_prod_shelf_new","2250","0","47612060","","13650","2.35849","","","13097","15750","13647","S(14)","45150","36900","","minimize","","1197.070713","","","","","","154224","complete","10","3555304","","","0.61824","35349"
"Huub_user_basic","","../products-and-shelves/product-and-shelves.mzn","../products-and-shelves/ps-100-17.dzn","UNKNOWN","1202.5686317458749","68144","","0","49000","0","","","0","results_prod_shelf_new","5000","0","15511732","","30200","5.17441","","","8153","35000","30197","","102200","83200","","minimize","","1193.757564","","","","","","499071","complete","0","601292","","","1.390897","79145"
"Huub_user_s+o","","../products-and-shelves/product-and-shelves.mzn","../products-and-shelves/ps-100-17.dzn","UNKNOWN","1202.5179754048586","68144","","0","49000","0","","","0","results_prod_shelf_new","5000","0","85347147","","30200","5.36966","","","16460","35000","30197","","102200","83200","","minimize","","1193.371341","","","","","","461786","complete","0","2731968","","","1.398823","79145"
"Huub_user_diffn","","../products-and-shelves/product-and-shelves.mzn","../products-and-shelves/ps-25-03.dzn","OPTIMAL_SOLUTION","2.3746892008930445","3250","","0","2350","0","","","0","results_prod_shelf_new","250","0","726980","","1550","0.313215","","","3383","1750","1547","S(4)","4830","3980","","minimize","","1.79732","","","","","","3195","complete","5","58313","","","0.062988","3901"
"gecode","","../products-and-shelves/product-and-shelves.mzn","../products-and-shelves/ps-25-03.dzn","UNKNOWN","1200.791325150989","24265","","0","4250","","","21550","","results_prod_shelf_new","250","0","2080513642","","1550","1.54298","","","573","","","","1750","20000","","minimize","","1198.46","2539130","","18000","","","1269290","","0","","","0","0.207246","20772"
"Huub_user_basic","","../products-and-shelves/product-and-shelves.mzn","../products-and-shelves/ps-100-16.dzn","UNKNOWN","1202.4207143876702","67593","","0","48750","0","","","0","results_prod_shelf_new","5000","0","87845872","","30200","5.48378","","","25099","35000","30197","","101500","82750","","minimize","","1193.292585","","","","","","447660","complete","0","1385063","","","1.390576","78844"
"Huub_user_m+s","","../products-and-shelves/product-and-shelves.mzn","../products-and-shelves/ps-75-12.dzn","UNKNOWN","1201.3842849843204","30098","","0","21750","0","","","0","results_prod_shelf_new","2250","0","187515967","","13650","2.4111","","","6517","15750","13647","","45150","36900","","minimize","","1197.015777","","","","","","33650","complete","0","2835500","","","0.611713","35349"
"Huub_user_m+o","","../products-and-shelves/product-and-shelves.mzn","../products-and-shelves/ps-50-10.dzn","OPTIMAL_SOLUTION","369.1071054590866","11958","","0","9000","0","","","0","results_prod_shelf_new","1000","0","26593615","","6100","1.13569","","","26394","7000","6097","S(6)","18200","15200","","minimize","","366.818433","","","","","","30250","complete","6","2720803","","","0.310776","14959"
"Huub_user_diffn","","../products-and-shelves/product-and-shelves.mzn","../products-and-shelves/ps-50-08.dzn","OPTIMAL_SOLUTION","22.073954892344773","13726","","0","9800","0","","","0","results_prod_shelf_new","1000","0","3928017","","6100","1.06856","","","3517","7000","6097","S(13)","20440","16640","","minimize","","20.182158","","","","","","14903","complete","4","137934","","","0.243225","15927"
"Huub_user_m+o","","../products-and-shelves/product-and-shelves.mzn","../products-and-shelves/ps-25-03.dzn","OPTIMAL_SOLUTION","2.4173718309029937","3250","","0","2350","0","","","0","results_prod_shelf_new","250","0","645409","","1550","0.33089","","","3383","1750","1547","S(4)","4830","3980","","minimize","","1.661939","","","","","","2712","complete","5","56577","","","0.062163","3901"
"Huub_user_m+o","","../products-and-shelves/product-and-shelves.mzn","../products-and-shelves/ps-75-15.dzn","SATISFIED","1201.1744458386675","28443","","0","21000","0","","","0","results_prod_shelf_new","2250","0","52010104","","13650","2.26797","","","25584","15750","13647","S(10)","43050","35550","","minimize","","1197.039099","","","","","","227261","complete","4","2639803","","","0.749311","34444"
"chuffed","","../products-and-shelves/product-and-shelves.mzn","../products-and-shelves/ps-50-08.dzn","OPTIMAL_SOLUTION","69.52623727824539","305739","","8","34300","","0.42","326540","","results_prod_shelf_new","1000","0","192092258","0.0","6099","13.4806","1616895681","300835","3144","","","13","160720","160760","49.976","minimize","0.0","50.052","333312","8621","","","320439","8621","","8","","6099","","2.588","161898"
"Huub_user_m+s","","../products-and-shelves/product-and-shelves.mzn","../products-and-shelves/ps-50-09.dzn","OPTIMAL_SOLUTION","96.60485764406621","13284","","0","9600","0","","","0","results_prod_shelf_new","1000","0","25452763","","6100","1.06645","","","2687","7000","6097","S(20)","19880","16280","","minimize","","94.838892","","","","","","167093","complete","1","508742","","","0.225408","15685"
"chuffed","","../products-and-shelves/product-and-shelves.mzn","../products-and-shelves/ps-50-07.dzn","OPTIMAL_SOLUTION","125.80068388953805","305196","","13","34000","","0.63","368180","","results_prod_shelf_new","1000","0","430731918","0.0","6099","13.4862","1324472706","884035","5137","","","8","160300","160400","106.033","minimize","0.0","106.117","986800","40989","","","362079","40989","","13","","6099","","2.599","161595"
"Huub_user_m+s","","../products-and-shelves/product-and-shelves.mzn","../products-and-shelves/ps-50-06.dzn","SATISFIED","1200.4961542459205","13063","","0","9500","0","","","0","results_prod_shelf_new","1000","0","137445110","","6100","1.05028","","","14203","7000","6097","S(16)","19600","16100","","minimize","","1198.692764","","","","","","64598","complete","5","9633952","","","0.268421","15564"
"chuffed","","../products-and-shelves/product-and-shelves.mzn","../products-and-shelves/ps-25-02.dzn","OPTIMAL_SOLUTION","3.4799455674365163","38778","","5","5350","","0.12","46310","","results_prod_shelf_new","250","0","6169765","0.0","1549","1.61652","169350451","21563","888","","","6","21290","21320","0.908","minimize","0.0","1.051","27289","1444","","","44759","1444","","5","","1549","","0.318","21647"
"Huub_user_s+o","","../products-and-shelves/product-and-shelves.mzn","../products-and-shelves/ps-100-16.dzn","UNKNOWN","1201.969300268218","67593","","0","48750","0","","","0","results_prod_shelf_new","5000","0","72092078","","30200","5.40349","","","25377","35000","30197","","101500","82750","","minimize","","1193.302299","","","","","","195317","complete","0","3359331","","","1.380967","78844"
"Huub_user_m+s","","../products-and-shelves/product-and-shelves.mzn","../products-and-shelves/ps-25-05.dzn","OPTIMAL_SOLUTION","1.3753467230126262","2917","","0","2200","0","","","0","results_prod_shelf_new","250","0","264473","","1550","0.298984","","","3721","1750","1547","S(10)","4410","3710","","minimize","","0.807245","","","","","","1700","complete","1","19088","","","0.057494","3718"
"Huub_user_m+o","","../products-and-shelves/product-and-shelves.mzn","../products-and-shelves/ps-25-05.dzn","OPTIMAL_SOLUTION","1.6828095139935613","2917","","0","2200","0","","","0","results_prod_shelf_new","250","0","325955","","1550","0.277913","","","3741","1750","1547","S(10)","4410","3710","","minimize","","1.155563","","","","","","1982","complete","1","28552","","","0.056242","3718"
"gecode","","../products-and-shelves/product-and-shelves.mzn","../products-and-shelves/ps-75-12.dzn","ERROR","104.33014311362058","","MiniZinc stopped with a non-zero exit code, but did not output an error message. ","","94500","","","","","results_prod_shelf_new","2250","0","","","13650","42.8988","","","","","","","15750","517500","","minimize","","","","","499500","","","","","0","","","","","524254"
"gecode","","../products-and-shelves/product-and-shelves.mzn","../products-and-shelves/ps-75-14.dzn","ERROR","109.44149538781494","","MiniZinc stopped with a non-zero exit code, but did not output an error message. ","","94500","","","","","results_prod_shelf_new","2250","0","","","13650","42.8208","","","","","","","15750","517500","","minimize","","","","","499500","","","","","0","","","","","524283"
"cp-sat","","../products-and-shelves/product-and-shelves.mzn","../products-and-shelves/ps-25-05.dzn","OPTIMAL_SOLUTION","5.467199231497943","","","","5200","","","","","results_prod_shelf_new","250","0","3102782","","1550","1.56891","","","","","","10","3080","21140","","minimize","","3.05465","","","18000","10","20649","2884","","1","","","","","21518"
"Huub_user_no_gen_bounds","","../products-and-shelves/product-and-shelves.mzn","../products-and-shelves/ps-75-13.dzn","SATISFIED","1201.3719487180933","31091","","0","22200","0","","","0","results_prod_shelf_new","2250","0","76490872","","13650","2.39025","","","6332","15750","13647","S(14)","46410","37710","","minimize","","1197.099674","","","","","","162972","complete","6","1772979","","","0.566874","35892"
"gecode","","../products-and-shelves/product-and-shelves.mzn","../products-and-shelves/ps-100-19.dzn","ERROR","224.09225533809513","","MiniZinc stopped with a non-zero exit code, but did not output an error message. ","","272500","","","","","results_prod_shelf_new","5000","0","","","30200","133.954","","","","","","","35000","1525000","","minimize","","","","","1485000","","","","","0","","","","","1540003"
"gecode","","../products-and-shelves/product-and-shelves.mzn","../products-and-shelves/ps-75-15.dzn","ERROR","110.77629368472844","","MiniZinc stopped with a non-zero exit code, but did not output an error message. ","","94500","","","","","results_prod_shelf_new","2250","0","","","13650","44.918","","","","","","","15750","517500","","minimize","","","","","499500","","","","","0","","","","","524109"
"Huub_user_m+s","","../products-and-shelves/product-and-shelves.mzn","../products-and-shelves/ps-100-18.dzn","SATISFIED","1202.1646065134555","69246","","0","49500","0","","","0","results_prod_shelf_new","5000","0","105111772","","30200","5.54455","","","15254","35000","30197","S(22)","103600","84100","","minimize","","1193.275414","","","","","","392205","complete","6","2033136","","","1.280681","79747"
"Huub_user_s+o","","../products-and-shelves/product-and-shelves.mzn","../products-and-shelves/ps-75-15.dzn","UNKNOWN","1201.177079305984","28443","","0","21000","0","","","0","results_prod_shelf_new","2250","0","133455347","","13650","2.2523","","","24905","15750","13647","","43050","35550","","minimize","","1197.091652","","","","","","306626","complete","0","3080954","","","0.735406","34444"
"Huub_user_diffn","","../products-and-shelves/product-and-shelves.mzn","../products-and-shelves/ps-50-09.dzn","OPTIMAL_SOLUTION","87.86939794756472","13284","","0","9600","0","","","0","results_prod_shelf_new","1000","0","22561284","","6100","1.05551","","","2378","7000","6097","S(20)","19880","16280","","minimize","","86.014686","","","","","","151667","complete","1","459295","","","0.225896","15685"
"Huub_user_s+o","","../products-and-shelves/product-and-shelves.mzn","../products-and-shelves/ps-50-09.dzn","OPTIMAL_SOLUTION","104.4246337953955","13284","","0","9600","0","","","0","results_prod_shelf_new","1000","0","28819090","","6100","1.06306","","","2444","7000","6097","S(20)","19880","16280","","minimize","","102.563496","","","","","","179809","complete","1","569173","","","0.227323","15685"
"Huub_user_s+o","","../products-and-shelves/product-and-shelves.mzn","../products-and-shelves/ps-25-02.dzn","OPTIMAL_SOLUTION","662.3946853512898","3250","","0","2350","0","","","0","results_prod_shelf_new","250","0","346191940","","1550","0.299438","","","3179","1750","1547","S(6)","4830","3980","","minimize","","661.828789","","","","","","1820300","complete","5","5277867","","","0.056288","3901"
"Huub_user_no_gen_bounds","","../products-and-shelves/product-and-shelves.mzn","../products-and-shelves/ps-100-18.dzn","SATISFIED","1202.4314098628238","69246","","0","49500","0","","","0","results_prod_shelf_new","5000","0","60360972","","30200","5.76298","","","15056","35000","30197","S(25)","103600","84100","","minimize","","1193.056587","","","","","","162584","complete","1","1035463","","","1.268076","79747"
"gecode","","../products-and-shelves/product-and-shelves.mzn","../products-and-shelves/ps-25-04.dzn","UNKNOWN","1200.7624345142394","24247","","0","4250","","","21550","","results_prod_shelf_new","250","0","1169278379","","1550","1.55345","","","471","","","","1750","20000","","minimize","","1198.45","2754606","","18000","","","1377079","","0","","","0","0.196593","20754"
"chuffed","","../products-and-shelves/product-and-shelves.mzn","../products-and-shelves/ps-25-03.dzn","OPTIMAL_SOLUTION","3.738562355749309","38778","","7","5350","","0.12","52310","","results_prod_shelf_new","250","0","6639276","0.0","1549","1.70747","-9954628","30385","1181","","","4","21290","21320","1.006","minimize","0.0","1.175","40198","2227","","","50759","2227","","7","","1549","","0.331","21647"
"Huub_user_m+o","","../products-and-shelves/product-and-shelves.mzn","../products-and-shelves/ps-100-17.dzn","UNKNOWN","1202.5243531912565","68144","","0","49000","0","","","0","results_prod_shelf_new","5000","0","88197871","","30200","5.37063","","","8481","35000","30197","","102200","83200","","minimize","","1193.359319","","","","","","139099","complete","0","2236002","","","1.388663","79145"
"Huub_user_basic","","../products-and-shelves/product-and-shelves.mzn","../products-and-shelves/ps-75-11.dzn","UNKNOWN","1200.990025062114","30098","","0","21750","0","","","0","results_prod_shelf_new","2250","0","252898780","","13650","2.40301","","","12210","15750","13647","","45150","36900","","minimize","","1197.040286","","","","","","543435","complete","0","2472119","","","0.629327","35349"
"gecode","","../products-and-shelves/product-and-shelves.mzn","../products-and-shelves/ps-100-18.dzn","ERROR","225.66767383925617","","MiniZinc stopped with a non-zero exit code, but did not output an error message. ","","272500","","","","","results_prod_shelf_new","5000","0","","","30200","131.197","","","","","","","35000","1525000","","minimize","","","","","1485000","","","","","0","","","","","1540101"
"Huub_user_basic","","../products-and-shelves/product-and-shelves.mzn","../products-and-shelves/ps-50-09.dzn","OPTIMAL_SOLUTION","82.95327628124505","13284","","0","9600","0","","","0","results_prod_shelf_new","1000","0","21323896","","6100","1.03841","","","2642","7000","6097","S(20)","19880","16280","","minimize","","81.232336","","","","","","154335","complete","1","487757","","","0.221526","15685"
"chuffed","","../products-and-shelves/product-and-shelves.mzn","../products-and-shelves/ps-100-19.dzn","SATISFIED","1230.515926875174","","","","296500","","","","","results_prod_shelf_new","5000","0","","","30199","134.104999","","","","","","S(50)","1553600","1553800","","minimize","","","","","","","","","","1","","","","","1559196"
"Huub_user_m+o","","../products-and-shelves/product-and-shelves.mzn","../products-and-shelves/ps-75-14.dzn","OPTIMAL_SOLUTION","31.509116324596107","30429","","0","21900","0","","","0","results_prod_shelf_new","2250","0","2445844","","13650","2.39704","","","27740","15750","13647","S(20)","45570","37170","","minimize","","27.684054","","","","","","5608","complete","6","179742","","","0.52098","35530"
"Huub_user_m+s","","../products-and-shelves/product-and-shelves.mzn","../products-and-shelves/ps-50-10.dzn","SATISFIED","1200.8690648628399","11958","","0","9000","0","","","0","results_prod_shelf_new","1000","0","80241009","","6100","1.13969","","","26485","7000","6097","S(7)","18200","15200","","minimize","","1198.582924","","","","","","109246","complete","5","7858586","","","0.312835","14959"
"chuffed","","../products-and-shelves/product-and-shelves.mzn","../products-and-shelves/ps-50-09.dzn","SATISFIED","1204.2054697256535","","","","34100","","","","","results_prod_shelf_new","1000","0","","","6099","13.4426","","","","","","S(20)","160440","160520","","minimize","","","","","","","","","","1","","","","","161696"
"Huub_user_m+s","","../products-and-shelves/product-and-shelves.mzn","../products-and-shelves/ps-75-15.dzn","SATISFIED","1200.9531113924459","28443","","0","21000","0","","","0","results_prod_shelf_new","2250","0","56278907","","13650","2.19509","","","27563","15750","13647","S(10)","43050","35550","","minimize","","1197.140834","","","","","","36844","complete","6","4133590","","","0.700328","34444"
"Huub_user_s+o","","../products-and-shelves/product-and-shelves.mzn","../products-and-shelves/ps-25-03.dzn","OPTIMAL_SOLUTION","9.85133302398026","3250","","0","2350","0","","","0","results_prod_shelf_new","250","0","3660475","","1550","0.330645","","","3310","1750","1547","S(4)","4830","3980","","minimize","","9.130185","","","","","","11092","complete","5","284627","","","0.06367","3901"
"Huub_user_basic","","../products-and-shelves/product-and-shelves.mzn","../products-and-shelves/ps-100-20.dzn","UNKNOWN","1202.030442004092","64838","","0","47500","0","","","0","results_prod_shelf_new","5000","0","39277565","","30200","5.39383","","","39355","35000","30197","","98000","80500","","minimize","","1193.023668","","","","","","5313","complete","0","2867623","","","1.729405","77339"
"Huub_user_diffn","","../products-and-shelves/product-and-shelves.mzn","../products-and-shelves/ps-100-20.dzn","SATISFIED","1202.0136722726747","64838","","0","47500","0","","","0","results_prod_shelf_new","5000","0","37540714","","30200","5.02338","","","43660","35000","30197","S(24)","98000","80500","","minimize","","1193.477359","","","","","","19174","complete","3","2510441","","","1.611114","77339"
"Huub_user_diffn","","../products-and-shelves/product-and-shelves.mzn","../products-and-shelves/ps-100-19.dzn","OPTIMAL_SOLUTION","423.54500965029","68144","","0","49000","0","","","0","results_prod_shelf_new","5000","0","26528277","","30200","5.23495","","","11811","35000","30197","S(30)","102200","83200","","minimize","","415.14921","","","","","","39782","complete","6","808725","","","1.194071","79145"
"gecode","","../products-and-shelves/product-and-shelves.mzn","../products-and-shelves/ps-50-09.dzn","UNKNOWN","1204.334260912612","","","","29500","","","","","results_prod_shelf_new","1000","0","","","6100","12.4186","","","","","","","7000","155000","","minimize","","","","","147000","","","","","0","","","","","158023"
"Huub_user_s+o","","../products-and-shelves/product-and-shelves.mzn","../products-and-shelves/ps-100-18.dzn","UNKNOWN","1202.210627228953","69246","","0","49500","0","","","0","results_prod_shelf_new","5000","0","421467139","","30200","6.71141","","","14729","35000","30197","","103600","84100","","minimize","","1192.104244","","","","","","300068","complete","0","1363380","","","1.296029","79747"
"Huub_user_s+o","","../products-and-shelves/product-and-shelves.mzn","../products-and-shelves/ps-25-05.dzn","OPTIMAL_SOLUTION","1.735775568522513","2917","","0","2200","0","","","0","results_prod_shelf_new","250","0","321995","","1550","0.294602","","","3764","1750","1547","S(10)","4410","3710","","minimize","","1.178545","","","","","","1903","complete","1","29561","","","0.056869","3718"
"Huub_user_basic","","../products-and-shelves/product-and-shelves.mzn","../products-and-shelves/ps-25-01.dzn","OPTIMAL_SOLUTION","45.45180415082723","3107","","0","2250","0","","","0","results_prod_shelf_new","240","0","18695885","","1488","0.327223","","","3063","1680","1485","S(5)","4620","3810","","minimize","","44.569321","","","","","","160859","complete","4","758879","","","0.059367","3738"
"Huub_user_m+o","","../products-and-shelves/product-and-shelves.mzn","../products-and-shelves/ps-75-13.dzn","SATISFIED","1201.0874431990087","31091","","0","22200","0","","","0","results_prod_shelf_new","2250","0","193863805","","13650","2.29102","","","6541","15750","13647","S(14)","46410","37710","","minimize","","1197.184931","","","","","","541722","complete","9","3539966","","","0.560015","35892"
"Huub_user_no_gen_bounds","","../products-and-shelves/product-and-shelves.mzn","../products-and-shelves/ps-25-03.dzn","OPTIMAL_SOLUTION","34.026403470896184","3250","","0","2350","0","","","0","results_prod_shelf_new","250","0","8018109","","1550","0.306295","","","3297","1750","1547","S(4)","4830","3980","","minimize","","33.439885","","","","","","2159","complete","5","472580","","","0.059011","3901"
"cp-sat","","../products-and-shelves/product-and-shelves.mzn","../products-and-shelves/ps-75-11.dzn","SATISFIED","1210.5261965291575","","","","105000","","","","","results_prod_shelf_new","2250","0","45161778","","13650","46.4499","","","","","","S(29)","30450","530100","","minimize","","858.11","","","499500","2","523911","3096","","2","","","","","532719"
"Huub_user_s+o","","../products-and-shelves/product-and-shelves.mzn","../products-and-shelves/ps-75-14.dzn","OPTIMAL_SOLUTION","74.54993984661996","30429","","0","21900","0","","","0","results_prod_shelf_new","2250","0","4976596","","13650","2.42893","","","6650","15750","13647","S(20)","45570","37170","","minimize","","70.643587","","","","","","10898","complete","4","258596","","","0.525211","35530"
"chuffed","","../products-and-shelves/product-and-shelves.mzn","../products-and-shelves/ps-75-12.dzn","SATISFIED","1210.7521469239146","","","","105000","","","","","results_prod_shelf_new","2250","0","","","13649","45.7809","","","","","","S(29)","529950","530100","","minimize","","","","","","","","","","2","","","","","532645"
"Huub_user_m+o","","../products-and-shelves/product-and-shelves.mzn","../products-and-shelves/ps-100-16.dzn","SATISFIED","1201.9555861791596","67593","","0","48750","0","","","0","results_prod_shelf_new","5000","0","53941976","","30200","5.34214","","","25577","35000","30197","S(18)","101500","82750","","minimize","","1193.356097","","","","","","66131","complete","2","2389733","","","1.370537","78844"
"Huub_user_m+o","","../products-and-shelves/product-and-shelves.mzn","../products-and-shelves/ps-50-08.dzn","OPTIMAL_SOLUTION","30.848230989649892","13726","","0","9800","0","","","0","results_prod_shelf_new","1000","0","5356165","","6100","1.07321","","","4168","7000","6097","S(13)","20440","16640","","minimize","","29.006596","","","","","","21566","complete","8","208965","","","0.243686","15927"
"Huub_user_basic","","../products-and-shelves/product-and-shelves.mzn","../products-and-shelves/ps-25-03.dzn","OPTIMAL_SOLUTION","19.197872197255492","3250","","0","2350","0","","","0","results_prod_shelf_new","250","0","6234800","","1550","0.323704","","","3276","1750","1547","S(4)","4830","3980","","minimize","","18.6084","","","","","","69286","complete","6","519881","","","0.062016","3901"
"cp-sat","","../products-and-shelves/product-and-shelves.mzn","../products-and-shelves/ps-25-03.dzn","OPTIMAL_SOLUTION","17.586832902394235","","","","5350","","","","","results_prod_shelf_new","250","0","15919940","","1550","1.59275","","","","","","4","3290","21320","","minimize","","15.11","","","18000","4","22417","8254","","7","","","","","21671"
"chuffed","","../products-and-shelves/product-and-shelves.mzn","../products-and-shelves/ps-100-16.dzn","SATISFIED","1230.936366361566","","","","296250","","","","","results_prod_shelf_new","5000","0","","","30199","131.132","","","","","","S(50)","1553250","1553500","","minimize","","","","","","","","","","1","","","","","1558945"
"Huub_user_no_gen_bounds","","../products-and-shelves/product-and-shelves.mzn","../products-and-shelves/ps-75-15.dzn","SATISFIED","1201.3717703092843","28443","","0","21000","0","","","0","results_prod_shelf_new","2250","0","31807575","","13650","2.33674","","","29124","15750","13647","S(10)","43050","35550","","minimize","","1196.99145","","","","","","61991","complete","2","3360739","","","0.726069","34444"
"Huub_user_diffn","","../products-and-shelves/product-and-shelves.mzn","../products-and-shelves/ps-100-18.dzn","UNKNOWN","1202.3933545015752","69246","","0","49500","0","","","0","results_prod_shelf_new","5000","0","73791400","","30200","5.7653","","","14748","35000","30197","","103600","84100","","minimize","","1193.037965","","","","","","202174","complete","0","2116870","","","1.308472","79747"
"Huub_user_basic","","../products-and-shelves/product-and-shelves.mzn","../products-and-shelves/ps-50-06.dzn","SATISFIED","1200.6423923438415","13063","","0","9500","0","","","0","results_prod_shelf_new","1000","0","263076333","","6100","1.0791","","","14856","7000","6097","S(17)","19600","16100","","minimize","","1198.672459","","","","","","353798","complete","4","6826724","","","0.276369","15564"
"gecode","","../products-and-shelves/product-and-shelves.mzn","../products-and-shelves/ps-75-11.dzn","ERROR","114.39107003435493","","MiniZinc stopped with a non-zero exit code, but did not output an error message. ","","94500","","","","","results_prod_shelf_new","2250","0","","","13650","44.4436","","","","","","","15750","517500","","minimize","","","","","499500","","","","","0","","","","","524254"
"Huub_user_basic","","../products-and-shelves/product-and-shelves.mzn","../products-and-shelves/ps-100-18.dzn","UNKNOWN","1202.039681644179","69246","","0","49500","0","","","0","results_prod_shelf_new","5000","0","242253859","","30200","5.85601","","","14827","35000","30197","","103600","84100","","minimize","","1192.915586","","","","","","365141","complete","0","1827459","","","1.338363","79747"
"cp-sat","","../products-and-shelves/product-and-shelves.mzn","../products-and-shelves/ps-75-12.dzn","SATISFIED","1209.976581402123","","","","105000","","","","","results_prod_shelf_new","2250","0","54876793","","13650","45.5157","","","","","","S(29)","30450","530100","","minimize","","855.697","","","499500","5","523103","6553","","2","","","","","532719"
"Huub_user_no_gen_bounds","","../products-and-shelves/product-and-shelves.mzn","../products-and-shelves/ps-25-04.dzn","OPTIMAL_SOLUTION","2.9578010104596615","3028","","0","2250","0","","","0","results_prod_shelf_new","250","0","489403","","1550","0.426441","","","3493","1750","1547","S(9)","4550","3800","","minimize","","1.892923","","","","","","4563","complete","2","35938","","","0.063355","3779"
"chuffed","","../products-and-shelves/product-and-shelves.mzn","../products-and-shelves/ps-75-14.dzn","OPTIMAL_SOLUTION","383.47083974815905","1025067","","9","105150","","0.94","714150","","results_prod_shelf_new","2250","0","1007093557","0.0","13649","44.1355","1022290614","923676","5738","","","20","530160","530280","319.423","minimize","0.0","319.624","1004733","35011","","","700499","35011","","9","","13649","","8.356","532796"
"Huub_user_m+o","","../products-and-shelves/product-and-shelves.mzn","../products-and-shelves/ps-100-19.dzn","OPTIMAL_SOLUTION","527.4252355564386","68144","","0","49000","0","","","0","results_prod_shelf_new","5000","0","31714072","","30200","5.36587","","","12628","35000","30197","S(30)","102200","83200","","minimize","","518.837505","","","","","","47559","complete","8","1019674","","","1.206473","79145"
"Huub_user_m+s","","../products-and-shelves/product-and-shelves.mzn","../products-and-shelves/ps-50-07.dzn","SATISFIED","1200.490776536055","13063","","0","9500","0","","","0","results_prod_shelf_new","1000","0","130198322","","6100","1.01389","","","13929","7000","6097","S(11)","19600","16100","","minimize","","1198.751323","","","","","","114880","complete","10","8618420","","","0.25542","15564"
"Huub_user_m+s","","../products-and-shelves/product-and-shelves.mzn","../products-and-shelves/ps-100-19.dzn","OPTIMAL_SOLUTION","316.4174201460555","68144","","0","49000","0","","","0","results_prod_shelf_new","5000","0","22465213","","30200","5.30489","","","52646","35000","30197","S(30)","102200","83200","","minimize","","307.904588","","","","","","39645","complete","7","648812","","","1.190199","79145"
"Huub_user_no_gen_bounds","","../products-and-shelves/product-and-shelves.mzn","../products-and-shelves/ps-75-11.dzn","SATISFIED","1201.331690707244","30098","","0","21750","0","","","0","results_prod_shelf_new","2250","0","41377613","","13650","2.47057","","","16418","15750","13647","S(13)","45150","36900","","minimize","","1196.944821","","","","","","249868","complete","8","2084152","","","0.61579","35349"
"Huub_user_basic","","../products-and-shelves/product-and-shelves.mzn","../products-and-shelves/ps-25-04.dzn","OPTIMAL_SOLUTION","4.4289145190268755","3028","","0","2250","0","","","0","results_prod_shelf_new","250","0","1242587","","1550","0.323351","","","3429","1750","1547","S(9)","4550","3800","","minimize","","3.777044","","","","","","10215","complete","2","84474","","","0.060143","3779"
"Huub_user_m+s","","../products-and-shelves/product-and-shelves.mzn","../products-and-shelves/ps-75-13.dzn","SATISFIED","1200.9450019905344","31091","","0","22200","0","","","0","results_prod_shelf_new","2250","0","145320203","","13650","2.22693","","","6529","15750","13647","S(13)","46410","37710","","minimize","","1197.260353","","","","","","553595","complete","6","3354004","","","0.553522","35892"
"Huub_user_basic","","../products-and-shelves/product-and-shelves.mzn","../products-and-shelves/ps-50-08.dzn","UNKNOWN","1200.524240422994","13726","","0","9800","0","","","0","results_prod_shelf_new","1000","0","499644832","","6100","1.03264","","","2944","7000","6097","","20440","16640","","minimize","","1198.777474","","","","","","715465","complete","0","5946693","","","0.236607","15927"
"Huub_user_basic","","../products-and-shelves/product-and-shelves.mzn","../products-and-shelves/ps-75-12.dzn","UNKNOWN","1201.2718247622252","30098","","0","21750","0","","","0","results_prod_shelf_new","2250","0","145411874","","13650","2.2633","","","10311","15750","13647","","45150","36900","","minimize","","1197.212685","","","","","","794932","complete","0","4978778","","","0.600829","35349"
"Huub_user_m+s","","../products-and-shelves/product-and-shelves.mzn","../products-and-shelves/ps-75-11.dzn","SATISFIED","1201.0032601226121","30098","","0","21750","0","","","0","results_prod_shelf_new","2250","0","80719145","","13650","2.30532","","","15361","15750","13647","S(13)","45150","36900","","minimize","","1197.118769","","","","","","85303","complete","5","3888597","","","0.607813","35349"
"Huub_user_basic","","../products-and-shelves/product-and-shelves.mzn","../products-and-shelves/ps-75-14.dzn","OPTIMAL_SOLUTION","79.5075962934643","30429","","0","21900","0","","","0","results_prod_shelf_new","2250","0","5531479","","13650","2.47178","","","27917","15750","13647","S(20)","45570","37170","","minimize","","75.581997","","","","","","11970","complete","5","362833","","","0.547116","35530"
"cp-sat","","../products-and-shelves/product-and-shelves.mzn","../products-and-shelves/ps-25-04.dzn","OPTIMAL_SOLUTION","9.458158343099058","","","","5250","","","","","results_prod_shelf_new","250","0","5166326","","1550","1.65434","","","","","","9","3150","21200","","minimize","","6.88988","","","18000","9","21017","5398","","2","","","","","21569"
"Huub_user_m+s","","../products-and-shelves/product-and-shelves.mzn","../products-and-shelves/ps-75-14.dzn","OPTIMAL_SOLUTION","61.8845226932317","30429","","0","21900","0","","","0","results_prod_shelf_new","2250","0","4399886","","13650","2.46173","","","6278","15750","13647","S(20)","45570","37170","","minimize","","57.978982","","","","","","11062","complete","4","190684","","","0.526967","35530"
"Huub_user_no_gen_bounds","","../products-and-shelves/product-and-shelves.mzn","../products-and-shelves/ps-25-02.dzn","OPTIMAL_SOLUTION","1.6644283635541797","3250","","0","2350","0","","","0","results_prod_shelf_new","250","0","162831","","1550","0.431628","","","2959","1750","1547","S(6)","4830","3980","","minimize","","0.587322","","","","","","902","complete","5","18758","","","0.063443","3901"
"cp-sat","","../products-and-shelves/product-and-shelves.mzn","../products-and-shelves/ps-100-18.dzn","UNKNOWN","1229.9947541635484","","","","297000","","","","","results_prod_shelf_new","5000","0","","","30200","136.337","","","","","","","69300","1554400","","minimize","","","","","1485000","","","","","0","","","","","1559797"
"Huub_user_no_gen_bounds","","../products-and-shelves/product-and-shelves.mzn","../products-and-shelves/ps-25-05.dzn","OPTIMAL_SOLUTION","2.10008417442441","2917","","0","2200","0","","","0","results_prod_shelf_new","250","0","224081","","1550","0.428461","","","3756","1750","1547","S(10)","4410","3710","","minimize","","1.029397","","","","","","1355","complete","1","20700","","","0.066844","3718"
"Huub_user_basic","","../products-and-shelves/product-and-shelves.mzn","../products-and-shelves/ps-25-02.dzn","OPTIMAL_SOLUTION","43.63315719459206","3250","","0","2350","0","","","0","results_prod_shelf_new","250","0","43291654","","1550","0.33247","","","3161","1750","1547","S(6)","4830","3980","","minimize","","42.873957","","","","","","160316","complete","5","736770","","","0.061468","3901"
"Huub_user_m+o","","../products-and-shelves/product-and-shelves.mzn","../products-and-shelves/ps-25-02.dzn","OPTIMAL_SOLUTION","1.0418180488049984","3250","","0","2350","0","","","0","results_prod_shelf_new","250","0","240229","","1550","0.299977","","","3024","1750","1547","S(6)","4830","3980","","minimize","","0.484293","","","","","","1184","complete","5","22185","","","0.05619","3901"
"Huub_user_diffn","","../products-and-shelves/product-and-shelves.mzn","../products-and-shelves/ps-50-06.dzn","OPTIMAL_SOLUTION","326.3610410457477","13063","","0","9500","0","","","0","results_prod_shelf_new","1000","0","34723821","","6100","1.03183","","","15028","7000","6097","S(16)","19600","16100","","minimize","","324.600499","","","","","","59542","complete","5","2450713","","","0.258594","15564"
"Huub_user_s+o","","../products-and-shelves/product-and-shelves.mzn","../products-and-shelves/ps-50-10.dzn","SATISFIED","1200.8529245620593","11958","","0","9000","0","","","0","results_prod_shelf_new","1000","0","82099847","","6100","1.14291","","","26053","7000","6097","S(7)","18200","15200","","minimize","","1198.560434","","","","","","129297","complete","4","8042530","","","0.312468","14959"
"Huub_user_m+o","","../products-and-shelves/product-and-shelves.mzn","../products-and-shelves/ps-50-06.dzn","OPTIMAL_SOLUTION","230.4440211802721","13063","","0","9500","0","","","0","results_prod_shelf_new","1000","0","23010238","","6100","1.03113","","","15028","7000","6097","S(16)","19600","16100","","minimize","","228.67415","","","","","","26219","complete","5","1778916","","","0.262371","15564"
"Huub_user_m+o","","../products-and-shelves/product-and-shelves.mzn","../products-and-shelves/ps-25-04.dzn","OPTIMAL_SOLUTION","2.7773565081879497","3028","","0","2250","0","","","0","results_prod_shelf_new","250","0","711068","","1550","0.316137","","","3554","1750","1547","S(9)","4550","3800","","minimize","","2.183944","","","","","","5846","complete","2","50360","","","0.056678","3779"
"Huub_user_m+s","","../products-and-shelves/product-and-shelves.mzn","../products-and-shelves/ps-50-08.dzn","OPTIMAL_SOLUTION","21.206489268690348","13726","","0","9800","0","","","0","results_prod_shelf_new","1000","0","3278057","","6100","1.06532","","","13349","7000","6097","S(13)","20440","16640","","minimize","","19.229113","","","","","","17392","complete","7","134345","","","0.241405","15927"
"Huub_user_s+o","","../products-and-shelves/product-and-shelves.mzn","../products-and-shelves/ps-50-08.dzn","OPTIMAL_SOLUTION","1133.6839407691732","13726","","0","9800","0","","","0","results_prod_shelf_new","1000","0","549158311","","6100","1.0677","","","3228","7000","6097","S(13)","20440","16640","","minimize","","1131.832548","","","","","","1093442","complete","7","4317236","","","0.24316","15927"
"Huub_user_m+o","","../products-and-shelves/product-and-shelves.mzn","../products-and-shelves/ps-100-18.dzn","SATISFIED","1202.2326273098588","69246","","0","49500","0","","","0","results_prod_shelf_new","5000","0","144342775","","30200","5.66211","","","15206","35000","30197","S(22)","103600","84100","","minimize","","1193.14424","","","","","","169319","complete","3","2256381","","","1.281083","79747"
"Huub_user_m+o","","../products-and-shelves/product-and-shelves.mzn","../products-and-shelves/ps-100-20.dzn","SATISFIED","1202.166201314889","64838","","0","47500","0","","","0","results_prod_shelf_new","5000","0","38414389","","30200","5.25388","","","43660","35000","30197","S(24)","98000","80500","","minimize","","1193.217084","","","","","","19633","complete","3","2572151","","","1.644145","77339"
"cp-sat","","../products-and-shelves/product-and-shelves.mzn","../products-and-shelves/ps-75-14.dzn","UNKNOWN","1210.598353006877","","","","105150","","","","","results_prod_shelf_new","2250","0","","","13650","44.8713","","","","","","","30660","530280","","minimize","","","","","499500","","","","","0","","","","","532870"
"Huub_user_m+s","","../products-and-shelves/product-and-shelves.mzn","../products-and-shelves/ps-25-03.dzn","OPTIMAL_SOLUTION","1.4539479753002524","3250","","0","2350","0","","","0","results_prod_shelf_new","250","0","298209","","1550","0.329495","","","3294","1750","1547","S(4)","4830","3980","","minimize","","0.697735","","","","","","1382","complete","5","27950","","","0.060671","3901"
"Huub_user_no_gen_bounds","","../products-and-shelves/product-and-shelves.mzn","../products-and-shelves/ps-75-14.dzn","OPTIMAL_SOLUTION","75.13542715553194","30429","","0","21900","0","","","0","results_prod_shelf_new","2250","0","3521019","","13650","2.31597","","","27960","15750","13647","S(20)","45570","37170","","minimize","","71.447422","","","","","","6108","complete","9","248043","","","0.502816","35530"
"chuffed","","../products-and-shelves/product-and-shelves.mzn","../products-and-shelves/ps-50-06.dzn","OPTIMAL_SOLUTION","77.21355565544218","305196","","6","34000","","0.63","368180","","results_prod_shelf_new","1000","0","226352133","0.0","6099","13.0964","38958265","558606","5321","","","15","160300","160400","56.506","minimize","0.0","58.032","601625","14284","","","362079","14284","","6","","6099","","2.575","161595"
"chuffed","","../products-and-shelves/product-and-shelves.mzn","../products-and-shelves/ps-100-18.dzn","SATISFIED","1230.1352625172585","","","","297000","","","","","results_prod_shelf_new","5000","0","","","30199","134.178","","","","","","S(50)","1554300","1554400","","minimize","","","","","","","","","","1","","","","","1559698"
"chuffed","","../products-and-shelves/product-and-shelves.mzn","../products-and-shelves/ps-100-20.dzn","SATISFIED","1231.424511168152","","","","295000","","","","","results_prod_shelf_new","5000","0","","","30199","138.597","","","","","","S(50)","1551500","1552000","","minimize","","","","","","","","","","1","","","","","1557690"
"Huub_user_basic","","../products-and-shelves/product-and-shelves.mzn","../products-and-shelves/ps-50-10.dzn","SATISFIED","1200.765509433113","11958","","0","9000","0","","","0","results_prod_shelf_new","1000","0","91290861","","6100","1.02352","","","25633","7000","6097","S(7)","18200","15200","","minimize","","1198.700783","","","","","","532778","complete","2","9430969","","","0.303659","14959"
"cp-sat","","../products-and-shelves/product-and-shelves.mzn","../products-and-shelves/ps-50-08.dzn","OPTIMAL_SOLUTION","734.0178920794278","","","","34300","","","","","results_prod_shelf_new","1000","0","134704904","","6100","13.8402","","","","","","13","13720","160760","","minimize","","713.761","","","147000","13","159615","25845","","8","","","","","161947"
"Huub_user_diffn","","../products-and-shelves/product-and-shelves.mzn","../products-and-shelves/ps-100-17.dzn","UNKNOWN","1202.467346161604","68144","","0","49000","0","","","0","results_prod_shelf_new","5000","0","87374369","","30200","5.33306","","","8481","35000","30197","","102200","83200","","minimize","","1193.388568","","","","","","137763","complete","0","2189131","","","1.397783","79145"
"Huub_user_s+o","","../products-and-shelves/product-and-shelves.mzn","../products-and-shelves/ps-25-04.dzn","OPTIMAL_SOLUTION","3.670991523191333","3028","","0","2250","0","","","0","results_prod_shelf_new","250","0","978311","","1550","0.311756","","","3567","1750","1547","S(9)","4550","3800","","minimize","","3.091736","","","","","","7572","complete","2","72151","","","0.058608","3779"
"Huub_user_diffn","","../products-and-shelves/product-and-shelves.mzn","../products-and-shelves/ps-75-15.dzn","UNKNOWN","1201.0350949233398","28443","","0","21000","0","","","0","results_prod_shelf_new","2250","0","58119249","","13650","2.25745","","","25584","15750","13647","","43050","35550","","minimize","","1197.053357","","","","","","86413","complete","0","3259561","","","0.734845","34444"
"Huub_user_s+o","","../products-and-shelves/product-and-shelves.mzn","../products-and-shelves/ps-75-13.dzn","UNKNOWN","1201.1028769640252","31091","","0","22200","0","","","0","results_prod_shelf_new","2250","0","417510048","","13650","2.28538","","","5415","15750","13647","","46410","37710","","minimize","","1197.180523","","","","","","683503","complete","0","2796422","","","0.567267","35892"
"Huub_user_s+o","","../products-and-shelves/product-and-shelves.mzn","../products-and-shelves/ps-75-12.dzn","UNKNOWN","1201.3857110617682","30098","","0","21750","0","","","0","results_prod_shelf_new","2250","0","63752548","","13650","2.42211","","","10126","15750","13647","","45150","36900","","minimize","","1197.017215","","","","","","347512","complete","0","6317000","","","0.611326","35349"
"cp-sat","","../products-and-shelves/product-and-shelves.mzn","../products-and-shelves/ps-25-02.dzn","OPTIMAL_SOLUTION","12.071995711885393","","","","5350","","","","","results_prod_shelf_new","250","0","15368168","","1550","1.6504","","","","","","6","3290","21320","","minimize","","9.56109","","","18000","6","21661","5845","","5","","","","","21671"
"Huub_user_m+o","","../products-and-shelves/product-and-shelves.mzn","../products-and-shelves/ps-75-12.dzn","SATISFIED","1201.3448570985347","30098","","0","21750","0","","","0","results_prod_shelf_new","2250","0","80228454","","13650","2.39325","","","12621","15750","13647","S(22)","45150","36900","","minimize","","1197.031862","","","","","","42520","complete","7","4092673","","","0.609604","35349"
"Huub_user_m+o","","../products-and-shelves/product-and-shelves.mzn","../products-and-shelves/ps-75-11.dzn","SATISFIED","1201.009138460271","30098","","0","21750","0","","","0","results_prod_shelf_new","2250","0","72842299","","13650","2.32448","","","12689","15750","13647","S(13)","45150","36900","","minimize","","1197.09396","","","","","","131032","complete","4","3738477","","","0.611488","35349"
"cp-sat","","../products-and-shelves/product-and-shelves.mzn","../products-and-shelves/ps-50-06.dzn","UNKNOWN","1203.2226830497384","","","","34000","","","","","results_prod_shelf_new","1000","0","","","6100","13.0393","","","","","","","13300","160400","","minimize","","","","","147000","","","","","0","","","","","161644"
"gecode","","../products-and-shelves/product-and-shelves.mzn","../products-and-shelves/ps-50-06.dzn","UNKNOWN","1204.484920966439","","","","29500","","","","","results_prod_shelf_new","1000","0","","","6100","12.7128","","","","","","","7000","155000","","minimize","","","","","147000","","","","","0","","","","","158004"
"cp-sat","","../products-and-shelves/product-and-shelves.mzn","../products-and-shelves/ps-25-01.dzn","OPTIMAL_SOLUTION","44.71211845241487","","","","5010","","","","","results_prod_shelf_new","240","0","64346459","","1488","1.48361","","","","","","5","3150","19740","","minimize","","42.4183","","","16560","5","20433","89566","","6","","","","","20078"
"Huub_user_s+o","","../products-and-shelves/product-and-shelves.mzn","../products-and-shelves/ps-50-07.dzn","OPTIMAL_SOLUTION","479.7109428057447","13063","","0","9500","0","","","0","results_prod_shelf_new","1000","0","54252229","","6100","1.03143","","","13132","7000","6097","S(8)","19600","16100","","minimize","","477.784577","","","","","","99119","complete","13","3834251","","","0.265505","15564"
"Huub_user_m+s","","../products-and-shelves/product-and-shelves.mzn","../products-and-shelves/ps-100-17.dzn","UNKNOWN","1202.4223080594093","68144","","0","49000","0","","","0","results_prod_shelf_new","5000","0","64509070","","30200","5.28782","","","17292","35000","30197","","102200","83200","","minimize","","1193.397813","","","","","","73510","complete","0","2451172","","","1.381796","79145"
"Huub_user_m+s","","../products-and-shelves/product-and-shelves.mzn","../products-and-shelves/ps-25-01.dzn","OPTIMAL_SOLUTION","26.995699781924486","3107","","0","2250","0","","","0","results_prod_shelf_new","240","0","11341436","","1488","0.403395","","","3139","1680","1485","S(5)","4620","3810","","minimize","","25.913969","","","","","","56419","complete","4","670182","","","0.065857","3738"
"gecode","","../products-and-shelves/product-and-shelves.mzn","../products-and-shelves/ps-25-01.dzn","UNKNOWN","1200.5927776349708","22489","","0","3960","","","19968","","results_prod_shelf_new","240","0","1029516245","","1488","1.41733","","","210","","","","1680","18480","","minimize","","1198.58","3543127","","16560","","","1771473","","0","","","0","0.170101","19220"
"Huub_user_no_gen_bounds","","../products-and-shelves/product-and-shelves.mzn","../products-and-shelves/ps-100-19.dzn","OPTIMAL_SOLUTION","679.5066302223131","68144","","0","49000","0","","","0","results_prod_shelf_new","5000","0","21975775","","30200","5.38292","","","13607","35000","30197","S(30)","102200","83200","","minimize","","670.624629","","","","","","41507","complete","6","722156","","","1.182332","79145"
"chuffed","","../products-and-shelves/product-and-shelves.mzn","../products-and-shelves/ps-75-13.dzn","SATISFIED","1211.5340411374345","","","","105450","","","","","results_prod_shelf_new","2250","0","","","13649","48.0576","","","","","","S(28)","530580","530640","","minimize","","","","","","","","","","3","","","","","533098"
"Huub_user_m+s","","../products-and-shelves/product-and-shelves.mzn","../products-and-shelves/ps-100-16.dzn","UNKNOWN","1202.0070455949754","67593","","0","48750","0","","","0","results_prod_shelf_new","5000","0","136469663","","30200","5.3826","","","24508","35000","30197","","101500","82750","","minimize","","1193.336953","","","","","","76220","complete","0","1951347","","","1.381341","78844"
"chuffed","","../products-and-shelves/product-and-shelves.mzn","../products-and-shelves/ps-25-04.dzn","OPTIMAL_SOLUTION","5.526981832459569","38596","","2","5250","","0.12","52190","","results_prod_shelf_new","250","0","18040930","0.0","1549","1.64969","432038122","86839","1323","","","9","21150","21200","2.246","minimize","0.0","3.004","96675","7246","","","50639","7246","","2","","1549","","0.328","21545"
"Huub_user_no_gen_bounds","","../products-and-shelves/product-and-shelves.mzn","../products-and-shelves/ps-25-01.dzn","OPTIMAL_SOLUTION","11.096576485782862","3107","","0","2250","0","","","0","results_prod_shelf_new","240","0","3285246","","1488","0.425248","","","3122","1680","1485","S(5)","4620","3810","","minimize","","10.03259","","","","","","36958","complete","4","156293","","","0.064035","3738"
"Huub_user_diffn","","../products-and-shelves/product-and-shelves.mzn","../products-and-shelves/ps-75-14.dzn","OPTIMAL_SOLUTION","31.677872982807457","30429","","0","21900","0","","","0","results_prod_shelf_new","2250","0","2455375","","13650","2.4084","","","27740","15750","13647","S(20)","45570","37170","","minimize","","27.828175","","","","","","5646","complete","6","178581","","","0.520036","35530"
"cp-sat","","../products-and-shelves/product-and-shelves.mzn","../products-and-shelves/ps-100-17.dzn","UNKNOWN","1230.4062320310622","","","","296500","","","","","results_prod_shelf_new","5000","0","","","30200","140.615","","","","","","","68600","1553800","","minimize","","","","","1485000","","","","","0","","","","","1559295"
"Huub_user_no_gen_bounds","","../products-and-shelves/product-and-shelves.mzn","../products-and-shelves/ps-75-12.dzn","UNKNOWN","1201.3273448776454","30098","","0","21750","0","","","0","results_prod_shelf_new","2250","0","43798492","","13650","2.41562","","","10761","15750","13647","","45150","36900","","minimize","","1197.009848","","","","","","20385","complete","0","2873541","","","0.605515","35349"
"Huub_user_m+o","","../products-and-shelves/product-and-shelves.mzn","../products-and-shelves/ps-50-07.dzn","OPTIMAL_SOLUTION","87.1278804782778","13063","","0","9500","0","","","0","results_prod_shelf_new","1000","0","14177747","","6100","1.04877","","","14428","7000","6097","S(8)","19600","16100","","minimize","","85.24555","","","","","","49600","complete","5","670983","","","0.26241","15564"
"cp-sat","","../products-and-shelves/product-and-shelves.mzn","../products-and-shelves/ps-50-10.dzn","SATISFIED","1203.154028005898","","","","33500","","","","","results_prod_shelf_new","1000","0","64949517","","6100","13.6201","","","","","","S(20)","12600","159800","","minimize","","467.666","","","147000","2","159154","33936","","1","","","","","161139"
"cp-sat","","../products-and-shelves/product-and-shelves.mzn","../products-and-shelves/ps-100-16.dzn","UNKNOWN","1230.9479209259152","","","","296250","","","","","results_prod_shelf_new","5000","0","","","30200","145.135","","","","","","","68250","1553500","","minimize","","","","","1485000","","","","","0","","","","","1559044"
"Huub_user_no_gen_bounds","","../products-and-shelves/product-and-shelves.mzn","../products-and-shelves/ps-100-17.dzn","UNKNOWN","1202.514786824584","68144","","0","49000","0","","","0","results_prod_shelf_new","5000","0","24079971","","30200","5.37473","","","16054","35000","30197","","102200","83200","","minimize","","1193.363738","","","","","","29130","complete","0","883963","","","1.3624","79145"
"Huub_user_m+o","","../products-and-shelves/product-and-shelves.mzn","../products-and-shelves/ps-25-01.dzn","OPTIMAL_SOLUTION","6.7557367477566","3107","","0","2250","0","","","0","results_prod_shelf_new","240","0","2196407","","1488","0.404563","","","3090","1680","1485","S(5)","4620","3810","","minimize","","5.676678","","","","","","24882","complete","4","95759","","","0.064292","3738"
"Huub_user_no_gen_bounds","","../products-and-shelves/product-and-shelves.mzn","../products-and-shelves/ps-50-06.dzn","SATISFIED","1200.8443177295849","13063","","0","9500","0","","","0","results_prod_shelf_new","1000","0","77971708","","6100","1.15739","","","15529","7000","6097","S(17)","19600","16100","","minimize","","1198.592706","","","","","","13356","complete","3","6694148","","","0.260583","15564"
"Huub_user_diffn","","../products-and-shelves/product-and-shelves.mzn","../products-and-shelves/ps-50-10.dzn","OPTIMAL_SOLUTION","670.6203087884933","11958","","0","9000","0","","","0","results_prod_shelf_new","1000","0","42286226","","6100","1.14001","","","26394","7000","6097","S(6)","18200","15200","","minimize","","668.323168","","","","","","52349","complete","6","4380889","","","0.313252","14959"
"Huub_user_diffn","","../products-and-shelves/product-and-shelves.mzn","../products-and-shelves/ps-75-12.dzn","SATISFIED","1201.349723980762","30098","","0","21750","0","","","0","results_prod_shelf_new","2250","0","78708294","","13650","2.38709","","","12621","15750","13647","S(22)","45150","36900","","minimize","","1197.039401","","","","","","42319","complete","7","4008468","","","0.609955","35349"
"gecode","","../products-and-shelves/product-and-shelves.mzn","../products-and-shelves/ps-50-08.dzn","UNKNOWN","1204.5938771078363","","","","29500","","","","","results_prod_shelf_new","1000","0","","","6100","13.2023","","","","","","","7000","155000","","minimize","","","","","147000","","","","","0","","","","","158061"
"Huub_user_basic","","../products-and-shelves/product-and-shelves.mzn","../products-and-shelves/ps-75-13.dzn","UNKNOWN","1201.0563622843474","31091","","0","22200","0","","","0","results_prod_shelf_new","2250","0","609708930","","13650","2.39503","","","2416","15750","13647","","46410","37710","","minimize","","1197.098245","","","","","","380004","complete","0","1482216","","","0.582998","35892"
"Huub_user_no_gen_bounds","","../products-and-shelves/product-and-shelves.mzn","../products-and-shelves/ps-50-08.dzn","OPTIMAL_SOLUTION","35.03961253352463","13726","","0","9800","0","","","0","results_prod_shelf_new","1000","0","3122874","","6100","1.20376","","","13279","7000","6097","S(13)","20440","16640","","minimize","","32.771192","","","","","","10971","complete","5","155958","","","0.243643","15927"
"chuffed","","../products-and-shelves/product-and-shelves.mzn","../products-and-shelves/ps-75-11.dzn","SATISFIED","1211.9940366502851","","","","105000","","","","","results_prod_shelf_new","2250","0","","","13649","46.6076","","","","","","S(26)","529950","530100","","minimize","","","","","","","","","","5","","","","","532645"
"cp-sat","","../products-and-shelves/product-and-shelves.mzn","../products-and-shelves/ps-75-13.dzn","UNKNOWN","1210.3314714292064","","","","105450","","","","","results_prod_shelf_new","2250","0","","","13650","47.7091","","","","","","","31080","530640","","minimize","","","","","499500","","","","","0","","","","","533172"
"cp-sat","","../products-and-shelves/product-and-shelves.mzn","../products-and-shelves/ps-50-09.dzn","UNKNOWN","1203.1877515902743","","","","34100","","","","","results_prod_shelf_new","1000","0","","","6100","13.4742","","","","","","","13440","160520","","minimize","","","","","147000","","","","","0","","","","","161745"
"Huub_user_diffn","","../products-and-shelves/product-and-shelves.mzn","../products-and-shelves/ps-25-05.dzn","OPTIMAL_SOLUTION","1.745531940832734","2917","","0","2200","0","","","0","results_prod_shelf_new","250","0","325417","","1550","0.288766","","","3741","1750","1547","S(10)","4410","3710","","minimize","","1.197773","","","","","","1991","complete","1","28656","","","0.058013","3718"
"Huub_user_s+o","","../products-and-shelves/product-and-shelves.mzn","../products-and-shelves/ps-100-20.dzn","UNKNOWN","1202.1849958719686","64838","","0","47500","0","","","0","results_prod_shelf_new","5000","0","26837936","","30200","5.30113","","","39355","35000","30197","","98000","80500","","minimize","","1193.220913","","","","","","42470","complete","0","2334860","","","1.643892","77339"
"Huub_user_basic","","../products-and-shelves/product-and-shelves.mzn","../products-and-shelves/ps-75-15.dzn","UNKNOWN","1201.010259305127","28443","","0","21000","0","","","0","results_prod_shelf_new","2250","0","53139514","","13650","2.38288","","","24837","15750","13647","","43050","35550","","minimize","","1196.959868","","","","","","136856","complete","0","4389010","","","0.731322","34444"
"Huub_user_diffn","","../products-and-shelves/product-and-shelves.mzn","../products-and-shelves/ps-25-01.dzn","OPTIMAL_SOLUTION","7.784812346100807","3107","","0","2250","0","","","0","results_prod_shelf_new","240","0","2894096","","1488","0.407479","","","3090","1680","1485","S(5)","4620","3810","","minimize","","6.705514","","","","","","28235","complete","4","101981","","","0.064009","3738"
"chuffed","","../products-and-shelves/product-and-shelves.mzn","../products-and-shelves/ps-100-17.dzn","UNKNOWN","1230.54945485387","","","","296500","","","","","results_prod_shelf_new","5000","0","","","30199","132.901","","","","","","","1553600","1553800","","minimize","","","","","","","","","","0","","","","","1559196"
"gecode","","../products-and-shelves/product-and-shelves.mzn","../products-and-shelves/ps-100-20.dzn","ERROR","225.3744705086574","","MiniZinc stopped with a non-zero exit code, but did not output an error message. ","","272500","","","","","results_prod_shelf_new","5000","0","","","30200","135.317","","","","","","","35000","1525000","","minimize","","","","","1485000","","","","","0","","","","","1539709"
