"configuration","problem","model","data_file","status","time","propagators","failures","intVariables","userDecisions","method","solutions","objectiveBound","flatTime","variables","optTime","trailMem","initTime","flatIntVars","propagations","randomSeed","oracleDecisions","flatBoolConstraints","evaluatedHalfReifiedConstraints","intVars","restarts","nogoods","paths","unifiedVariables","flatBoolVars","peakDepth","run","backjumps","baseMem","flatIntConstraints","nSolutions","extractedViews","blockType","objective","nodes","evaluatedReifiedConstraints","solveTime","boolVariables","peakMem"
"Huub_user_decomp","","../filters/filter.mzn","../filters/ar_1_2.dzn","OPTIMAL_SOLUTION","0.5416699023917317","631","3058","29","5364","minimize","","","0.202398","","","","0.012123","49","327254","","3338","180","600","","0","","0","0","600","705","results_filter_new","","","635","5","4","complete","18","","","0.086924","",""
"gecode","","../filters/filter.mzn","../filters/dct_1_2.dzn","SATISFIED","1200.653623888269","78","344481283","","","minimize","1","","0.189643","137","","","0.054802","73","3052147507","","","","","","0","","0","","","58","results_filter_new","","","75","1","","","32","688962614","","1199.81","",""
"chuffed","","../filters/filter.mzn","../filters/ewf_4_3.dzn","OPTIMAL_SOLUTION","0.7025018287822604","2758","7","","","minimize","","","0.238545","11666","0.009","0.04","0.026","84","24695","651724868","","336","","83","2","7","0","","1344","67","results_filter_new","93","0.0","1405","2","","","17","206","1344","0.009","11581","0.0"
"Huub_user_diffn","","../filters/filter.mzn","../filters/dct_2_3.dzn","SATISFIED","1200.7042093621567","67","7065836","65","10294818","minimize","","","0.166402","","","","0.008232","105","52723704","","0","","","","0","","0","0","","76","results_filter_new","","","75","2","8","complete","16","","","1199.829506","",""
"Huub_user_m+o","","../filters/filter.mzn","../filters/dct_3_3.dzn","SATISFIED","1200.242393469438","67","3437768","97","12880885","minimize","","","0.178237","","","","0.008932","105","50711099","","0","","","","0","","0","0","","83","results_filter_new","","","75","2","8","complete","14","","","1199.814449","",""
"Huub_user_s+o","","../filters/filter.mzn","../filters/ewf_1_2.dzn","OPTIMAL_SOLUTION","0.6172781810164452","49","2738","35","2955","minimize","","","0.168533","","","","0.006026","51","24744","","0","","","","0","","0","0","","40","results_filter_new","","","57","1","8","complete","28","","","0.216168","",""
"Huub_user_diffn","","../filters/filter.mzn","../filters/ar_1_3.dzn","OPTIMAL_SOLUTION","0.6190017899498343","33","1333","45","5504","minimize","","","0.179015","","","","0.006511","49","28585","","0","","","","0","","0","0","","42","results_filter_new","","","37","3","4","complete","16","","","0.134595","",""
"Huub_user_basic","","../filters/filter.mzn","../filters/dct_2_2.dzn","SATISFIED","1200.4642322715372","67","6224211","49","7822161","minimize","","","0.168303","","","","0.007568","105","48629357","","0","","","","0","","0","0","","75","results_filter_new","","","75","4","8","complete","18","","","1199.83652","",""
"chuffed","","../filters/filter.mzn","../filters/dct_1_2.dzn","SATISFIED","1200.703134409152","2992","19064790","","","minimize","","","0.28285","14406","0.012","0.05","0.032","80","7555094288","272220050","","606","","80","1","19064790","0","","1452","54","results_filter_new","610838","0.0","1531","1","","","32","19675708","1452","1199.713","14324","0.0"
"Huub_user_no_gen_bounds","","../filters/filter.mzn","../filters/dct_3_3.dzn","SATISFIED","1200.567946578376","67","3699566","97","13636811","minimize","","","0.171807","","","","0.007201","105","52781761","","0","","","","0","","0","0","","83","results_filter_new","","","75","2","8","complete","14","","","1199.819966","",""
"gecode","","../filters/filter.mzn","../filters/ewf_2_2.dzn","OPTIMAL_SOLUTION","0.8588176537305117","61","49","","","minimize","3","","0.231425","77","","","0.013608","77","1522","","","","","","0","","0","","","60","results_filter_new","","","57","3","","","18","171","","0.018789","",""
"cp-sat","","../filters/filter.mzn","../filters/dfq_1_2.dzn","OPTIMAL_SOLUTION","0.41416526585817337","","2","","","minimize","","6","0.171485","","","","","26","49","","","","","","","","0","","","","results_filter_new","","","14","1","","","6","","","0.00624","22",""
"Huub_user_m+s","","../filters/filter.mzn","../filters/fir_1_2.dzn","OPTIMAL_SOLUTION","0.43139472883194685","25","621","24","724","minimize","","","0.167562","","","","0.00552","33","6016","","0","","","","0","","0","0","","27","results_filter_new","","","26","3","1","complete","15","","","0.030008","",""
"Huub_user_diffn","","../filters/filter.mzn","../filters/dct_4_4.dzn","SATISFIED","1200.2726743631065","67","3600385","97","15199778","minimize","","","0.162318","","","","0.008224","105","39282163","","0","","","","0","","0","0","","87","results_filter_new","","","75","4","8","complete","10","","","1199.828873","",""
"Huub_user_no_gen_bounds","","../filters/filter.mzn","../filters/ewf_4_3.dzn","OPTIMAL_SOLUTION","0.4188240272924304","49","19","69","180","minimize","","","0.166261","","","","0.006141","77","806","","0","","","","0","","0","0","","67","results_filter_new","","","57","2","8","complete","17","","","0.016997","",""
"gecode","","../filters/filter.mzn","../filters/ewf_2_1.dzn","OPTIMAL_SOLUTION","0.6079396400600672","60","13","","","minimize","2","","0.178721","85","","","0.000772","69","823","","","","","","0","","0","","","53","results_filter_new","","","57","2","","","21","82","","0.00804","",""
"Huub_user_m+s","","../filters/filter.mzn","../filters/ar_1_3.dzn","OPTIMAL_SOLUTION","0.5553975608199835","33","1130","45","4792","minimize","","","0.172932","","","","0.005855","49","25409","","0","","","","0","","0","0","","42","results_filter_new","","","37","3","4","complete","16","","","0.117587","",""
"Huub_user_decomp","","../filters/filter.mzn","../filters/ar_1_3.dzn","OPTIMAL_SOLUTION","0.5077989343553782","631","615","45","2451","minimize","","","0.203712","","","","0.013463","49","156917","","2722","180","600","","0","","0","0","600","723","results_filter_new","","","635","4","4","complete","16","","","0.036381","",""
"Huub_user_m+s","","../filters/filter.mzn","../filters/dct_4_4.dzn","SATISFIED","1200.7256228877231","67","3147426","97","14752040","minimize","","","0.187408","","","","0.007738","105","39679816","","0","","","","0","","0","0","","87","results_filter_new","","","75","3","8","complete","10","","","1199.804328","",""
"gecode","","../filters/filter.mzn","../filters/fir_1_2.dzn","OPTIMAL_SOLUTION","4.179739537648857","29","861787","","","minimize","3","","0.17041","63","","","0.000612","33","9786684","","","","","","0","","0","","","29","results_filter_new","","","26","3","","","15","1723585","","3.75269","",""
"gecode","","../filters/filter.mzn","../filters/fir_2_2.dzn","OPTIMAL_SOLUTION","0.7133119348436594","30","22","","","minimize","1","","0.207746","48","","","0.000605","48","482","","","","","","0","","0","","","50","results_filter_new","","","26","1","","","11","67","","0.004721","",""
"Huub_user_m+o","","../filters/filter.mzn","../filters/fir16_1_2.dzn","OPTIMAL_SOLUTION","15.31462726648897","35","90998","34","540687","minimize","","","0.167326","","","","0.005658","52","2474323","","0","","","","0","","0","0","","43","results_filter_new","","","36","12","1","complete","19","","","14.64794","",""
"gecode","","../filters/filter.mzn","../filters/dct_2_2.dzn","OPTIMAL_SOLUTION","0.8064389815554023","79","58","","","minimize","1","","0.187425","105","","","0.004235","105","3146","","","","","","0","","0","","","108","results_filter_new","","","75","1","","","18","154","","0.008085","",""
"Huub_user_decomp","","../filters/filter.mzn","../filters/fir_1_1.dzn","OPTIMAL_SOLUTION","1.0535802710801363","277","1859","24","1891","minimize","","","0.291162","","","","0.008057","25","163269","","254","127","254","","0","","0","0","254","278","results_filter_new","","","278","1","1","complete","18","","","0.045482","",""
"Huub_user_basic","","../filters/filter.mzn","../filters/ewf_1_2.dzn","OPTIMAL_SOLUTION","0.6933919144794345","49","2738","35","2955","minimize","","","0.168862","","","","0.006674","51","24744","","0","","","","0","","0","0","","40","results_filter_new","","","57","1","8","complete","28","","","0.204873","",""
"Huub_user_diffn","","../filters/filter.mzn","../filters/fir_1_2.dzn","OPTIMAL_SOLUTION","0.5007299138233066","25","621","24","724","minimize","","","0.170716","","","","0.006139","33","6016","","0","","","","0","","0","0","","27","results_filter_new","","","26","3","1","complete","15","","","0.029895","",""
"Huub_user_decomp","","../filters/filter.mzn","../filters/fir_1_4.dzn","OPTIMAL_SOLUTION","0.46742497850209475","333","623","32","738","minimize","","","0.200503","","","","0.009378","33","56917","","990","127","310","","0","","0","0","310","362","results_filter_new","","","334","3","1","complete","15","","","0.022244","",""
"chuffed","","../filters/filter.mzn","../filters/dct_2_2.dzn","SATISFIED","1200.7222109567374","4936","9985266","","","minimize","","","0.289286","15566","0.041","0.05","0.043","112","6310064407","-661828795","","606","","111","1","9985266","0","","2424","74","results_filter_new","6653500","0.0","2503","1","","","18","16638865","2424","1199.707","15453","0.0"
"Huub_user_decomp","","../filters/filter.mzn","../filters/ewf_2_1.dzn","OPTIMAL_SOLUTION","0.5254277465865016","1335","5","35","110","minimize","","","0.24063","","","","0.0214","69","16265","","3056","336","1288","","0","","0","0","1288","1582","results_filter_new","","","1343","2","8","complete","21","","","0.010911","",""
"Huub_user_no_gen_bounds","","../filters/filter.mzn","../filters/dct_2_3.dzn","SATISFIED","1200.3235886096954","67","7184206","65","10532709","minimize","","","0.169485","","","","0.008785","105","53827932","","0","","","","0","","0","0","","76","results_filter_new","","","75","2","8","complete","16","","","1199.821487","",""
"Huub_user_s+o","","../filters/filter.mzn","../filters/fir16_1_2.dzn","OPTIMAL_SOLUTION","17.604467762634158","35","101058","34","596600","minimize","","","0.170939","","","","0.006766","52","2735963","","0","","","","0","","0","0","","43","results_filter_new","","","36","10","1","complete","19","","","16.898767","",""
"Huub_user_s+o","","../filters/filter.mzn","../filters/fir16_1_1.dzn","OPTIMAL_SOLUTION","55.38763512484729","35","230298","34","230832","minimize","","","0.172169","","","","0.005911","35","1556572","","0","","","","0","","0","0","","34","results_filter_new","","","36","6","1","complete","35","","","54.963421","",""
"chuffed","","../filters/filter.mzn","../filters/dct_3_4.dzn","OPTIMAL_SOLUTION","28.01136127486825","4936","181377","","","minimize","","","0.29569","15694","1.362","0.05","0.04","112","152697181","-1637242744","","606","","111","2","181377","0","","2424","83","results_filter_new","864081","0.0","2503","2","","","11","1045618","2424","27.228","15581","0.0"
"Huub_user_diffn","","../filters/filter.mzn","../filters/ewf_2_2.dzn","OPTIMAL_SOLUTION","1.0139530058950186","49","123","35","954","minimize","","","0.264443","","","","0.006132","77","3168","","0","","","","0","","0","0","","57","results_filter_new","","","57","3","8","complete","18","","","0.052672","",""
"Huub_user_decomp","","../filters/filter.mzn","../filters/ar_2_3.dzn","OPTIMAL_SOLUTION","0.5086507759988308","751","1202","45","5143","minimize","","","0.20129","","","","0.014639","61","213467","","1697","180","720","","0","","0","0","720","911","results_filter_new","","","755","2","4","complete","15","","","0.040531","",""
"Huub_user_no_gen_bounds","","../filters/filter.mzn","../filters/fir_1_1.dzn","OPTIMAL_SOLUTION","1.148503940552473","25","2016","24","2046","minimize","","","0.26893","","","","0.006452","25","18179","","0","","","","0","","0","0","","24","results_filter_new","","","26","1","1","complete","18","","","0.102485","",""
"Huub_user_decomp","","../filters/filter.mzn","../filters/dct_1_3.dzn","OPTIMAL_SOLUTION","49.007796788588166","1521","333554","65","337451","minimize","","","0.273664","","","","0.025667","73","49698618","","1556","608","1456","","0","","0","0","1456","1616","results_filter_new","","","1529","1","8","complete","32","","","48.029246","",""
"gecode","","../filters/filter.mzn","../filters/dct_1_3.dzn","SATISFIED","1200.3206726145","78","344526837","","","minimize","1","","0.170377","137","","","0.000894","73","3052574787","","","","","","0","","0","","","64","results_filter_new","","","75","1","","","32","689053727","","1199.83","",""
"Huub_user_no_gen_bounds","","../filters/filter.mzn","../filters/dct_4_4.dzn","SATISFIED","1200.7058737799525","67","3594765","97","15416667","minimize","","","0.268347","","","","0.00884","105","39602226","","0","","","","0","","0","0","","87","results_filter_new","","","75","4","8","complete","10","","","1199.723626","",""
"cp-sat","","../filters/filter.mzn","../filters/ewf_1_2.dzn","OPTIMAL_SOLUTION","0.5659957695752382","","4","","","minimize","","28","0.267195","","","","","51","453","","","","","","","","0","","","","results_filter_new","","","57","1","","","28","","","0.009234","44",""
"Huub_user_m+s","","../filters/filter.mzn","../filters/dfq_1_2.dzn","OPTIMAL_SOLUTION","0.4204916153103113","11","14","18","44","minimize","","","0.18005","","","","0.004732","26","134","","0","","","","0","","0","0","","20","results_filter_new","","","14","1","3","complete","6","","","0.003749","",""
"cp-sat","","../filters/filter.mzn","../filters/dct_4_4.dzn","OPTIMAL_SOLUTION","9.776256875135005","","138452","","","minimize","","10","0.173189","","","","","105","3787786","","","","","","","","0","","","","results_filter_new","","","75","2","","","10","","","9.34105","179",""
"gecode","","../filters/filter.mzn","../filters/ar_2_4.dzn","OPTIMAL_SOLUTION","0.8083586674183607","41","17","","","minimize","2","","0.177616","61","","","0.000655","61","552","","","","","","0","","0","","","46","results_filter_new","","","37","2","","","11","101","","0.007366","",""
"cp-sat","","../filters/filter.mzn","../filters/dct_3_4.dzn","OPTIMAL_SOLUTION","248.63391525577754","","3031283","","","minimize","","11","0.172304","","","","","105","88181021","","","","","","","","0","","","","results_filter_new","","","75","2","","","11","","","248.193","224",""
"Huub_user_m+o","","../filters/filter.mzn","../filters/fir_1_1.dzn","OPTIMAL_SOLUTION","1.250172859057784","25","2354","24","2385","minimize","","","0.265182","","","","0.005395","25","20606","","0","","","","0","","0","0","","24","results_filter_new","","","26","1","1","complete","18","","","0.083718","",""
"chuffed","","../filters/filter.mzn","../filters/fir_2_3.dzn","OPTIMAL_SOLUTION","0.9832795653492212","1041","146","","","minimize","","","0.237207","5560","0.009","0.01","0.011","47","50620","-547753804","","127","","47","1","146","0","","508","38","results_filter_new","1004","0.0","531","1","","","10","1188","508","0.009","5511","0.0"
"cp-sat","","../filters/filter.mzn","../filters/ewf_4_3.dzn","OPTIMAL_SOLUTION","0.9184076953679323","","3","","","minimize","","17","0.184323","","","","","77","431","","","","","","","","0","","","","results_filter_new","","","57","2","","","17","","","0.039908","72",""
"Huub_user_m+o","","../filters/filter.mzn","../filters/dct_4_4.dzn","SATISFIED","1200.3856231169775","67","3633429","97","15344300","minimize","","","0.179457","","","","0.008386","105","39680790","","0","","","","0","","0","0","","87","results_filter_new","","","75","4","8","complete","10","","","1199.813622","",""
"Huub_user_s+o","","../filters/filter.mzn","../filters/fir_1_3.dzn","OPTIMAL_SOLUTION","0.4259435851126909","25","621","32","739","minimize","","","0.165481","","","","0.005455","33","6034","","0","","","","0","","0","0","","32","results_filter_new","","","26","3","1","complete","15","","","0.029815","",""
"Huub_user_decomp","","../filters/filter.mzn","../filters/fir_2_3.dzn","OPTIMAL_SOLUTION","0.4567378433421254","531","366","32","1800","minimize","","","0.184265","","","","0.010874","48","68965","","1790","127","508","","0","","0","0","508","634","results_filter_new","","","532","3","1","complete","10","","","0.02573","",""
"Huub_user_decomp","","../filters/filter.mzn","../filters/dct_2_3.dzn","OPTIMAL_SOLUTION","32.91810226161033","2497","603321","65","660975","minimize","","","0.255464","","","","0.034371","105","68742315","","3720","608","2432","","0","","0","0","2432","2954","results_filter_new","","","2505","3","8","complete","16","","","32.348669","",""
"Huub_user_diffn","","../filters/filter.mzn","../filters/ar_2_4.dzn","OPTIMAL_SOLUTION","0.7199186403304338","33","5589","45","8602","minimize","","","0.174888","","","","0.006676","61","20165","","0","","","","0","","0","0","","47","results_filter_new","","","37","2","4","complete","11","","","0.227289","",""
"Huub_user_diffn","","../filters/filter.mzn","../filters/ewf_2_1.dzn","OPTIMAL_SOLUTION","0.4930878961458802","49","5","35","110","minimize","","","0.17179","","","","0.006164","69","856","","0","","","","0","","0","0","","54","results_filter_new","","","57","2","8","complete","21","","","0.012691","",""
"Huub_user_basic","","../filters/filter.mzn","../filters/ar_1_2.dzn","OPTIMAL_SOLUTION","1.200443240813911","33","10626","29","35153","minimize","","","0.167461","","","","0.005806","49","212303","","0","","","","0","","0","0","","37","results_filter_new","","","37","4","4","complete","18","","","0.797001","",""
"Huub_user_no_gen_bounds","","../filters/filter.mzn","../filters/dfq_1_2.dzn","OPTIMAL_SOLUTION","0.4451235616579652","11","14","18","44","minimize","","","0.183314","","","","0.005669","26","135","","0","","","","0","","0","0","","20","results_filter_new","","","14","1","3","complete","6","","","0.00385","",""
"Huub_user_diffn","","../filters/filter.mzn","../filters/ewf_4_3.dzn","OPTIMAL_SOLUTION","0.7157914564013481","49","19","69","180","minimize","","","0.168291","","","","0.007806","77","772","","0","","","","0","","0","0","","67","results_filter_new","","","57","2","8","complete","17","","","0.016747","",""
"Huub_user_basic","","../filters/filter.mzn","../filters/ewf_2_1.dzn","OPTIMAL_SOLUTION","0.5834492323920131","49","5","35","110","minimize","","","0.175207","","","","0.007063","69","885","","0","","","","0","","0","0","","54","results_filter_new","","","57","2","8","complete","21","","","0.012821","",""
"Huub_user_s+o","","../filters/filter.mzn","../filters/fir_2_3.dzn","OPTIMAL_SOLUTION","0.48482642881572247","25","529","32","2371","minimize","","","0.181882","","","","0.005577","48","5874","","0","","","","0","","0","0","","39","results_filter_new","","","26","3","1","complete","10","","","0.055173","",""
"Huub_user_no_gen_bounds","","../filters/filter.mzn","../filters/ewf_2_2.dzn","OPTIMAL_SOLUTION","1.0926636150106788","49","123","35","954","minimize","","","0.263581","","","","0.006697","77","3261","","0","","","","0","","0","0","","57","results_filter_new","","","57","3","8","complete","18","","","0.054563","",""
"Huub_user_no_gen_bounds","","../filters/filter.mzn","../filters/fir16_1_2.dzn","OPTIMAL_SOLUTION","19.30322095286101","35","90998","34","540687","minimize","","","0.170857","","","","0.00715","52","2711878","","0","","","","0","","0","0","","43","results_filter_new","","","36","12","1","complete","19","","","18.808092","",""
"cp-sat","","../filters/filter.mzn","../filters/ewf_2_1.dzn","OPTIMAL_SOLUTION","0.6293980097398162","","0","","","minimize","","21","0.178801","","","","","69","416","","","","","","","","0","","","","results_filter_new","","","57","2","","","21","","","0.013029","64",""
"Huub_user_no_gen_bounds","","../filters/filter.mzn","../filters/dct_1_2.dzn","OPTIMAL_SOLUTION","63.50748372171074","67","332297","49","336966","minimize","","","0.189162","","","","0.007387","73","2232610","","0","","","","0","","0","0","","55","results_filter_new","","","75","1","8","complete","32","","","62.795913","",""
"Huub_user_no_gen_bounds","","../filters/filter.mzn","../filters/ewf_2_1.dzn","OPTIMAL_SOLUTION","0.4161171093583107","49","5","35","110","minimize","","","0.167943","","","","0.007251","69","896","","0","","","","0","","0","0","","54","results_filter_new","","","57","2","8","complete","21","","","0.013609","",""
"Huub_user_decomp","","../filters/filter.mzn","../filters/dct_2_2.dzn","SATISFIED","1200.943053709343","2497","5581471","49","6266134","minimize","","","0.257695","","","","0.035347","105","656456711","","6997","608","2432","","0","","0","0","2432","2943","results_filter_new","","","2505","5","8","complete","18","","","1199.722992","",""
"Huub_user_diffn","","../filters/filter.mzn","../filters/fir16_1_1.dzn","OPTIMAL_SOLUTION","57.77122913766652","35","237797","34","238341","minimize","","","0.167855","","","","0.006006","35","1567429","","0","","","","0","","0","0","","34","results_filter_new","","","36","6","1","complete","35","","","57.319119","",""
"Huub_user_basic","","../filters/filter.mzn","../filters/dct_1_3.dzn","OPTIMAL_SOLUTION","64.21897036861628","67","334746","65","338625","minimize","","","0.166419","","","","0.008033","73","2260729","","0","","","","0","","0","0","","60","results_filter_new","","","75","1","8","complete","32","","","63.796894","",""
"Huub_user_s+o","","../filters/filter.mzn","../filters/dct_1_3.dzn","OPTIMAL_SOLUTION","66.9007781399414","67","334746","65","338625","minimize","","","0.168039","","","","0.008531","73","2260729","","0","","","","0","","0","0","","60","results_filter_new","","","75","1","8","complete","32","","","66.237659","",""
"Huub_user_diffn","","../filters/filter.mzn","../filters/ar_2_3.dzn","OPTIMAL_SOLUTION","0.8890253696590662","33","5400","45","23934","minimize","","","0.190883","","","","0.005947","61","80839","","0","","","","0","","0","0","","52","results_filter_new","","","37","2","4","complete","15","","","0.413233","",""
"gecode","","../filters/filter.mzn","../filters/ar_2_3.dzn","OPTIMAL_SOLUTION","0.4329132568091154","41","1095","","","minimize","2","","0.173864","61","","","0.000684","61","28141","","","","","","0","","0","","","51","results_filter_new","","","37","2","","","15","2257","","0.016173","",""
"Huub_user_basic","","../filters/filter.mzn","../filters/ewf_2_2.dzn","OPTIMAL_SOLUTION","1.0319697819650173","49","113","35","903","minimize","","","0.275837","","","","0.006918","77","3055","","0","","","","0","","0","0","","57","results_filter_new","","","57","3","8","complete","18","","","0.051105","",""
"Huub_user_m+s","","../filters/filter.mzn","../filters/dfq_1_1.dzn","OPTIMAL_SOLUTION","0.8036834793165326","11","7","18","32","minimize","","","0.1724","","","","0.006244","26","95","","0","","","","0","","0","0","","20","results_filter_new","","","14","1","3","complete","4","","","0.003665","",""
"chuffed","","../filters/filter.mzn","../filters/fir_2_2.dzn","OPTIMAL_SOLUTION","0.7606420069932938","1041","149","","","minimize","","","0.224072","5544","0.008","0.01","0.011","47","46901","-389805533","","127","","47","1","149","0","","508","39","results_filter_new","882","0.0","531","1","","","11","1070","508","0.008","5495","0.0"
"Huub_user_m+o","","../filters/filter.mzn","../filters/dct_1_2.dzn","OPTIMAL_SOLUTION","64.53197730984539","67","332378","49","337078","minimize","","","0.180565","","","","0.008825","73","2266676","","0","","","","0","","0","0","","55","results_filter_new","","","75","1","8","complete","32","","","63.838494","",""
"Huub_user_diffn","","../filters/filter.mzn","../filters/ar_1_1.dzn","OPTIMAL_SOLUTION","1.7771248891949654","33","12257","29","12610","minimize","","","0.27629","","","","0.005664","33","114599","","0","","","","0","","0","0","","29","results_filter_new","","","37","1","4","complete","34","","","0.771357","",""
"Huub_user_m+o","","../filters/filter.mzn","../filters/ar_2_3.dzn","OPTIMAL_SOLUTION","0.8968124622479081","33","5400","45","23934","minimize","","","0.167563","","","","0.006759","61","80839","","0","","","","0","","0","0","","52","results_filter_new","","","37","2","4","complete","15","","","0.403354","",""
"Huub_user_diffn","","../filters/filter.mzn","../filters/fir16_1_2.dzn","OPTIMAL_SOLUTION","15.483597220852971","35","90998","34","540687","minimize","","","0.166311","","","","0.006354","52","2474323","","0","","","","0","","0","0","","43","results_filter_new","","","36","12","1","complete","19","","","15.084351","",""
"Huub_user_m+o","","../filters/filter.mzn","../filters/dct_3_4.dzn","SATISFIED","1200.4775308798999","67","4279840","97","15248770","minimize","","","0.17054","","","","0.007746","105","45089692","","0","","","","0","","0","0","","83","results_filter_new","","","75","3","8","complete","11","","","1199.822407","",""
"Huub_user_m+o","","../filters/filter.mzn","../filters/fir_2_2.dzn","OPTIMAL_SOLUTION","0.7108373753726482","25","363","24","2199","minimize","","","0.166602","","","","0.00567","48","6068","","0","","","","0","","0","0","","39","results_filter_new","","","26","3","1","complete","11","","","0.047671","",""
"chuffed","","../filters/filter.mzn","../filters/ar_1_1.dzn","OPTIMAL_SOLUTION","0.930706337094307","762","9786","","","minimize","","","0.240258","7506","0.005","0.02","0.011","36","5588057","2141290027","","180","","36","1","9786","0","","360","29","results_filter_new","5067","0.0","397","1","","","34","14882","360","0.439","7468","0.0"
"Huub_user_decomp","","../filters/filter.mzn","../filters/fir_2_2.dzn","OPTIMAL_SOLUTION","0.4714390682056546","531","245","24","1338","minimize","","","0.186315","","","","0.010339","48","55307","","2961","127","508","","0","","0","0","508","631","results_filter_new","","","532","5","1","complete","11","","","0.025821","",""
"Huub_user_m+s","","../filters/filter.mzn","../filters/fir16_1_2.dzn","OPTIMAL_SOLUTION","38.71489376947284","35","227190","34","1397497","minimize","","","0.184881","","","","0.006761","52","6373808","","0","","","","0","","0","0","","43","results_filter_new","","","36","13","1","complete","19","","","37.922742","",""
"Huub_user_basic","","../filters/filter.mzn","../filters/dct_2_3.dzn","SATISFIED","1200.3455475028604","67","7866428","65","10060683","minimize","","","0.168705","","","","0.008099","105","53406984","","0","","","","0","","0","0","","76","results_filter_new","","","75","2","8","complete","16","","","1199.824809","",""
"Huub_user_m+s","","../filters/filter.mzn","../filters/fir_1_1.dzn","OPTIMAL_SOLUTION","1.3363896682858467","25","1738","24","1764","minimize","","","0.272405","","","","0.006445","25","16751","","0","","","","0","","0","0","","24","results_filter_new","","","26","1","1","complete","18","","","0.066472","",""
"Huub_user_m+o","","../filters/filter.mzn","../filters/dct_2_3.dzn","SATISFIED","1200.463918541558","67","7114921","65","10350851","minimize","","","0.172051","","","","0.007736","105","53030080","","0","","","","0","","0","0","","76","results_filter_new","","","75","2","8","complete","16","","","1199.818692","",""
"chuffed","","../filters/filter.mzn","../filters/ewf_2_1.dzn","OPTIMAL_SOLUTION","0.7210872564464808","2646","3","","","minimize","","","0.231307","11446","0.009","0.04","0.024","76","22556","1015355717","","336","","76","2","3","0","","1288","54","results_filter_new","9","0.0","1349","2","","","21","117","1288","0.009","11368","0.0"
"Huub_user_m+s","","../filters/filter.mzn","../filters/fir_1_3.dzn","OPTIMAL_SOLUTION","0.42682269494980574","25","621","32","739","minimize","","","0.166295","","","","0.005514","33","6034","","0","","","","0","","0","0","","32","results_filter_new","","","26","3","1","complete","15","","","0.029537","",""
"gecode","","../filters/filter.mzn","../filters/dct_2_3.dzn","OPTIMAL_SOLUTION","0.45961300283670425","79","67","","","minimize","1","","0.16517","105","","","0.00092","105","3189","","","","","","0","","0","","","116","results_filter_new","","","75","1","","","16","171","","0.007435","",""
"Huub_user_s+o","","../filters/filter.mzn","../filters/dct_1_1.dzn","SATISFIED","1200.254702760838","67","4151950","49","4247550","minimize","","","0.16811","","","","0.007407","57","43361677","","0","","","","0","","0","0","","49","results_filter_new","","","75","1","8","complete","34","","","1199.842842","",""
"cp-sat","","../filters/filter.mzn","../filters/dct_2_3.dzn","SATISFIED","1200.3614295599982","","67","","","minimize","","7","0.169394","","","","","105","852","","","","","","","","0","","","","results_filter_new","","","75","1","","","16","","","0.007943","158",""
"chuffed","","../filters/filter.mzn","../filters/fir_1_2.dzn","OPTIMAL_SOLUTION","0.7060368554666638","645","434","","","minimize","","","0.190835","5260","0.008","0.01","0.009","32","114538","937103506","","127","","33","3","434","0","","310","27","results_filter_new","213","0.0","333","3","","","15","720","310","0.016","5225","0.0"
"Huub_user_s+o","","../filters/filter.mzn","../filters/ewf_2_2.dzn","OPTIMAL_SOLUTION","1.230484283529222","49","123","35","954","minimize","","","0.26823","","","","0.006105","77","3168","","0","","","","0","","0","0","","57","results_filter_new","","","57","3","8","complete","18","","","0.054761","",""
"Huub_user_m+s","","../filters/filter.mzn","../filters/dct_3_3.dzn","SATISFIED","1200.2439967226237","67","3887100","97","13064055","minimize","","","0.180647","","","","0.007669","105","51179393","","0","","","","0","","0","0","","83","results_filter_new","","","75","3","8","complete","14","","","1199.812647","",""
"Huub_user_m+s","","../filters/filter.mzn","../filters/dct_2_2.dzn","SATISFIED","1200.2612117733806","67","5966635","49","7546638","minimize","","","0.170848","","","","0.007628","105","46540480","","0","","","","0","","0","0","","75","results_filter_new","","","75","4","8","complete","18","","","1199.836272","",""
"Huub_user_m+o","","../filters/filter.mzn","../filters/dct_2_2.dzn","SATISFIED","1200.3140190429986","67","6574423","49","8168504","minimize","","","0.183822","","","","0.007715","105","48798657","","0","","","","0","","0","0","","74","results_filter_new","","","75","5","8","complete","18","","","1199.809897","",""
"Huub_user_s+o","","../filters/filter.mzn","../filters/ar_1_2.dzn","OPTIMAL_SOLUTION","1.499341458082199","33","10332","29","32840","minimize","","","0.172996","","","","0.007134","49","200970","","0","","","","0","","0","0","","37","results_filter_new","","","37","4","4","complete","18","","","0.809397","",""
"Huub_user_decomp","","../filters/filter.mzn","../filters/dct_3_4.dzn","OPTIMAL_SOLUTION","154.70810542814434","2497","1851577","97","3067341","minimize","","","0.257994","","","","0.034394","105","322700971","","4527","608","2432","","0","","0","0","2432","3060","results_filter_new","","","2505","4","8","complete","11","","","154.137182","",""
"gecode","","../filters/filter.mzn","../filters/dfq_1_1.dzn","OPTIMAL_SOLUTION","1.083703076466918","18","5","","","minimize","1","","0.268857","26","","","0.00048","26","98","","","","","","0","","0","","","20","results_filter_new","","","14","1","","","4","22","","0.003807","",""
"Huub_user_basic","","../filters/filter.mzn","../filters/ewf_4_3.dzn","OPTIMAL_SOLUTION","0.6412833100184798","49","19","69","180","minimize","","","0.167577","","","","0.006213","77","772","","0","","","","0","","0","0","","67","results_filter_new","","","57","2","8","complete","17","","","0.016282","",""
"gecode","","../filters/filter.mzn","../filters/fir_1_4.dzn","OPTIMAL_SOLUTION","10.221430617384613","29","2322990","","","minimize","3","","0.17213","63","","","0.000632","33","27202243","","","","","","0","","0","","","31","results_filter_new","","","26","3","","","15","4646003","","9.68075","",""
"cp-sat","","../filters/filter.mzn","../filters/dct_2_2.dzn","SATISFIED","1200.6657537305728","","101","","","minimize","","7","0.179505","","","","","105","1193","","","","","","","","0","","","","results_filter_new","","","75","1","","","18","","","0.033239","197",""
"Huub_user_m+s","","../filters/filter.mzn","../filters/ewf_4_3.dzn","OPTIMAL_SOLUTION","0.4299146356061101","49","19","69","180","minimize","","","0.170829","","","","0.006257","77","772","","0","","","","0","","0","0","","67","results_filter_new","","","57","2","8","complete","17","","","0.016624","",""
"Huub_user_no_gen_bounds","","../filters/filter.mzn","../filters/ar_2_4.dzn","OPTIMAL_SOLUTION","0.628830311819911","33","5589","45","8602","minimize","","","0.168664","","","","0.006476","61","20277","","0","","","","0","","0","0","","47","results_filter_new","","","37","2","4","complete","11","","","0.226118","",""
"gecode","","../filters/filter.mzn","../filters/ewf_1_2.dzn","SATISFIED","1200.6468748636544","60","318435688","","","minimize","1","","0.289177","103","","","0.016202","51","3435760072","","","","","","0","","0","","","52","results_filter_new","","","57","1","","","28","636871409","","1199.71","",""
"gecode","","../filters/filter.mzn","../filters/dct_3_4.dzn","OPTIMAL_SOLUTION","0.922813368961215","79","161","","","minimize","2","","0.194708","105","","","0.014014","105","4128","","","","","","0","","0","","","104","results_filter_new","","","75","2","","","11","399","","0.019479","",""
"Huub_user_decomp","","../filters/filter.mzn","../filters/ewf_4_3.dzn","OPTIMAL_SOLUTION","0.8472525030374527","1391","19","69","179","minimize","","","0.224156","","","","0.022967","77","18688","","3432","336","1344","","0","","0","0","1344","1780","results_filter_new","","","1399","2","8","complete","17","","","0.010774","",""
"Huub_user_m+s","","../filters/filter.mzn","../filters/ewf_1_1.dzn","OPTIMAL_SOLUTION","0.6665590070188046","49","3231","35","3351","minimize","","","0.168293","","","","0.006121","43","28811","","0","","","","0","","0","0","","35","results_filter_new","","","57","1","8","complete","28","","","0.250146","",""
"Huub_user_decomp","","../filters/filter.mzn","../filters/dct_1_1.dzn","SATISFIED","1200.360094071366","1281","4841664","49","4913132","minimize","","","0.270545","","","","0.021511","57","1082330751","","1216","608","1216","","0","","0","0","1216","1265","results_filter_new","","","1289","1","8","complete","34","","","1199.724612","",""
"Huub_user_s+o","","../filters/filter.mzn","../filters/dct_3_4.dzn","SATISFIED","1200.9949785647914","67","4106186","97","14397471","minimize","","","0.26669","","","","0.008663","105","43097363","","0","","","","0","","0","0","","83","results_filter_new","","","75","3","8","complete","11","","","1199.718432","",""
"Huub_user_diffn","","../filters/filter.mzn","../filters/fir_1_1.dzn","OPTIMAL_SOLUTION","1.078577789478004","25","2354","24","2385","minimize","","","0.285188","","","","0.005703","25","20606","","0","","","","0","","0","0","","24","results_filter_new","","","26","1","1","complete","18","","","0.091483","",""
"Huub_user_s+o","","../filters/filter.mzn","../filters/fir_1_1.dzn","OPTIMAL_SOLUTION","1.2828355664387345","25","2168","24","2200","minimize","","","0.27633","","","","0.005371","25","19370","","0","","","","0","","0","0","","24","results_filter_new","","","26","1","1","complete","18","","","0.079982","",""
"Huub_user_s+o","","../filters/filter.mzn","../filters/fir_1_2.dzn","OPTIMAL_SOLUTION","0.4302473859861493","25","621","24","724","minimize","","","0.167076","","","","0.005488","33","6016","","0","","","","0","","0","0","","27","results_filter_new","","","26","3","1","complete","15","","","0.030182","",""
"Huub_user_no_gen_bounds","","../filters/filter.mzn","../filters/ewf_1_1.dzn","OPTIMAL_SOLUTION","0.747908852994442","49","3614","35","3773","minimize","","","0.184609","","","","0.007389","43","28808","","0","","","","0","","0","0","","35","results_filter_new","","","57","1","8","complete","28","","","0.287346","",""
"gecode","","../filters/filter.mzn","../filters/ar_1_3.dzn","OPTIMAL_SOLUTION","536.5354552064091","40","92082365","","","minimize","4","","0.169971","73","","","0.000657","49","1133161167","","","","","","0","","0","","","49","results_filter_new","","","37","4","","","16","184164774","","536.082","",""
"Huub_user_diffn","","../filters/filter.mzn","../filters/dct_3_3.dzn","SATISFIED","1200.9664866812527","67","3508893","97","13086032","minimize","","","0.266017","","","","0.009302","105","51602143","","0","","","","0","","0","0","","83","results_filter_new","","","75","2","8","complete","14","","","1199.724227","",""
"chuffed","","../filters/filter.mzn","../filters/ar_2_3.dzn","OPTIMAL_SOLUTION","0.504172739572823","1482","383","","","minimize","","","0.210808","8062","0.02","0.02","0.016","64","159073","-2001602409","","180","","63","2","383","0","","720","52","results_filter_new","3062","0.0","757","2","","","15","3546","720","0.021","7997","0.0"
"Huub_user_m+o","","../filters/filter.mzn","../filters/dct_1_3.dzn","OPTIMAL_SOLUTION","65.85673975758255","67","334746","65","338625","minimize","","","0.169928","","","","0.008411","73","2260729","","0","","","","0","","0","0","","60","results_filter_new","","","75","1","8","complete","32","","","65.196779","",""
"Huub_user_basic","","../filters/filter.mzn","../filters/fir16_1_1.dzn","OPTIMAL_SOLUTION","25.79298589285463","35","215678","34","216154","minimize","","","0.169354","","","","0.006423","35","1480120","","0","","","","0","","0","0","","34","results_filter_new","","","36","6","1","complete","35","","","25.288349","",""
"gecode","","../filters/filter.mzn","../filters/ewf_1_1.dzn","SATISFIED","1200.22035847418","59","299290551","","","minimize","1","","0.176832","111","","","0.000773","43","3343656624","","","","","","0","","0","","","53","results_filter_new","","","57","1","","","28","598581135","","1199.82","",""
"Huub_user_basic","","../filters/filter.mzn","../filters/fir_1_1.dzn","OPTIMAL_SOLUTION","1.0680298656225204","25","1725","24","1751","minimize","","","0.288579","","","","0.005896","25","16532","","0","","","","0","","0","0","","24","results_filter_new","","","26","1","1","complete","18","","","0.063795","",""
"chuffed","","../filters/filter.mzn","../filters/ewf_1_2.dzn","OPTIMAL_SOLUTION","0.7236444866284728","1526","2848","","","minimize","","","0.225035","10778","0.006","0.02","0.018","58","715667","-1363599499","","336","","58","1","2848","0","","728","40","results_filter_new","2186","0.0","789","1","","","28","5074","728","0.068","10718","0.0"
"Huub_user_decomp","","../filters/filter.mzn","../filters/ewf_1_2.dzn","OPTIMAL_SOLUTION","0.5647372854873538","775","2677","35","2868","minimize","","","0.217592","","","","0.015652","51","376721","","746","336","728","","0","","0","0","728","786","results_filter_new","","","783","1","8","complete","28","","","0.089511","",""
"Huub_user_m+o","","../filters/filter.mzn","../filters/fir_1_4.dzn","OPTIMAL_SOLUTION","0.5763562405481935","25","621","32","739","minimize","","","0.176288","","","","0.006285","33","6034","","0","","","","0","","0","0","","32","results_filter_new","","","26","3","1","complete","15","","","0.028855","",""
"Huub_user_m+s","","../filters/filter.mzn","../filters/dct_1_2.dzn","OPTIMAL_SOLUTION","65.9537722831592","67","337027","49","341529","minimize","","","0.282225","","","","0.008663","73","2291620","","0","","","","0","","0","0","","55","results_filter_new","","","75","1","8","complete","32","","","64.272101","",""
"chuffed","","../filters/filter.mzn","../filters/fir_1_1.dzn","OPTIMAL_SOLUTION","0.500885964371264","533","2126","","","minimize","","","0.189861","5156","0.004","0.01","0.008","24","448275","-461278804","","127","","25","1","2126","0","","254","24","results_filter_new","279","0.0","277","1","","","18","2429","254","0.039","5129","0.0"
"chuffed","","../filters/filter.mzn","../filters/fir16_1_2.dzn","OPTIMAL_SOLUTION","0.7685771631076932","1543","4001","","","minimize","","","0.222641","7798","0.066","0.02","0.015","51","832619","-682652285","","241","","52","1","4001","0","","754","43","results_filter_new","3600","0.0","787","1","","","19","7644","754","0.067","7744","0.0"
"Huub_user_s+o","","../filters/filter.mzn","../filters/fir16_1_3.dzn","OPTIMAL_SOLUTION","6.989750599488616","35","58282","51","227393","minimize","","","0.173439","","","","0.005932","52","785599","","0","","","","0","","0","0","","46","results_filter_new","","","36","8","1","complete","18","","","6.541307","",""
"Huub_user_m+s","","../filters/filter.mzn","../filters/dct_3_4.dzn","SATISFIED","1201.0706773074344","67","3936803","97","15118083","minimize","","","0.284567","","","","0.008867","105","46021170","","0","","","","0","","0","0","","83","results_filter_new","","","75","3","8","complete","11","","","1199.705743","",""
"Huub_user_s+o","","../filters/filter.mzn","../filters/ar_2_3.dzn","OPTIMAL_SOLUTION","0.9328009355813265","33","6214","45","26893","minimize","","","0.172027","","","","0.005883","61","91532","","0","","","","0","","0","0","","52","results_filter_new","","","37","2","4","complete","15","","","0.478885","",""
"Huub_user_m+s","","../filters/filter.mzn","../filters/ar_1_2.dzn","OPTIMAL_SOLUTION","1.5744333378970623","33","10265","29","34498","minimize","","","0.175075","","","","0.006576","49","208208","","0","","","","0","","0","0","","37","results_filter_new","","","37","4","4","complete","18","","","0.806651","",""
"Huub_user_basic","","../filters/filter.mzn","../filters/dfq_1_2.dzn","OPTIMAL_SOLUTION","0.5477673448622227","11","14","18","44","minimize","","","0.184213","","","","0.005619","26","134","","0","","","","0","","0","0","","20","results_filter_new","","","14","1","3","complete","6","","","0.003926","",""
"Huub_user_diffn","","../filters/filter.mzn","../filters/ar_1_2.dzn","OPTIMAL_SOLUTION","1.1808541370555758","33","9982","29","32278","minimize","","","0.166423","","","","0.006602","49","197210","","0","","","","0","","0","0","","37","results_filter_new","","","37","4","4","complete","18","","","0.776921","",""
"gecode","","../filters/filter.mzn","../filters/ar_1_2.dzn","OPTIMAL_SOLUTION","2.4322396414354444","40","272527","","","minimize","4","","0.174367","73","","","0.002693","49","4853726","","","","","","0","","0","","","39","results_filter_new","","","37","4","","","18","545090","","1.81388","",""
"Huub_user_m+s","","../filters/filter.mzn","../filters/dct_2_3.dzn","SATISFIED","1200.5443184925243","67","7736015","65","9815366","minimize","","","0.173985","","","","0.008395","105","52006077","","0","","","","0","","0","0","","76","results_filter_new","","","75","2","8","complete","16","","","1199.824206","",""
"Huub_user_diffn","","../filters/filter.mzn","../filters/dfq_1_2.dzn","OPTIMAL_SOLUTION","0.4724718062207103","11","14","18","44","minimize","","","0.170618","","","","0.00474","26","134","","0","","","","0","","0","0","","20","results_filter_new","","","14","1","3","complete","6","","","0.003861","",""
"Huub_user_diffn","","../filters/filter.mzn","../filters/ewf_1_2.dzn","OPTIMAL_SOLUTION","0.6654399409890175","49","2738","35","2955","minimize","","","0.167762","","","","0.007207","51","24744","","0","","","","0","","0","0","","40","results_filter_new","","","57","1","8","complete","28","","","0.213434","",""
"gecode","","../filters/filter.mzn","../filters/fir_1_1.dzn","OPTIMAL_SOLUTION","1.0058889398351312","28","3","","","minimize","1","","0.336803","71","","","0.021415","25","404","","","","","","0","","0","","","23","results_filter_new","","","26","1","","","18","24","","0.010761","",""
"Huub_user_basic","","../filters/filter.mzn","../filters/dct_1_1.dzn","OPTIMAL_SOLUTION","1021.2585555640981","67","3236028","49","3338082","minimize","","","0.169585","","","","0.008239","57","32762569","","0","","","","0","","0","0","","49","results_filter_new","","","75","1","8","complete","34","","","1020.748015","",""
"gecode","","../filters/filter.mzn","../filters/dct_1_1.dzn","OPTIMAL_SOLUTION","0.812203579582274","77","6","","","minimize","1","","0.187764","153","","","0.014979","57","1595","","","","","","0","","0","","","48","results_filter_new","","","75","1","","","34","49","","0.015039","",""
"chuffed","","../filters/filter.mzn","../filters/dct_4_4.dzn","SATISFIED","1200.5721987970173","4936","6536460","","","minimize","","","0.295311","15758","1.541","0.05","0.041","112","6402333650","-926235168","","606","","111","2","6536460","0","","2424","87","results_filter_new","38567513","0.0","2503","2","","","10","45104177","2424","1199.701","15645","0.0"
"Huub_user_s+o","","../filters/filter.mzn","../filters/ewf_1_1.dzn","OPTIMAL_SOLUTION","0.6821263637393713","49","3364","35","3491","minimize","","","0.169221","","","","0.006082","43","29004","","0","","","","0","","0","0","","35","results_filter_new","","","57","1","8","complete","28","","","0.269132","",""
"Huub_user_s+o","","../filters/filter.mzn","../filters/dct_2_2.dzn","SATISFIED","1202.2523874128237","67","6440294","49","8126382","minimize","","","0.199093","","","","0.008371","105","47867123","","0","","","","0","","0","0","","76","results_filter_new","","","75","4","8","complete","18","","","1199.770868","",""
"Huub_user_decomp","","../filters/filter.mzn","../filters/fir_1_3.dzn","OPTIMAL_SOLUTION","0.45211427100002766","333","623","32","738","minimize","","","0.183861","","","","0.010055","33","56917","","990","127","310","","0","","0","0","310","362","results_filter_new","","","334","3","1","complete","15","","","0.022171","",""
"Huub_user_basic","","../filters/filter.mzn","../filters/fir_2_3.dzn","OPTIMAL_SOLUTION","0.48293619975447655","25","489","32","2302","minimize","","","0.182928","","","","0.006441","48","5751","","0","","","","0","","0","0","","39","results_filter_new","","","26","3","1","complete","10","","","0.051549","",""
"Huub_user_m+o","","../filters/filter.mzn","../filters/ar_2_4.dzn","OPTIMAL_SOLUTION","0.7389482893049717","33","5589","45","8602","minimize","","","0.175801","","","","0.006828","61","20165","","0","","","","0","","0","0","","47","results_filter_new","","","37","2","4","complete","11","","","0.221871","",""
"Huub_user_no_gen_bounds","","../filters/filter.mzn","../filters/ar_2_3.dzn","OPTIMAL_SOLUTION","0.8688292885199189","33","5400","45","23934","minimize","","","0.166642","","","","0.007127","61","81296","","0","","","","0","","0","0","","52","results_filter_new","","","37","2","4","complete","15","","","0.417402","",""
"cp-sat","","../filters/filter.mzn","../filters/fir16_1_1.dzn","OPTIMAL_SOLUTION","0.4463383536785841","","1","","","minimize","","35","0.173423","","","","","35","223","","","","","","","","0","","","","results_filter_new","","","36","1","","","35","","","0.008373","33",""
"Huub_user_s+o","","../filters/filter.mzn","../filters/fir_1_4.dzn","OPTIMAL_SOLUTION","0.46508566197007895","25","621","32","739","minimize","","","0.169255","","","","0.005436","33","6034","","0","","","","0","","0","0","","32","results_filter_new","","","26","3","1","complete","15","","","0.029908","",""
"chuffed","","../filters/filter.mzn","../filters/dfq_1_1.dzn","OPTIMAL_SOLUTION","1.0969655252993107","177","6","","","minimize","","","0.27262","3424","0.003","0.0","0.005","28","881","-1027189350","","20","","27","1","6","0","","80","20","results_filter_new","21","0.0","93","1","","","4","47","80","0.003","3395","0.0"
"gecode","","../filters/filter.mzn","../filters/fir16_1_3.dzn","OPTIMAL_SOLUTION","0.8321790834888816","39","6","","","minimize","1","","0.190237","84","","","0.017184","52","446","","","","","","0","","0","","","45","results_filter_new","","","36","1","","","18","46","","0.010425","",""
"cp-sat","","../filters/filter.mzn","../filters/dct_1_1.dzn","OPTIMAL_SOLUTION","0.8491253135725856","","1","","","minimize","","34","0.196183","","","","","57","626","","","","","","","","0","","","","results_filter_new","","","75","1","","","34","","","0.039393","48",""
"Huub_user_decomp","","../filters/filter.mzn","../filters/dct_4_4.dzn","OPTIMAL_SOLUTION","498.03698344156146","2497","4031256","97","9178347","minimize","","","0.257985","","","","0.035304","105","1005331490","","4198","608","2432","","0","","0","0","2432","3106","results_filter_new","","","2505","3","8","complete","10","","","497.445719","",""
"Huub_user_m+o","","../filters/filter.mzn","../filters/ewf_2_2.dzn","OPTIMAL_SOLUTION","1.2662648959085345","49","123","35","954","minimize","","","0.271769","","","","0.006134","77","3168","","0","","","","0","","0","0","","57","results_filter_new","","","57","3","8","complete","18","","","0.055032","",""
"Huub_user_m+o","","../filters/filter.mzn","../filters/ar_1_1.dzn","OPTIMAL_SOLUTION","1.9297515470534563","33","12257","29","12610","minimize","","","0.272297","","","","0.005684","33","114599","","0","","","","0","","0","0","","29","results_filter_new","","","37","1","4","complete","34","","","0.741466","",""
"Huub_user_no_gen_bounds","","../filters/filter.mzn","../filters/fir16_1_3.dzn","OPTIMAL_SOLUTION","8.406475563533604","35","63263","51","250746","minimize","","","0.170781","","","","0.005975","52","922309","","0","","","","0","","0","0","","46","results_filter_new","","","36","8","1","complete","18","","","7.772402","",""
"Huub_user_basic","","../filters/filter.mzn","../filters/ar_2_3.dzn","OPTIMAL_SOLUTION","0.9002433763816953","33","5147","45","22850","minimize","","","0.172731","","","","0.007202","61","77759","","0","","","","0","","0","0","","52","results_filter_new","","","37","2","4","complete","15","","","0.380008","",""
"cp-sat","","../filters/filter.mzn","../filters/ar_2_3.dzn","OPTIMAL_SOLUTION","0.41387666016817093","","83","","","minimize","","15","0.167056","","","","","61","3972","","","","","","","","0","","","","results_filter_new","","","37","2","","","15","","","0.015031","97",""
"chuffed","","../filters/filter.mzn","../filters/ewf_2_2.dzn","OPTIMAL_SOLUTION","0.6591096669435501","2758","30","","","minimize","","","0.22801","11546","0.014","0.04","0.025","84","42455","1094875238","","336","","83","3","30","0","","1344","57","results_filter_new","239","0.0","1405","3","","","18","410","1344","0.014","11461","0.0"
"Huub_user_basic","","../filters/filter.mzn","../filters/dct_4_4.dzn","SATISFIED","1200.2354301847517","67","3253968","97","15097987","minimize","","","0.161874","","","","0.007666","105","40271468","","0","","","","0","","0","0","","87","results_filter_new","","","75","4","8","complete","10","","","1199.831943","",""
"Huub_user_diffn","","../filters/filter.mzn","../filters/dct_1_1.dzn","SATISFIED","1200.826162200421","67","4032036","49","4122053","minimize","","","0.173157","","","","0.007435","57","42356023","","0","","","","0","","0","0","","49","results_filter_new","","","75","1","8","complete","34","","","1199.833113","",""
"Huub_user_no_gen_bounds","","../filters/filter.mzn","../filters/dct_3_4.dzn","SATISFIED","1200.3273801598698","67","4240083","97","15089674","minimize","","","0.170719","","","","0.008854","105","45569076","","0","","","","0","","0","0","","83","results_filter_new","","","75","3","8","complete","11","","","1199.822355","",""
"Huub_user_diffn","","../filters/filter.mzn","../filters/ewf_1_1.dzn","OPTIMAL_SOLUTION","0.718497559428215","49","3364","35","3491","minimize","","","0.169385","","","","0.006112","43","29004","","0","","","","0","","0","0","","35","results_filter_new","","","57","1","8","complete","28","","","0.264175","",""
"Huub_user_basic","","../filters/filter.mzn","../filters/fir_1_3.dzn","OPTIMAL_SOLUTION","0.5305772023275495","25","621","32","739","minimize","","","0.169171","","","","0.006201","33","6034","","0","","","","0","","0","0","","32","results_filter_new","","","26","3","1","complete","15","","","0.028829","",""
"gecode","","../filters/filter.mzn","../filters/fir16_1_1.dzn","OPTIMAL_SOLUTION","0.47098797000944614","38","5","","","minimize","1","","0.171624","101","","","0.000682","35","902","","","","","","0","","0","","","33","results_filter_new","","","36","1","","","35","35","","0.006864","",""
"Huub_user_basic","","../filters/filter.mzn","../filters/ewf_1_1.dzn","OPTIMAL_SOLUTION","0.6731891557574272","49","3231","35","3351","minimize","","","0.173867","","","","0.006006","43","28811","","0","","","","0","","0","0","","35","results_filter_new","","","57","1","8","complete","28","","","0.245992","",""
"chuffed","","../filters/filter.mzn","../filters/dct_2_3.dzn","SATISFIED","1200.4551654914394","4936","7776304","","","minimize","","","0.282371","15598","0.09","0.05","0.04","112","1610239573","-1465006912","","606","","111","1","7776304","0","","2424","76","results_filter_new","4756597","0.0","2503","1","","","16","12533005","2424","1199.715","15485","0.0"
"cp-sat","","../filters/filter.mzn","../filters/dfq_1_1.dzn","OPTIMAL_SOLUTION","1.4131417945027351","","1","","","minimize","","4","0.320157","","","","","26","44","","","","","","","","0","","","","results_filter_new","","","14","1","","","4","","","0.030314","21",""
"Huub_user_m+o","","../filters/filter.mzn","../filters/ewf_4_3.dzn","OPTIMAL_SOLUTION","0.4488995149731636","49","19","69","180","minimize","","","0.175347","","","","0.008303","77","772","","0","","","","0","","0","0","","67","results_filter_new","","","57","2","8","complete","17","","","0.01676","",""
"chuffed","","../filters/filter.mzn","../filters/fir16_1_3.dzn","OPTIMAL_SOLUTION","1.292022716253996","1543","15909","","","minimize","","","0.254322","7832","0.57","0.02","0.016","51","6062875","203717097","","241","","52","1","15909","0","","754","46","results_filter_new","54486","0.0","787","1","","","18","70441","754","0.572","7778","0.0"
"Huub_user_no_gen_bounds","","../filters/filter.mzn","../filters/ar_1_3.dzn","OPTIMAL_SOLUTION","0.575449738651514","33","1331","45","5504","minimize","","","0.172613","","","","0.006759","49","29575","","0","","","","0","","0","0","","42","results_filter_new","","","37","3","4","complete","16","","","0.148828","",""
"chuffed","","../filters/filter.mzn","../filters/fir_1_4.dzn","OPTIMAL_SOLUTION","0.591394416987896","645","434","","","minimize","","","0.189672","5292","0.008","0.01","0.009","32","114664","297790589","","127","","33","3","434","0","","310","32","results_filter_new","213","0.0","333","3","","","15","735","310","0.016","5257","0.0"
"Huub_user_m+o","","../filters/filter.mzn","../filters/ewf_1_2.dzn","OPTIMAL_SOLUTION","0.7036602851003408","49","2738","35","2955","minimize","","","0.169106","","","","0.006805","51","24744","","0","","","","0","","0","0","","40","results_filter_new","","","57","1","8","complete","28","","","0.206917","",""
"gecode","","../filters/filter.mzn","../filters/fir16_1_2.dzn","OPTIMAL_SOLUTION","0.44433582201600075","39","6","","","minimize","1","","0.1661","84","","","0.002645","52","528","","","","","","0","","0","","","42","results_filter_new","","","36","1","","","19","43","","0.006121","",""
"Huub_user_decomp","","../filters/filter.mzn","../filters/dct_3_3.dzn","SATISFIED","1200.5947288740426","2497","8074072","97","8516563","minimize","","","0.260104","","","","0.036029","105","746828123","","6468","608","2432","","0","","0","0","2432","3057","results_filter_new","","","2505","3","8","complete","14","","","1199.704877","",""
"Huub_user_m+s","","../filters/filter.mzn","../filters/ewf_2_1.dzn","OPTIMAL_SOLUTION","0.4453378161415458","49","5","35","110","minimize","","","0.17191","","","","0.006294","69","885","","0","","","","0","","0","0","","54","results_filter_new","","","57","2","8","complete","21","","","0.012564","",""
"Huub_user_decomp","","../filters/filter.mzn","../filters/ar_1_1.dzn","OPTIMAL_SOLUTION","1.3779937159270048","391","10350","29","10665","minimize","","","0.319001","","","","0.009583","33","912180","","360","180","360","","0","","0","0","360","389","results_filter_new","","","395","1","4","complete","34","","","0.32915","",""
"Huub_user_m+s","","../filters/filter.mzn","../filters/ewf_1_2.dzn","OPTIMAL_SOLUTION","0.6168898595497012","49","2738","35","2955","minimize","","","0.165596","","","","0.006103","51","24744","","0","","","","0","","0","0","","40","results_filter_new","","","57","1","8","complete","28","","","0.207744","",""
"Huub_user_no_gen_bounds","","../filters/filter.mzn","../filters/fir16_1_1.dzn","OPTIMAL_SOLUTION","19.174868597649038","35","150350","34","150914","minimize","","","0.171433","","","","0.006697","35","1334002","","0","","","","0","","0","0","","34","results_filter_new","","","36","6","1","complete","35","","","18.73463","",""
"Huub_user_basic","","../filters/filter.mzn","../filters/ar_1_3.dzn","OPTIMAL_SOLUTION","0.6247700294479728","33","1124","45","4827","minimize","","","0.175004","","","","0.006382","49","25624","","0","","","","0","","0","0","","42","results_filter_new","","","37","3","4","complete","16","","","0.114661","",""
"Huub_user_m+s","","../filters/filter.mzn","../filters/ar_2_4.dzn","OPTIMAL_SOLUTION","0.6606187066063285","33","6056","45","9348","minimize","","","0.171857","","","","0.005969","61","21998","","0","","","","0","","0","0","","47","results_filter_new","","","37","2","4","complete","11","","","0.23797","",""
"Huub_user_basic","","../filters/filter.mzn","../filters/ar_1_1.dzn","OPTIMAL_SOLUTION","1.5585821717977524","33","10642","29","10973","minimize","","","0.281056","","","","0.006328","33","101701","","0","","","","0","","0","0","","29","results_filter_new","","","37","1","4","complete","34","","","0.546235","",""
"Huub_user_decomp","","../filters/filter.mzn","../filters/ar_2_4.dzn","OPTIMAL_SOLUTION","0.5089425696060061","751","1185","45","3558","minimize","","","0.217169","","","","0.014686","61","133191","","1737","180","720","","0","","0","0","720","916","results_filter_new","","","755","2","4","complete","11","","","0.037861","",""
"Huub_user_basic","","../filters/filter.mzn","../filters/dfq_1_1.dzn","OPTIMAL_SOLUTION","0.40210341941565275","11","7","18","32","minimize","","","0.167307","","","","0.00515","26","95","","0","","","","0","","0","0","","20","results_filter_new","","","14","1","3","complete","4","","","0.003636","",""
"Huub_user_m+s","","../filters/filter.mzn","../filters/fir16_1_1.dzn","OPTIMAL_SOLUTION","25.712739187292755","35","217283","34","217764","minimize","","","0.171754","","","","0.005991","35","1476525","","0","","","","0","","0","0","","34","results_filter_new","","","36","6","1","complete","35","","","25.28784","",""
"Huub_user_basic","","../filters/filter.mzn","../filters/fir_1_4.dzn","OPTIMAL_SOLUTION","0.5436814958229661","25","621","32","739","minimize","","","0.192792","","","","0.006383","33","6034","","0","","","","0","","0","0","","32","results_filter_new","","","26","3","1","complete","15","","","0.02881","",""
"cp-sat","","../filters/filter.mzn","../filters/ar_1_3.dzn","OPTIMAL_SOLUTION","0.4951449427753687","","248","","","minimize","","16","0.178956","","","","","49","7920","","","","","","","","0","","","","results_filter_new","","","37","4","","","16","","","0.024125","129",""
"Huub_user_m+s","","../filters/filter.mzn","../filters/fir_1_4.dzn","OPTIMAL_SOLUTION","0.45012328028678894","25","621","32","739","minimize","","","0.169197","","","","0.005575","33","6034","","0","","","","0","","0","0","","32","results_filter_new","","","26","3","1","complete","15","","","0.02955","",""
"Huub_user_no_gen_bounds","","../filters/filter.mzn","../filters/fir_1_2.dzn","OPTIMAL_SOLUTION","0.4589311461895704","25","621","24","724","minimize","","","0.189679","","","","0.006262","33","5773","","0","","","","0","","0","0","","27","results_filter_new","","","26","3","1","complete","15","","","0.03421","",""
"cp-sat","","../filters/filter.mzn","../filters/ewf_1_1.dzn","OPTIMAL_SOLUTION","0.4207042995840311","","4","","","minimize","","28","0.172075","","","","","43","406","","","","","","","","0","","","","results_filter_new","","","57","1","","","28","","","0.008984","36",""
"chuffed","","../filters/filter.mzn","../filters/dct_1_1.dzn","SATISFIED","1200.6781944613904","2512","10175892","","","minimize","","","0.272083","14070","0.008","0.05","0.028","64","10347499581","1105974601","","606","","64","1","10175892","0","","1212","49","results_filter_new","9768008","0.0","1291","1","","","34","19943977","1212","1199.724","14004","0.0"
"cp-sat","","../filters/filter.mzn","../filters/fir16_1_3.dzn","OPTIMAL_SOLUTION","0.8384355837479234","","80","","","minimize","","18","0.181725","","","","","52","328","","","","","","","","0","","","","results_filter_new","","","36","1","","","18","","","0.036015","125",""
"Huub_user_no_gen_bounds","","../filters/filter.mzn","../filters/dct_2_2.dzn","SATISFIED","1200.4988590953872","67","6123800","49","7696462","minimize","","","0.180685","","","","0.007542","105","46394834","","0","","","","0","","0","0","","74","results_filter_new","","","75","5","8","complete","18","","","1199.816022","",""
"Huub_user_basic","","../filters/filter.mzn","../filters/dct_3_3.dzn","SATISFIED","1200.9803826129064","67","3996966","97","13486331","minimize","","","0.175869","","","","0.0079","105","52059124","","0","","","","0","","0","0","","83","results_filter_new","","","75","2","8","complete","14","","","1199.818795","",""
"Huub_user_decomp","","../filters/filter.mzn","../filters/ewf_1_1.dzn","OPTIMAL_SOLUTION","0.5951015204191208","719","3490","35","3639","minimize","","","0.221093","","","","0.014117","43","463341","","672","336","672","","0","","0","0","672","707","results_filter_new","","","727","1","8","complete","28","","","0.112559","",""
"Huub_user_no_gen_bounds","","../filters/filter.mzn","../filters/fir_2_2.dzn","OPTIMAL_SOLUTION","0.5515270829200745","25","363","24","2199","minimize","","","0.17019","","","","0.007223","48","6222","","0","","","","0","","0","0","","39","results_filter_new","","","26","3","1","complete","11","","","0.049531","",""
"Huub_user_diffn","","../filters/filter.mzn","../filters/fir16_1_3.dzn","OPTIMAL_SOLUTION","7.757979211397469","35","63263","51","250746","minimize","","","0.166684","","","","0.007618","52","880336","","0","","","","0","","0","0","","46","results_filter_new","","","36","8","1","complete","18","","","7.104513","",""
"Huub_user_basic","","../filters/filter.mzn","../filters/fir_1_2.dzn","OPTIMAL_SOLUTION","0.5764326034113765","25","621","24","724","minimize","","","0.171958","","","","0.006149","33","6016","","0","","","","0","","0","0","","27","results_filter_new","","","26","3","1","complete","15","","","0.028884","",""
"Huub_user_m+o","","../filters/filter.mzn","../filters/fir_1_2.dzn","OPTIMAL_SOLUTION","0.5533682247623801","25","621","24","724","minimize","","","0.174383","","","","0.006212","33","6016","","0","","","","0","","0","0","","27","results_filter_new","","","26","3","1","complete","15","","","0.029183","",""
"chuffed","","../filters/filter.mzn","../filters/ar_1_2.dzn","OPTIMAL_SOLUTION","0.7311688670888543","1242","2065","","","minimize","","","0.210659","7842","0.02","0.02","0.014","52","435665","-1446500655","","180","","52","4","2065","0","","600","37","results_filter_new","2147","0.0","637","4","","","18","4341","600","0.045","7788","0.0"
"cp-sat","","../filters/filter.mzn","../filters/fir16_1_2.dzn","OPTIMAL_SOLUTION","0.6805472960695624","","129","","","minimize","","19","0.215705","","","","","52","647","","","","","","","","0","","","","results_filter_new","","","36","1","","","19","","","0.010863","178",""
"Huub_user_diffn","","../filters/filter.mzn","../filters/fir_1_3.dzn","OPTIMAL_SOLUTION","0.47856989316642284","25","621","32","739","minimize","","","0.167153","","","","0.006796","33","6034","","0","","","","0","","0","0","","32","results_filter_new","","","26","3","1","complete","15","","","0.029683","",""
"Huub_user_s+o","","../filters/filter.mzn","../filters/dct_1_2.dzn","OPTIMAL_SOLUTION","65.646554463543","67","332378","49","337078","minimize","","","0.167979","","","","0.008652","73","2266676","","0","","","","0","","0","0","","55","results_filter_new","","","75","1","8","complete","32","","","64.984429","",""
"Huub_user_decomp","","../filters/filter.mzn","../filters/fir_1_2.dzn","OPTIMAL_SOLUTION","0.46413851249963045","333","623","24","723","minimize","","","0.198919","","","","0.009798","33","56842","","990","127","310","","0","","0","0","310","357","results_filter_new","","","334","3","1","complete","15","","","0.022096","",""
"Huub_user_m+o","","../filters/filter.mzn","../filters/fir_1_3.dzn","OPTIMAL_SOLUTION","0.5184960765764117","25","621","32","739","minimize","","","0.168705","","","","0.006327","33","6034","","0","","","","0","","0","0","","32","results_filter_new","","","26","3","1","complete","15","","","0.028914","",""
"Huub_user_m+o","","../filters/filter.mzn","../filters/ar_1_3.dzn","OPTIMAL_SOLUTION","0.6590908300131559","33","1333","45","5504","minimize","","","0.186614","","","","0.006701","49","28585","","0","","","","0","","0","0","","42","results_filter_new","","","37","3","4","complete","16","","","0.130834","",""
"Huub_user_m+s","","../filters/filter.mzn","../filters/ar_1_1.dzn","OPTIMAL_SOLUTION","1.8297531008720398","33","10625","29","10921","minimize","","","0.287085","","","","0.006744","33","100748","","0","","","","0","","0","0","","29","results_filter_new","","","37","1","4","complete","34","","","0.557758","",""
"gecode","","../filters/filter.mzn","../filters/dct_3_3.dzn","SATISFIED","1200.6914721690118","79","112985636","","","minimize","1","","0.198681","105","","","0.013706","105","1436268634","","","","","","0","","0","","","96","results_filter_new","","","75","1","","","14","225971340","","1199.8","",""
"Huub_user_s+o","","../filters/filter.mzn","../filters/ar_1_1.dzn","OPTIMAL_SOLUTION","1.9100190186873078","33","12343","29","12711","minimize","","","0.270638","","","","0.005775","33","115503","","0","","","","0","","0","0","","29","results_filter_new","","","37","1","4","complete","34","","","0.778735","",""
"Huub_user_diffn","","../filters/filter.mzn","../filters/fir_2_2.dzn","OPTIMAL_SOLUTION","0.47309480886906385","25","363","24","2199","minimize","","","0.165427","","","","0.005962","48","6068","","0","","","","0","","0","0","","39","results_filter_new","","","26","3","1","complete","11","","","0.04847","",""
"Huub_user_m+o","","../filters/filter.mzn","../filters/ewf_1_1.dzn","OPTIMAL_SOLUTION","0.7724343109875917","49","3364","35","3491","minimize","","","0.171132","","","","0.006989","43","29004","","0","","","","0","","0","0","","35","results_filter_new","","","57","1","8","complete","28","","","0.260382","",""
"Huub_user_m+o","","../filters/filter.mzn","../filters/dfq_1_2.dzn","OPTIMAL_SOLUTION","0.5460095545277","11","14","18","44","minimize","","","0.175945","","","","0.005655","26","134","","0","","","","0","","0","0","","20","results_filter_new","","","14","1","3","complete","6","","","0.003844","",""
"cp-sat","","../filters/filter.mzn","../filters/fir_1_4.dzn","OPTIMAL_SOLUTION","0.5657054260373116","","0","","","minimize","","15","0.17409","","","","","33","776","","","","","","","","0","","","","results_filter_new","","","26","3","","","15","","","0.012135","32",""
"Huub_user_m+s","","../filters/filter.mzn","../filters/dct_1_1.dzn","OPTIMAL_SOLUTION","977.5312166949734","67","3130523","49","3228345","minimize","","","0.164738","","","","0.007456","57","31563291","","0","","","","0","","0","0","","49","results_filter_new","","","75","1","8","complete","34","","","977.081167","",""
"Huub_user_decomp","","../filters/filter.mzn","../filters/ewf_2_2.dzn","OPTIMAL_SOLUTION","1.0634306278079748","1391","55","35","493","minimize","","","0.317466","","","","0.020796","77","47060","","4796","336","1344","","0","","0","0","1344","1663","results_filter_new","","","1399","3","8","complete","18","","","0.017201","",""
"Huub_user_m+s","","../filters/filter.mzn","../filters/ar_2_3.dzn","OPTIMAL_SOLUTION","0.8501026621088386","33","5399","45","24144","minimize","","","0.170557","","","","0.005961","61","82333","","0","","","","0","","0","0","","52","results_filter_new","","","37","2","4","complete","15","","","0.417989","",""
"Huub_user_no_gen_bounds","","../filters/filter.mzn","../filters/fir_1_4.dzn","OPTIMAL_SOLUTION","0.46146610099822283","25","621","32","739","minimize","","","0.171691","","","","0.006631","33","5791","","0","","","","0","","0","0","","32","results_filter_new","","","26","3","1","complete","15","","","0.034041","",""
"chuffed","","../filters/filter.mzn","../filters/fir_1_3.dzn","OPTIMAL_SOLUTION","0.6297149527817965","645","434","","","minimize","","","0.192009","5276","0.009","0.01","0.009","32","114664","44913912","","127","","33","3","434","0","","310","32","results_filter_new","213","0.0","333","3","","","15","735","310","0.017","5241","0.0"
"Huub_user_basic","","../filters/filter.mzn","../filters/fir16_1_3.dzn","OPTIMAL_SOLUTION","7.761710310354829","35","67794","51","267235","minimize","","","0.165863","","","","0.005966","52","940149","","0","","","","0","","0","0","","46","results_filter_new","","","36","7","1","complete","18","","","7.126656","",""
"chuffed","","../filters/filter.mzn","../filters/ewf_1_1.dzn","OPTIMAL_SOLUTION","0.5732180858030915","1414","3921","","","minimize","","","0.220119","10674","0.005","0.02","0.018","50","879422","1133721361","","336","","50","1","3921","0","","672","35","results_filter_new","1684","0.0","733","1","","","28","5640","672","0.089","10622","0.0"
"Huub_user_m+s","","../filters/filter.mzn","../filters/fir16_1_3.dzn","OPTIMAL_SOLUTION","7.414455005899072","35","66081","51","257161","minimize","","","0.164318","","","","0.005946","52","904168","","0","","","","0","","0","0","","46","results_filter_new","","","36","5","1","complete","18","","","7.012979","",""
"chuffed","","../filters/filter.mzn","../filters/dfq_1_2.dzn","OPTIMAL_SOLUTION","0.4140291167423129","177","7","","","minimize","","","0.175091","3424","0.003","0.0","0.005","28","967","-2109655496","","20","","27","1","7","0","","80","20","results_filter_new","22","0.0","93","1","","","6","49","80","0.003","3395","0.0"
"cp-sat","","../filters/filter.mzn","../filters/fir_2_2.dzn","OPTIMAL_SOLUTION","0.7261138362810016","","25","","","minimize","","11","0.207463","","","","","48","290","","","","","","","","0","","","","results_filter_new","","","26","1","","","11","","","0.008458","70",""
"Huub_user_basic","","../filters/filter.mzn","../filters/dct_1_2.dzn","OPTIMAL_SOLUTION","64.61335681006312","67","337027","49","341529","minimize","","","0.26708","","","","0.007471","73","2291620","","0","","","","0","","0","0","","55","results_filter_new","","","75","1","8","complete","32","","","63.402389","",""
"cp-sat","","../filters/filter.mzn","../filters/ar_1_1.dzn","OPTIMAL_SOLUTION","0.4748110957443714","","1","","","minimize","","34","0.170829","","","","","33","206","","","","","","","","0","","","","results_filter_new","","","37","1","","","34","","","0.008222","28",""
"Huub_user_diffn","","../filters/filter.mzn","../filters/dct_1_3.dzn","OPTIMAL_SOLUTION","67.25677781645209","67","334746","65","338625","minimize","","","0.167167","","","","0.007444","73","2260729","","0","","","","0","","0","0","","60","results_filter_new","","","75","1","8","complete","32","","","66.849069","",""
"Huub_user_decomp","","../filters/filter.mzn","../filters/dfq_1_2.dzn","OPTIMAL_SOLUTION","0.4417746579274535","89","13","18","43","minimize","","","0.173299","","","","0.006151","26","728","","91","20","80","","0","","0","0","80","111","results_filter_new","","","92","1","3","complete","6","","","0.00377","",""
"cp-sat","","../filters/filter.mzn","../filters/ar_1_2.dzn","OPTIMAL_SOLUTION","0.5351452995091677","","1894","","","minimize","","18","0.167984","","","","","49","136541","","","","","","","","0","","","","results_filter_new","","","37","4","","","18","","","0.093297","178",""
"Huub_user_basic","","../filters/filter.mzn","../filters/fir16_1_2.dzn","OPTIMAL_SOLUTION","39.34700544551015","35","240105","34","1477291","minimize","","","0.168561","","","","0.005886","52","6721052","","0","","","","0","","0","0","","43","results_filter_new","","","36","11","1","complete","19","","","38.930412","",""
"gecode","","../filters/filter.mzn","../filters/dct_4_4.dzn","OPTIMAL_SOLUTION","0.5052640633657575","79","2087","","","minimize","2","","0.169461","105","","","0.000918","105","30651","","","","","","0","","0","","","96","results_filter_new","","","75","2","","","10","4267","","0.035222","",""
"Huub_user_s+o","","../filters/filter.mzn","../filters/ar_1_3.dzn","OPTIMAL_SOLUTION","0.5697247348725796","33","1370","45","5543","minimize","","","0.177439","","","","0.005883","49","28925","","0","","","","0","","0","0","","42","results_filter_new","","","37","3","4","complete","16","","","0.139774","",""
"Huub_user_diffn","","../filters/filter.mzn","../filters/dct_3_4.dzn","SATISFIED","1200.2631535055116","67","4239771","97","15123822","minimize","","","0.18296","","","","0.007884","105","44709135","","0","","","","0","","0","0","","83","results_filter_new","","","75","3","8","complete","11","","","1199.808745","",""
"Huub_user_s+o","","../filters/filter.mzn","../filters/ar_2_4.dzn","OPTIMAL_SOLUTION","0.6429672352969646","33","5429","45","8413","minimize","","","0.170589","","","","0.00594","61","19897","","0","","","","0","","0","0","","47","results_filter_new","","","37","2","4","complete","11","","","0.226559","",""
"Huub_user_s+o","","../filters/filter.mzn","../filters/ewf_4_3.dzn","OPTIMAL_SOLUTION","0.4654852030798793","49","19","69","180","minimize","","","0.165365","","","","0.006228","77","772","","0","","","","0","","0","0","","67","results_filter_new","","","57","2","8","complete","17","","","0.017144","",""
"Huub_user_s+o","","../filters/filter.mzn","../filters/dfq_1_1.dzn","OPTIMAL_SOLUTION","0.403704053722322","11","7","18","32","minimize","","","0.166975","","","","0.004777","26","95","","0","","","","0","","0","0","","20","results_filter_new","","","14","1","3","complete","4","","","0.00366","",""
"cp-sat","","../filters/filter.mzn","../filters/fir_1_2.dzn","OPTIMAL_SOLUTION","0.7158428886905313","","0","","","minimize","","15","0.237358","","","","","33","829","","","","","","","","0","","","","results_filter_new","","","26","3","","","15","","","0.01229","32",""
"Huub_user_m+o","","../filters/filter.mzn","../filters/dfq_1_1.dzn","OPTIMAL_SOLUTION","0.6549588497728109","11","7","18","32","minimize","","","0.169211","","","","0.005701","26","95","","0","","","","0","","0","0","","20","results_filter_new","","","14","1","3","complete","4","","","0.003738","",""
"Huub_user_m+o","","../filters/filter.mzn","../filters/fir16_1_1.dzn","OPTIMAL_SOLUTION","56.02438178751618","35","237797","34","238341","minimize","","","0.168236","","","","0.006782","35","1567429","","0","","","","0","","0","0","","34","results_filter_new","","","36","6","1","complete","35","","","55.525834","",""
"cp-sat","","../filters/filter.mzn","../filters/fir_1_3.dzn","OPTIMAL_SOLUTION","0.5908290985971689","","0","","","minimize","","15","0.192346","","","","","33","776","","","","","","","","0","","","","results_filter_new","","","26","3","","","15","","","0.012342","32",""
"Huub_user_m+o","","../filters/filter.mzn","../filters/ar_1_2.dzn","OPTIMAL_SOLUTION","1.4003304168581963","33","9982","29","32278","minimize","","","0.168101","","","","0.005837","49","197210","","0","","","","0","","0","0","","37","results_filter_new","","","37","4","4","complete","18","","","0.755028","",""
"gecode","","../filters/filter.mzn","../filters/fir_1_3.dzn","OPTIMAL_SOLUTION","9.071015219204128","29","1986186","","","minimize","3","","0.168856","63","","","0.0006","33","22885407","","","","","","0","","0","","","31","results_filter_new","","","26","3","","","15","3972395","","8.50081","",""
"Huub_user_no_gen_bounds","","../filters/filter.mzn","../filters/ar_1_2.dzn","OPTIMAL_SOLUTION","1.3654096787795424","33","10028","29","33582","minimize","","","0.181289","","","","0.007005","49","205355","","0","","","","0","","0","0","","37","results_filter_new","","","37","4","4","complete","18","","","0.845528","",""
"cp-sat","","../filters/filter.mzn","../filters/fir_2_3.dzn","OPTIMAL_SOLUTION","0.9981220094487071","","16","","","minimize","","10","0.220166","","","","","48","155","","","","","","","","0","","","","results_filter_new","","","26","1","","","10","","","0.029271","58",""
"Huub_user_decomp","","../filters/filter.mzn","../filters/dfq_1_1.dzn","OPTIMAL_SOLUTION","0.7828997550532222","89","7","18","32","minimize","","","0.179278","","","","0.007329","26","607","","91","20","80","","0","","0","0","80","111","results_filter_new","","","92","1","3","complete","4","","","0.004116","",""
"Huub_user_s+o","","../filters/filter.mzn","../filters/ewf_2_1.dzn","OPTIMAL_SOLUTION","0.4396031377837062","49","5","35","110","minimize","","","0.174637","","","","0.00621","69","856","","0","","","","0","","0","0","","54","results_filter_new","","","57","2","8","complete","21","","","0.013266","",""
"Huub_user_m+s","","../filters/filter.mzn","../filters/dct_1_3.dzn","OPTIMAL_SOLUTION","66.7552177971229","67","334746","65","338625","minimize","","","0.174695","","","","0.008773","73","2260729","","0","","","","0","","0","0","","60","results_filter_new","","","75","1","8","complete","32","","","65.967727","",""
"Huub_user_m+s","","../filters/filter.mzn","../filters/fir_2_3.dzn","OPTIMAL_SOLUTION","0.8316908460110426","25","486","32","2299","minimize","","","0.171292","","","","0.006839","48","5746","","0","","","","0","","0","0","","39","results_filter_new","","","26","3","1","complete","10","","","0.052191","",""
"Huub_user_decomp","","../filters/filter.mzn","../filters/fir16_1_2.dzn","OPTIMAL_SOLUTION","0.7146079353988171","787","5794","34","16831","minimize","","","0.205167","","","","0.013752","52","1114072","","1041","241","754","","0","","0","0","754","130","results_filter_new","","","788","12","1","complete","19","","","0.260871","",""
"gecode","","../filters/filter.mzn","../filters/fir_2_3.dzn","OPTIMAL_SOLUTION","0.9405505927279592","30","28","","","minimize","1","","0.22082","48","","","0.000607","48","441","","","","","","0","","0","","","53","results_filter_new","","","26","1","","","10","75","","0.004695","",""
"Huub_user_no_gen_bounds","","../filters/filter.mzn","../filters/ewf_1_2.dzn","OPTIMAL_SOLUTION","0.6185135515406728","49","2760","35","2954","minimize","","","0.167707","","","","0.005992","51","22782","","0","","","","0","","0","0","","40","results_filter_new","","","57","1","8","complete","28","","","0.219038","",""
"chuffed","","../filters/filter.mzn","../filters/ar_2_4.dzn","OPTIMAL_SOLUTION","0.8235243558883667","1482","523","","","minimize","","","0.260654","8094","0.022","0.02","0.015","64","165821","-1299935913","","180","","63","2","523","0","","720","47","results_filter_new","3320","0.0","757","2","","","11","3937","720","0.022","8029","0.0"
"Huub_user_m+o","","../filters/filter.mzn","../filters/fir16_1_3.dzn","OPTIMAL_SOLUTION","7.28521400783211","35","63263","51","250746","minimize","","","0.163675","","","","0.007166","52","880336","","0","","","","0","","0","0","","46","results_filter_new","","","36","8","1","complete","18","","","6.887106","",""
"Huub_user_m+s","","../filters/filter.mzn","../filters/ewf_2_2.dzn","OPTIMAL_SOLUTION","1.3834312530234456","49","113","35","903","minimize","","","0.27289","","","","0.007347","77","3055","","0","","","","0","","0","0","","57","results_filter_new","","","57","3","8","complete","18","","","0.049736","",""
"Huub_user_m+s","","../filters/filter.mzn","../filters/fir_2_2.dzn","OPTIMAL_SOLUTION","0.8240386573597789","25","389","24","2436","minimize","","","0.183578","","","","0.005864","48","6778","","0","","","","0","","0","0","","39","results_filter_new","","","26","4","1","complete","11","","","0.054953","",""
"chuffed","","../filters/filter.mzn","../filters/ar_1_3.dzn","OPTIMAL_SOLUTION","0.9649291587993503","1242","496","","","minimize","","","0.210203","7874","0.03","0.02","0.014","52","277021","-1293527681","","180","","52","4","496","0","","600","41","results_filter_new","3175","0.0","637","4","","","16","3816","600","0.031","7820","0.0"
"Huub_user_m+o","","../filters/filter.mzn","../filters/dct_1_1.dzn","SATISFIED","1200.3472240678966","67","4128976","49","4220520","minimize","","","0.169098","","","","0.008248","57","43411547","","0","","","","0","","0","0","","49","results_filter_new","","","75","1","8","complete","34","","","1199.834246","",""
"Huub_user_no_gen_bounds","","../filters/filter.mzn","../filters/fir_2_3.dzn","OPTIMAL_SOLUTION","0.45781679544597864","25","529","32","2371","minimize","","","0.169205","","","","0.005573","48","6013","","0","","","","0","","0","0","","39","results_filter_new","","","26","3","1","complete","10","","","0.055338","",""
"Huub_user_diffn","","../filters/filter.mzn","../filters/fir_1_4.dzn","OPTIMAL_SOLUTION","0.49556227307766676","25","621","32","739","minimize","","","0.172535","","","","0.005557","33","6034","","0","","","","0","","0","0","","32","results_filter_new","","","26","3","1","complete","15","","","0.029895","",""
"chuffed","","../filters/filter.mzn","../filters/dct_3_3.dzn","SATISFIED","1200.7727995850146","4936","11778733","","","minimize","","","0.304782","15662","0.441","0.05","0.042","112","6023250634","-1053952148","","606","","111","1","11778733","0","","2424","83","results_filter_new","11064572","0.0","2503","1","","","14","22843417","2424","1199.691","15549","0.0"
"cp-sat","","../filters/filter.mzn","../filters/dct_1_3.dzn","OPTIMAL_SOLUTION","0.777637436054647","","5","","","minimize","","32","0.175868","","","","","73","675","","","","","","","","0","","","","results_filter_new","","","75","1","","","32","","","0.033702","64",""
"Huub_user_no_gen_bounds","","../filters/filter.mzn","../filters/dfq_1_1.dzn","OPTIMAL_SOLUTION","0.39862219989299774","11","7","18","32","minimize","","","0.16372","","","","0.004627","26","96","","0","","","","0","","0","0","","20","results_filter_new","","","14","1","3","complete","4","","","0.003626","",""
"Huub_user_m+o","","../filters/filter.mzn","../filters/ewf_2_1.dzn","OPTIMAL_SOLUTION","0.5426779640838504","49","5","35","110","minimize","","","0.191573","","","","0.007054","69","856","","0","","","","0","","0","0","","54","results_filter_new","","","57","2","8","complete","21","","","0.012886","",""
"cp-sat","","../filters/filter.mzn","../filters/dct_1_2.dzn","OPTIMAL_SOLUTION","0.7351223202422261","","13","","","minimize","","32","0.178079","","","","","73","1042","","","","","","","","0","","","","results_filter_new","","","75","1","","","32","","","0.015384","76",""
"gecode","","../filters/filter.mzn","../filters/ewf_4_3.dzn","OPTIMAL_SOLUTION","0.8422974953427911","61","16","","","minimize","2","","0.193937","77","","","0.012703","77","622","","","","","","0","","0","","","67","results_filter_new","","","57","2","","","17","106","","0.014785","",""
"cp-sat","","../filters/filter.mzn","../filters/ewf_2_2.dzn","OPTIMAL_SOLUTION","0.5232818471267819","","17","","","minimize","","18","0.173014","","","","","77","2520","","","","","","","","0","","","","results_filter_new","","","57","3","","","18","","","0.019095","85",""
"Huub_user_no_gen_bounds","","../filters/filter.mzn","../filters/dct_1_3.dzn","OPTIMAL_SOLUTION","63.85604266356677","67","333057","65","337150","minimize","","","0.277478","","","","0.008319","73","2259406","","0","","","","0","","0","0","","60","results_filter_new","","","75","1","8","complete","32","","","62.758799","",""
"Huub_user_m+o","","../filters/filter.mzn","../filters/fir_2_3.dzn","OPTIMAL_SOLUTION","0.7510064365342259","25","529","32","2371","minimize","","","0.185726","","","","0.006583","48","5874","","0","","","","0","","0","0","","39","results_filter_new","","","26","3","1","complete","10","","","0.053728","",""
"Huub_user_no_gen_bounds","","../filters/filter.mzn","../filters/fir_1_3.dzn","OPTIMAL_SOLUTION","0.4307874757796526","25","621","32","739","minimize","","","0.166671","","","","0.005414","33","5791","","0","","","","0","","0","0","","32","results_filter_new","","","26","3","1","complete","15","","","0.033891","",""
"Huub_user_diffn","","../filters/filter.mzn","../filters/dct_1_2.dzn","OPTIMAL_SOLUTION","66.4339712606743","67","332378","49","337078","minimize","","","0.185285","","","","0.010502","73","2266676","","0","","","","0","","0","0","","55","results_filter_new","","","75","1","8","complete","32","","","65.652781","",""
"Huub_user_s+o","","../filters/filter.mzn","../filters/dct_4_4.dzn","SATISFIED","1200.2256943779066","67","3165053","97","13590397","minimize","","","0.161877","","","","0.007571","105","36751968","","0","","","","0","","0","0","","87","results_filter_new","","","75","4","8","complete","10","","","1199.829829","",""
"Huub_user_diffn","","../filters/filter.mzn","../filters/dfq_1_1.dzn","OPTIMAL_SOLUTION","0.43716239370405674","11","7","18","32","minimize","","","0.176944","","","","0.004737","26","95","","0","","","","0","","0","0","","20","results_filter_new","","","14","1","3","complete","4","","","0.003638","",""
"gecode","","../filters/filter.mzn","../filters/ar_1_1.dzn","OPTIMAL_SOLUTION","1.0552256694063544","39","4","","","minimize","1","","0.196069","89","","","0.015399","33","562","","","","","","0","","0","","","28","results_filter_new","","","37","1","","","34","29","","0.025995","",""
"Huub_user_basic","","../filters/filter.mzn","../filters/ar_2_4.dzn","OPTIMAL_SOLUTION","0.7421345692127943","33","6036","45","9297","minimize","","","0.175807","","","","0.006367","61","21818","","0","","","","0","","0","0","","47","results_filter_new","","","37","2","4","complete","11","","","0.228458","",""
"Huub_user_decomp","","../filters/filter.mzn","../filters/fir16_1_3.dzn","OPTIMAL_SOLUTION","1.2528428873047233","787","8086","51","26912","minimize","","","0.226363","","","","0.015516","52","1353296","","1037","241","754","","0","","0","0","754","175","results_filter_new","","","788","8","1","complete","18","","","0.396175","",""
"Huub_user_no_gen_bounds","","../filters/filter.mzn","../filters/ar_1_1.dzn","OPTIMAL_SOLUTION","1.4627377754077315","33","6371","29","6841","minimize","","","0.286089","","","","0.006616","33","59851","","0","","","","0","","0","0","","29","results_filter_new","","","37","1","4","complete","34","","","0.335835","",""
"Huub_user_decomp","","../filters/filter.mzn","../filters/dct_1_2.dzn","OPTIMAL_SOLUTION","48.29428737424314","1521","328893","49","333227","minimize","","","0.257645","","","","0.026745","73","49052721","","1530","608","1456","","0","","0","0","1456","1585","results_filter_new","","","1529","1","8","complete","32","","","47.444617","",""
"Huub_user_s+o","","../filters/filter.mzn","../filters/dct_2_3.dzn","SATISFIED","1200.5413403417915","67","6997866","65","10272742","minimize","","","0.174765","","","","0.008846","105","52912950","","0","","","","0","","0","0","","76","results_filter_new","","","75","2","8","complete","16","","","1199.820389","",""
"Huub_user_no_gen_bounds","","../filters/filter.mzn","../filters/dct_1_1.dzn","SATISFIED","1200.257698780857","67","4046095","49","4133446","minimize","","","0.167489","","","","0.008571","57","43568795","","0","","","","0","","0","0","","49","results_filter_new","","","75","1","8","complete","34","","","1199.838686","",""
"Huub_user_decomp","","../filters/filter.mzn","../filters/fir16_1_1.dzn","OPTIMAL_SOLUTION","21.127123932354152","515","207915","34","208358","minimize","","","0.212704","","","","0.012635","35","18741349","","2892","241","482","","0","","0","0","482","516","results_filter_new","","","516","6","1","complete","35","","","20.644473","",""
"chuffed","","../filters/filter.mzn","../filters/fir16_1_1.dzn","OPTIMAL_SOLUTION","79.76271548867226","999","835934","","","minimize","","","0.245444","7424","0.005","0.02","0.012","34","686050958","-1178747589","","241","","35","1","835934","0","","482","34","results_filter_new","26685","0.0","515","1","","","35","862653","482","79.144","7387","0.0"
"cp-sat","","../filters/filter.mzn","../filters/ar_2_4.dzn","OPTIMAL_SOLUTION","0.8247875338420272","","16","","","minimize","","11","0.177852","","","","","61","506","","","","","","","","0","","","","results_filter_new","","","37","2","","","11","","","0.012104","88",""
"cp-sat","","../filters/filter.mzn","../filters/fir_1_1.dzn","OPTIMAL_SOLUTION","0.5782447503879666","","0","","","minimize","","18","0.174494","","","","","25","110","","","","","","","","0","","","","results_filter_new","","","26","1","","","18","","","0.007274","23",""
"Huub_user_s+o","","../filters/filter.mzn","../filters/dct_3_3.dzn","SATISFIED","1200.2585138175637","67","3360402","97","13056224","minimize","","","0.16533","","","","0.0076","105","49797568","","0","","","","0","","0","0","","83","results_filter_new","","","75","3","8","complete","14","","","1199.828852","",""
"Huub_user_diffn","","../filters/filter.mzn","../filters/dct_2_2.dzn","SATISFIED","1201.6374979168177","67","","49","","minimize","","","0.170554","","","","0.009952","105","","","","","","","","","0","0","","","results_filter_new","","","75","5","8","init","18","","","","",""
"Huub_user_s+o","","../filters/filter.mzn","../filters/dfq_1_2.dzn","OPTIMAL_SOLUTION","0.4105850709602237","11","14","18","44","minimize","","","0.166094","","","","0.004755","26","134","","0","","","","0","","0","0","","20","results_filter_new","","","14","1","3","complete","6","","","0.003846","",""
"cp-sat","","../filters/filter.mzn","../filters/dct_3_3.dzn","SATISFIED","1200.66596963536","","54","","","minimize","","7","0.178956","","","","","105","567","","","","","","","","0","","","","results_filter_new","","","75","1","","","14","","","0.031998","136",""
"Huub_user_basic","","../filters/filter.mzn","../filters/dct_3_4.dzn","SATISFIED","1200.2351214122027","67","3996840","97","15122810","minimize","","","0.168072","","","","0.008246","105","46701991","","0","","","","0","","0","0","","83","results_filter_new","","","75","3","8","complete","11","","","1199.821456","",""
"Huub_user_diffn","","../filters/filter.mzn","../filters/fir_2_3.dzn","OPTIMAL_SOLUTION","0.4824385056272149","25","529","32","2371","minimize","","","0.181323","","","","0.00571","48","5874","","0","","","","0","","0","0","","39","results_filter_new","","","26","3","1","complete","10","","","0.054362","",""
"chuffed","","../filters/filter.mzn","../filters/dct_1_3.dzn","SATISFIED","1200.3801991706714","2992","18843725","","","minimize","","","0.277264","14438","0.019","0.05","0.029","80","7457773531","1455496111","","606","","80","1","18843725","0","","1452","61","results_filter_new","584579","0.0","1531","1","","","32","19428394","1452","1199.72","14356","0.0"
"gecode","","../filters/filter.mzn","../filters/dfq_1_2.dzn","OPTIMAL_SOLUTION","0.39454504009336233","18","3","","","minimize","1","","0.167725","26","","","0.000481","26","90","","","","","","0","","0","","","19","results_filter_new","","","14","1","","","6","20","","0.003873","",""
"Huub_user_basic","","../filters/filter.mzn","../filters/fir_2_2.dzn","OPTIMAL_SOLUTION","0.4573140200227499","25","389","24","2436","minimize","","","0.167766","","","","0.005642","48","6778","","0","","","","0","","0","0","","39","results_filter_new","","","26","4","1","complete","11","","","0.053072","",""
"Huub_user_s+o","","../filters/filter.mzn","../filters/fir_2_2.dzn","OPTIMAL_SOLUTION","0.8309480780735612","25","363","24","2199","minimize","","","0.175741","","","","0.006617","48","6068","","0","","","","0","","0","0","","39","results_filter_new","","","26","3","1","complete","11","","","0.049329","",""
